raw_smiles,is_valid,canonical_smiles,isomeric_smiles,failure_reasons,chemically_sane,sanity_reasons,formal_charge,heavy_atoms,is_neutral,is_single_component,has_LA,has_LB,LA_types,LB_types,excluded_LB_types,negative_flags,flp_tier,min_LA_LB_bonds,is_strict_flp_like,review_reason,review_id,decision,in_old_train
CC(C)(C)C=[C](PC([Si](C)(C)C)[Si](C)(C)C)[Al]([CH]([Si](C)(C)C)[Si](C)(C)C)[CH]([Si](C)(C)C)[Si](C)(C)C,True,CC(C)(C)C=[C](PC([Si](C)(C)C)[Si](C)(C)C)[Al]([CH]([Si](C)(C)C)[Si](C)(C)C)[CH]([Si](C)(C)C)[Si](C)(C)C,CC(C)(C)C=[C](PC([Si](C)(C)C)[Si](C)(C)C)[Al]([CH]([Si](C)(C)C)[Si](C)(C)C)[CH]([Si](C)(C)C)[Si](C)(C)C,[],True,[],0,35,True,True,False,True,[],['LB_phosphine'],[],[],LB_only,,False,no_LA,R007,discard,False
Cc1cc(C)c(P[C](=CC(C)(C)C)[Al]([CH]([Si](C)(C)C)[Si](C)(C)C)[CH]([Si](C)(C)C)[Si](C)(C)C)c(C)c1,True,Cc1cc(C)c(P[C](=CC(C)(C)C)[Al]([CH]([Si](C)(C)C)[Si](C)(C)C)[CH]([Si](C)(C)C)[Si](C)(C)C)c(C)c1,Cc1cc(C)c(P[C](=CC(C)(C)C)[Al]([CH]([Si](C)(C)C)[Si](C)(C)C)[CH]([Si](C)(C)C)[Si](C)(C)C)c(C)c1,[],True,[],0,35,True,True,False,True,[],['LB_phosphine'],[],[],LB_only,,False,no_LA,R008,discard,False
C[Si](C)(Cl)N1CCCN2CCCN=C21,True,C[Si](C)(Cl)N1CCCN2CCCN=C21,C[Si](C)(Cl)N1CCCN2CCCN=C21,[],True,[],0,14,True,True,False,True,[],['LB_amine'],[],[],LB_only,,False,no_LA,R022,discard,False
CC(C)(C)P(C[Si](c1c(F)c(F)c(F)c(F)c1F)(c1c(F)c(F)c(F)c(F)c1F)c1c(F)c(F)c(F)c(F)c1F)C(C)(C)C,True,CC(C)(C)P(C[Si](c1c(F)c(F)c(F)c(F)c1F)(c1c(F)c(F)c(F)c(F)c1F)c1c(F)c(F)c(F)c(F)c1F)C(C)(C)C,CC(C)(C)P(C[Si](c1c(F)c(F)c(F)c(F)c1F)(c1c(F)c(F)c(F)c(F)c1F)c1c(F)c(F)c(F)c(F)c1F)C(C)(C)C,[],True,[],0,44,True,True,False,True,[],['LB_phosphine'],[],[],LB_only,,False,no_LA,R023,discard,False
CC(C)(C)P(C[Si](c1c(Cl)c(Cl)c(Cl)c(Cl)c1Cl)(c1c(Cl)c(Cl)c(Cl)c(Cl)c1Cl)c1c(Cl)c(Cl)c(Cl)c(Cl)c1Cl)C(C)(C)C,True,CC(C)(C)P(C[Si](c1c(Cl)c(Cl)c(Cl)c(Cl)c1Cl)(c1c(Cl)c(Cl)c(Cl)c(Cl)c1Cl)c1c(Cl)c(Cl)c(Cl)c(Cl)c1Cl)C(C)(C)C,CC(C)(C)P(C[Si](c1c(Cl)c(Cl)c(Cl)c(Cl)c1Cl)(c1c(Cl)c(Cl)c(Cl)c(Cl)c1Cl)c1c(Cl)c(Cl)c(Cl)c(Cl)c1Cl)C(C)(C)C,[],True,[],0,44,True,True,False,True,[],['LB_phosphine'],[],[],LB_only,,False,no_LA,R024,discard,False
CC(C)(C)P(C[Si](F)(F)F)C(C)(C)C,True,CC(C)(C)P(C[Si](F)(F)F)C(C)(C)C,CC(C)(C)P(C[Si](F)(F)F)C(C)(C)C,[],True,[],0,14,True,True,False,True,[],['LB_phosphine'],[],[],LB_only,,False,no_LA,R025,discard,False
CC(C)(C)P(C[Si](Cl)(Cl)Cl)C(C)(C)C,True,CC(C)(C)P(C[Si](Cl)(Cl)Cl)C(C)(C)C,CC(C)(C)P(C[Si](Cl)(Cl)Cl)C(C)(C)C,[],True,[],0,14,True,True,False,True,[],['LB_phosphine'],[],[],LB_only,,False,no_LA,R026,discard,False
CC(c1ccc(Br)cc1)(c1ccn(C(C)(C)C)c1)c1ccn(C(C)(C)C)c1,True,CC(c1ccc(Br)cc1)(c1ccn(C(C)(C)C)c1)c1ccn(C(C)(C)C)c1,CC(c1ccc(Br)cc1)(c1ccn(C(C)(C)C)c1)c1ccn(C(C)(C)C)c1,[],True,[],0,27,True,True,False,True,[],['LB_aromatic_N'],[],[],LB_only,,False,no_LA,R027,discard,True
Cc1cc(C)c(P(OB(c2c(F)c(F)c(F)c(F)c2F)c2c(F)c(F)c(F)c(F)c2F)c2c(C)cc(C)cc2C)c(C)c1,True,Cc1cc(C)c(P(OB(c2c(F)c(F)c(F)c(F)c2F)c2c(F)c(F)c(F)c(F)c2F)c2c(C)cc(C)cc2C)c(C)c1,Cc1cc(C)c(P(OB(c2c(F)c(F)c(F)c(F)c2F)c2c(F)c(F)c(F)c(F)c2F)c2c(C)cc(C)cc2C)c(C)c1,[],True,[],0,43,True,True,True,False,"['LA_B_aryl', 'LA_B_diaryl', 'LA_B_polyhalogenated_aryl', 'LA_B_tricoordinate']",[],['LB_other_P'],[],LA_only,,False,no_LB,R028,discard,True
Cc1cc(C)c(P(OB(c2c(Cl)c(Cl)c(Cl)c(Cl)c2Cl)c2c(Cl)c(Cl)c(Cl)c(Cl)c2Cl)c2c(C)cc(C)cc2C)c(C)c1,True,Cc1cc(C)c(P(OB(c2c(Cl)c(Cl)c(Cl)c(Cl)c2Cl)c2c(Cl)c(Cl)c(Cl)c(Cl)c2Cl)c2c(C)cc(C)cc2C)c(C)c1,Cc1cc(C)c(P(OB(c2c(Cl)c(Cl)c(Cl)c(Cl)c2Cl)c2c(Cl)c(Cl)c(Cl)c(Cl)c2Cl)c2c(C)cc(C)cc2C)c(C)c1,[],True,[],0,43,True,True,True,False,"['LA_B_aryl', 'LA_B_diaryl', 'LA_B_polyhalogenated_aryl', 'LA_B_tricoordinate']",[],['LB_other_P'],[],LA_only,,False,no_LB,R029,discard,True
Fc1c(F)c(F)c(B(OP(c2ccccc2)c2ccccc2)c2c(F)c(F)c(F)c(F)c2F)c(F)c1F,True,Fc1c(F)c(F)c(B(OP(c2ccccc2)c2ccccc2)c2c(F)c(F)c(F)c(F)c2F)c(F)c1F,Fc1c(F)c(F)c(B(OP(c2ccccc2)c2ccccc2)c2c(F)c(F)c(F)c(F)c2F)c(F)c1F,[],True,[],0,37,True,True,True,False,"['LA_B_aryl', 'LA_B_diaryl', 'LA_B_polyhalogenated_aryl', 'LA_B_tricoordinate']",[],['LB_other_P'],[],LA_only,,False,no_LB,R030,discard,True
Clc1c(Cl)c(Cl)c(B(OP(c2ccccc2)c2ccccc2)c2c(Cl)c(Cl)c(Cl)c(Cl)c2Cl)c(Cl)c1Cl,True,Clc1c(Cl)c(Cl)c(B(OP(c2ccccc2)c2ccccc2)c2c(Cl)c(Cl)c(Cl)c(Cl)c2Cl)c(Cl)c1Cl,Clc1c(Cl)c(Cl)c(B(OP(c2ccccc2)c2ccccc2)c2c(Cl)c(Cl)c(Cl)c(Cl)c2Cl)c(Cl)c1Cl,[],True,[],0,37,True,True,True,False,"['LA_B_aryl', 'LA_B_diaryl', 'LA_B_polyhalogenated_aryl', 'LA_B_tricoordinate']",[],['LB_other_P'],[],LA_only,,False,no_LB,R031,discard,False
Cc1ccc(SC(=CC(C)(C)C)B(c2c(F)c(F)c(F)c(F)c2F)c2c(F)c(F)c(F)c(F)c2F)cc1,True,Cc1ccc(SC(=CC(C)(C)C)B(c2c(F)c(F)c(F)c(F)c2F)c2c(F)c(F)c(F)c(F)c2F)cc1,Cc1ccc(SC(=CC(C)(C)C)B(c2c(F)c(F)c(F)c(F)c2F)c2c(F)c(F)c(F)c(F)c2F)cc1,[],True,[],0,37,True,True,True,False,"['LA_B_aryl', 'LA_B_diaryl', 'LA_B_polyhalogenated_aryl', 'LA_B_tricoordinate']",[],[],[],LA_only,,False,no_LB,R032,discard,True
Cc1ccc(SC(=CC(C)(C)C)B(c2c(Cl)c(Cl)c(Cl)c(Cl)c2Cl)c2c(Cl)c(Cl)c(Cl)c(Cl)c2Cl)cc1,True,Cc1ccc(SC(=CC(C)(C)C)B(c2c(Cl)c(Cl)c(Cl)c(Cl)c2Cl)c2c(Cl)c(Cl)c(Cl)c(Cl)c2Cl)cc1,Cc1ccc(SC(=CC(C)(C)C)B(c2c(Cl)c(Cl)c(Cl)c(Cl)c2Cl)c2c(Cl)c(Cl)c(Cl)c(Cl)c2Cl)cc1,[],True,[],0,37,True,True,True,False,"['LA_B_aryl', 'LA_B_diaryl', 'LA_B_polyhalogenated_aryl', 'LA_B_tricoordinate']",[],[],[],LA_only,,False,no_LB,R033,discard,True
Bc1c(F)c(F)c(F)c(F)c1F,True,Bc1c(F)c(F)c(F)c(F)c1F,Bc1c(F)c(F)c(F)c(F)c1F,[],True,[],0,12,True,True,False,False,[],[],[],[],no_LA_LB,,False,no_LA_or_LB,R034,discard,True
Bc1c(Cl)c(Cl)c(Cl)c(Cl)c1Cl,True,Bc1c(Cl)c(Cl)c(Cl)c(Cl)c1Cl,Bc1c(Cl)c(Cl)c(Cl)c(Cl)c1Cl,[],True,[],0,12,True,True,False,False,[],[],[],[],no_LA_LB,,False,no_LA_or_LB,R035,discard,True
CB1N2C(=CN3CCC(C)(C)N=C32)CCC1(C)C,True,CB1N2C(=CN3CCC(C)(C)N=C32)CCC1(C)C,CB1N2C(=CN3CCC(C)(C)N=C32)CCC1(C)C,[],True,[],0,18,True,True,True,True,['LA_B_tricoordinate'],['LB_amine'],[],['direct_B_N_bond'],LA_LB_with_negative_flags,1.0,False,direct_B_N_bond,R058,discard,True
C1CC2CCCC(C1)B2N1CCCN2CCCN=C21,True,C1CC2CCCC(C1)B2N1CCCN2CCCN=C21,C1CC2CCCC(C1)B2N1CCCN2CCCN=C21,[],True,[],0,19,True,True,True,True,['LA_B_tricoordinate'],['LB_amine'],[],['direct_B_N_bond'],LA_LB_with_negative_flags,1.0,False,direct_B_N_bond,R059,discard,False
C1CCC(B(C2CCCCC2)N2CCCN3CCCN=C32)CC1,True,C1CCC(B(C2CCCCC2)N2CCCN3CCCN=C32)CC1,C1CCC(B(C2CCCCC2)N2CCCN3CCCN=C32)CC1,[],True,[],0,23,True,True,True,True,['LA_B_tricoordinate'],['LB_amine'],[],['direct_B_N_bond'],LA_LB_with_negative_flags,1.0,False,direct_B_N_bond,R060,discard,False
CC(C)N(B(N(C(C)C)C(C)C)P(C(C)(C)C)C(C)(C)C)C(C)C,True,CC(C)N(B(N(C(C)C)C(C)C)P(C(C)(C)C)C(C)(C)C)C(C)C,CC(C)N(B(N(C(C)C)C(C)C)P(C(C)(C)C)C(C)(C)C)C(C)C,[],True,[],0,24,True,True,True,True,['LA_B_tricoordinate'],"['LB_amine', 'LB_phosphine']",[],"['direct_B_N_bond', 'direct_B_P_bond']",LA_LB_with_negative_flags,1.0,False,"direct_B_N_bond, direct_B_P_bond",R061,discard,False
CC(C)OP(=O)(C=[C](c1ccccc1)[Ge]([c]1ccccc1)([c]1ccccc1)[c]1ccccc1)OC(C)C,True,CC(C)OP(=O)(C=[C](c1ccccc1)[Ge]([c]1ccccc1)([c]1ccccc1)[c]1ccccc1)OC(C)C,CC(C)OP(=O)(C=[C](c1ccccc1)[Ge]([c]1ccccc1)([c]1ccccc1)[c]1ccccc1)OC(C)C,[],True,[],0,37,True,True,False,False,[],[],['LB_P_chalcogenide'],['phosphine_oxide_or_sulfide'],no_LA_LB,,False,phosphine_oxide_or_sulfide,R072,discard,False
