smiles,canonical_smiles,curation_status
Cc1cc(C)c(P(c2c(C)cc(C)cc2C)c2c(F)c(F)c(B(c3c(F)c(F)c(F)c(F)c3F)c3c(F)c(F)c(F)c(F)c3F)c(F)c2F)c(C)c1,Cc1cc(C)c(P(c2c(C)cc(C)cc2C)c2c(F)c(F)c(B(c3c(F)c(F)c(F)c(F)c3F)c3c(F)c(F)c(F)c(F)c3F)c(F)c2F)c(C)c1,keep
Cc1cc(C)c(P(c2c(C)cc(C)cc2C)c2c(F)c(F)c(B(c3c(Cl)c(Cl)c(Cl)c(Cl)c3Cl)c3c(Cl)c(Cl)c(Cl)c(Cl)c3Cl)c(F)c2F)c(C)c1,Cc1cc(C)c(P(c2c(C)cc(C)cc2C)c2c(F)c(F)c(B(c3c(Cl)c(Cl)c(Cl)c(Cl)c3Cl)c3c(Cl)c(Cl)c(Cl)c(Cl)c3Cl)c(F)c2F)c(C)c1,keep
Fc1c(F)c(F)c(B(c2c(F)c(F)c(F)c(F)c2F)c2c(F)c(F)c(P(c3ccccc3)c3ccccc3)c(F)c2F)c(F)c1F,Fc1c(F)c(F)c(B(c2c(F)c(F)c(F)c(F)c2F)c2c(F)c(F)c(P(c3ccccc3)c3ccccc3)c(F)c2F)c(F)c1F,keep
Fc1c(F)c(P(c2ccccc2)c2ccccc2)c(F)c(F)c1B(c1c(Cl)c(Cl)c(Cl)c(Cl)c1Cl)c1c(Cl)c(Cl)c(Cl)c(Cl)c1Cl,Fc1c(F)c(P(c2ccccc2)c2ccccc2)c(F)c(F)c1B(c1c(Cl)c(Cl)c(Cl)c(Cl)c1Cl)c1c(Cl)c(Cl)c(Cl)c(Cl)c1Cl,keep
CC(C)(C)[P+]1(C(C)(C)C)CCCC1C[B-](c1c(F)c(F)c(F)c(F)c1F)(c1c(F)c(F)c(F)c(F)c1F)c1c(F)c(F)c(F)c(F)c1F,CC(C)(C)[P+]1(C(C)(C)C)CCCC1C[B-](c1c(F)c(F)c(F)c(F)c1F)(c1c(F)c(F)c(F)c(F)c1F)c1c(F)c(F)c(F)c(F)c1F,keep
CC(C)(C)[P+]1(C(C)(C)C)CCCC1C[B-](c1c(Cl)c(Cl)c(Cl)c(Cl)c1Cl)(c1c(Cl)c(Cl)c(Cl)c(Cl)c1Cl)c1c(Cl)c(Cl)c(Cl)c(Cl)c1Cl,CC(C)(C)[P+]1(C(C)(C)C)CCCC1C[B-](c1c(Cl)c(Cl)c(Cl)c(Cl)c1Cl)(c1c(Cl)c(Cl)c(Cl)c(Cl)c1Cl)c1c(Cl)c(Cl)c(Cl)c(Cl)c1Cl,keep
Cc1cc(C)c([P+]2(c3c(C)cc(C)cc3C)CCC[B-]2(c2c(F)c(F)c(F)c(F)c2F)c2c(F)c(F)c(F)c(F)c2F)c(C)c1,Cc1cc(C)c([P+]2(c3c(C)cc(C)cc3C)CCC[B-]2(c2c(F)c(F)c(F)c(F)c2F)c2c(F)c(F)c(F)c(F)c2F)c(C)c1,keep
Cc1cc(C)c([P+]2(c3c(C)cc(C)cc3C)CCC[B-]2(c2c(Cl)c(Cl)c(Cl)c(Cl)c2Cl)c2c(Cl)c(Cl)c(Cl)c(Cl)c2Cl)c(C)c1,Cc1cc(C)c([P+]2(c3c(C)cc(C)cc3C)CCC[B-]2(c2c(Cl)c(Cl)c(Cl)c(Cl)c2Cl)c2c(Cl)c(Cl)c(Cl)c(Cl)c2Cl)c(C)c1,keep
Fc1c(F)c(F)c([B-]2(c3c(F)c(F)c(F)c(F)c3F)CCC[P+]2(c2ccccc2)c2ccccc2)c(F)c1F,Fc1c(F)c(F)c([B-]2(c3c(F)c(F)c(F)c(F)c3F)CCC[P+]2(c2ccccc2)c2ccccc2)c(F)c1F,keep
Clc1c(Cl)c(Cl)c([B-]2(c3c(Cl)c(Cl)c(Cl)c(Cl)c3Cl)CCC[P+]2(c2ccccc2)c2ccccc2)c(Cl)c1Cl,Clc1c(Cl)c(Cl)c([B-]2(c3c(Cl)c(Cl)c(Cl)c(Cl)c3Cl)CCC[P+]2(c2ccccc2)c2ccccc2)c(Cl)c1Cl,keep
Cc1cc(C)c([P+]2(c3c(C)cc(C)cc3C)C(C)C[B-]2(c2c(F)c(F)c(F)c(F)c2F)c2c(F)c(F)c(F)c(F)c2F)c(C)c1,Cc1cc(C)c([P+]2(c3c(C)cc(C)cc3C)C(C)C[B-]2(c2c(F)c(F)c(F)c(F)c2F)c2c(F)c(F)c(F)c(F)c2F)c(C)c1,keep
Cc1cc(C)c([P+]2(c3c(C)cc(C)cc3C)C(C)C[B-]2(c2c(Cl)c(Cl)c(Cl)c(Cl)c2Cl)c2c(Cl)c(Cl)c(Cl)c(Cl)c2Cl)c(C)c1,Cc1cc(C)c([P+]2(c3c(C)cc(C)cc3C)C(C)C[B-]2(c2c(Cl)c(Cl)c(Cl)c(Cl)c2Cl)c2c(Cl)c(Cl)c(Cl)c(Cl)c2Cl)c(C)c1,keep
CC1C[B-](c2c(F)c(F)c(F)c(F)c2F)(c2c(F)c(F)c(F)c(F)c2F)[P+]1(c1ccccc1)c1ccccc1,CC1C[B-](c2c(F)c(F)c(F)c(F)c2F)(c2c(F)c(F)c(F)c(F)c2F)[P+]1(c1ccccc1)c1ccccc1,keep
CC1C[B-](c2c(Cl)c(Cl)c(Cl)c(Cl)c2Cl)(c2c(Cl)c(Cl)c(Cl)c(Cl)c2Cl)[P+]1(c1ccccc1)c1ccccc1,CC1C[B-](c2c(Cl)c(Cl)c(Cl)c(Cl)c2Cl)(c2c(Cl)c(Cl)c(Cl)c(Cl)c2Cl)[P+]1(c1ccccc1)c1ccccc1,keep
Cc1cc(C)c([P+]2(c3c(C)cc(C)cc3C)C(c3ccccc3)C[B-]2(c2c(F)c(F)c(F)c(F)c2F)c2c(F)c(F)c(F)c(F)c2F)c(C)c1,Cc1cc(C)c([P+]2(c3c(C)cc(C)cc3C)C(c3ccccc3)C[B-]2(c2c(F)c(F)c(F)c(F)c2F)c2c(F)c(F)c(F)c(F)c2F)c(C)c1,keep
Cc1cc(C)c([P+]2(c3c(C)cc(C)cc3C)C(c3ccccc3)C[B-]2(c2c(Cl)c(Cl)c(Cl)c(Cl)c2Cl)c2c(Cl)c(Cl)c(Cl)c(Cl)c2Cl)c(C)c1,Cc1cc(C)c([P+]2(c3c(C)cc(C)cc3C)C(c3ccccc3)C[B-]2(c2c(Cl)c(Cl)c(Cl)c(Cl)c2Cl)c2c(Cl)c(Cl)c(Cl)c(Cl)c2Cl)c(C)c1,keep
Fc1c(F)c(F)c([B-]2(c3c(F)c(F)c(F)c(F)c3F)CC(c3ccccc3)[P+]2(c2ccccc2)c2ccccc2)c(F)c1F,Fc1c(F)c(F)c([B-]2(c3c(F)c(F)c(F)c(F)c3F)CC(c3ccccc3)[P+]2(c2ccccc2)c2ccccc2)c(F)c1F,keep
Clc1c(Cl)c(Cl)c([B-]2(c3c(Cl)c(Cl)c(Cl)c(Cl)c3Cl)CC(c3ccccc3)[P+]2(c2ccccc2)c2ccccc2)c(Cl)c1Cl,Clc1c(Cl)c(Cl)c([B-]2(c3c(Cl)c(Cl)c(Cl)c(Cl)c3Cl)CC(c3ccccc3)[P+]2(c2ccccc2)c2ccccc2)c(Cl)c1Cl,keep
Cc1cc(C)c(C2C[B-](c3c(F)c(F)c(F)c(F)c3F)(c3c(F)c(F)c(F)c(F)c3F)[P+]2(c2c(C)cc(C)cc2C)c2c(C)cc(C)cc2C)c(C)c1,Cc1cc(C)c(C2C[B-](c3c(F)c(F)c(F)c(F)c3F)(c3c(F)c(F)c(F)c(F)c3F)[P+]2(c2c(C)cc(C)cc2C)c2c(C)cc(C)cc2C)c(C)c1,keep
Cc1cc(C)c(C2C[B-](c3c(Cl)c(Cl)c(Cl)c(Cl)c3Cl)(c3c(Cl)c(Cl)c(Cl)c(Cl)c3Cl)[P+]2(c2c(C)cc(C)cc2C)c2c(C)cc(C)cc2C)c(C)c1,Cc1cc(C)c(C2C[B-](c3c(Cl)c(Cl)c(Cl)c(Cl)c3Cl)(c3c(Cl)c(Cl)c(Cl)c(Cl)c3Cl)[P+]2(c2c(C)cc(C)cc2C)c2c(C)cc(C)cc2C)c(C)c1,keep
Cc1cc(C)c([P+]2(c3c(C)cc(C)cc3C)CC([Si](C)(C)C)[B-]2(c2c(F)c(F)c(F)c(F)c2F)c2c(F)c(F)c(F)c(F)c2F)c(C)c1,Cc1cc(C)c([P+]2(c3c(C)cc(C)cc3C)CC([Si](C)(C)C)[B-]2(c2c(F)c(F)c(F)c(F)c2F)c2c(F)c(F)c(F)c(F)c2F)c(C)c1,keep
Cc1cc(C)c([P+]2(c3c(C)cc(C)cc3C)CC([Si](C)(C)C)[B-]2(c2c(Cl)c(Cl)c(Cl)c(Cl)c2Cl)c2c(Cl)c(Cl)c(Cl)c(Cl)c2Cl)c(C)c1,Cc1cc(C)c([P+]2(c3c(C)cc(C)cc3C)CC([Si](C)(C)C)[B-]2(c2c(Cl)c(Cl)c(Cl)c(Cl)c2Cl)c2c(Cl)c(Cl)c(Cl)c(Cl)c2Cl)c(C)c1,keep
C[Si](C)(C)C1C[P+](c2ccccc2)(c2ccccc2)[B-]1(c1c(F)c(F)c(F)c(F)c1F)c1c(F)c(F)c(F)c(F)c1F,C[Si](C)(C)C1C[P+](c2ccccc2)(c2ccccc2)[B-]1(c1c(F)c(F)c(F)c(F)c1F)c1c(F)c(F)c(F)c(F)c1F,keep
C[Si](C)(C)C1C[P+](c2ccccc2)(c2ccccc2)[B-]1(c1c(Cl)c(Cl)c(Cl)c(Cl)c1Cl)c1c(Cl)c(Cl)c(Cl)c(Cl)c1Cl,C[Si](C)(C)C1C[P+](c2ccccc2)(c2ccccc2)[B-]1(c1c(Cl)c(Cl)c(Cl)c(Cl)c1Cl)c1c(Cl)c(Cl)c(Cl)c(Cl)c1Cl,keep
CC1CCC(C)P1B(C(F)(F)F)C(F)(F)F,CC1CCC(C)P1B(C(F)(F)F)C(F)(F)F,keep
Fc1c(F)c(F)c(B(c2c(F)c(F)c(F)c(F)c2F)P(C2CCCCC2)C2CCCCC2)c(F)c1F,Fc1c(F)c(F)c(B(c2c(F)c(F)c(F)c(F)c2F)P(C2CCCCC2)C2CCCCC2)c(F)c1F,keep
Clc1c(Cl)c(Cl)c(B(c2c(Cl)c(Cl)c(Cl)c(Cl)c2Cl)P(C2CCCCC2)C2CCCCC2)c(Cl)c1Cl,Clc1c(Cl)c(Cl)c(B(c2c(Cl)c(Cl)c(Cl)c(Cl)c2Cl)P(C2CCCCC2)C2CCCCC2)c(Cl)c1Cl,keep
CC(C)(C)P(B(c1c(F)c(F)c(F)c(F)c1F)c1c(F)c(F)c(F)c(F)c1F)C(C)(C)C,CC(C)(C)P(B(c1c(F)c(F)c(F)c(F)c1F)c1c(F)c(F)c(F)c(F)c1F)C(C)(C)C,keep
CC(C)(C)P(B(c1c(Cl)c(Cl)c(Cl)c(Cl)c1Cl)c1c(Cl)c(Cl)c(Cl)c(Cl)c1Cl)C(C)(C)C,CC(C)(C)P(B(c1c(Cl)c(Cl)c(Cl)c(Cl)c1Cl)c1c(Cl)c(Cl)c(Cl)c(Cl)c1Cl)C(C)(C)C,keep
Cc1cc(C)c(P(c2c(C)cc(C)cc2C)C2CCCCC2B(c2c(F)c(F)c(F)c(F)c2F)c2c(F)c(F)c(F)c(F)c2F)c(C)c1,Cc1cc(C)c(P(c2c(C)cc(C)cc2C)C2CCCCC2B(c2c(F)c(F)c(F)c(F)c2F)c2c(F)c(F)c(F)c(F)c2F)c(C)c1,keep
Cc1cc(C)c(P(c2c(C)cc(C)cc2C)C2CCCCC2B(c2c(Cl)c(Cl)c(Cl)c(Cl)c2Cl)c2c(Cl)c(Cl)c(Cl)c(Cl)c2Cl)c(C)c1,Cc1cc(C)c(P(c2c(C)cc(C)cc2C)C2CCCCC2B(c2c(Cl)c(Cl)c(Cl)c(Cl)c2Cl)c2c(Cl)c(Cl)c(Cl)c(Cl)c2Cl)c(C)c1,keep
Fc1c(F)c(F)c(B(c2c(F)c(F)c(F)c(F)c2F)C2CCCCC2P(c2ccccc2)c2ccccc2)c(F)c1F,Fc1c(F)c(F)c(B(c2c(F)c(F)c(F)c(F)c2F)C2CCCCC2P(c2ccccc2)c2ccccc2)c(F)c1F,keep
Clc1c(Cl)c(Cl)c(B(c2c(Cl)c(Cl)c(Cl)c(Cl)c2Cl)C2CCCCC2P(c2ccccc2)c2ccccc2)c(Cl)c1Cl,Clc1c(Cl)c(Cl)c(B(c2c(Cl)c(Cl)c(Cl)c(Cl)c2Cl)C2CCCCC2P(c2ccccc2)c2ccccc2)c(Cl)c1Cl,keep
Cc1cc(C)c(P(c2c(C)cc(C)cc2C)C2C3CCC(C3)C2B(c2c(F)c(F)c(F)c(F)c2F)c2c(F)c(F)c(F)c(F)c2F)c(C)c1,Cc1cc(C)c(P(c2c(C)cc(C)cc2C)C2C3CCC(C3)C2B(c2c(F)c(F)c(F)c(F)c2F)c2c(F)c(F)c(F)c(F)c2F)c(C)c1,keep
Cc1cc(C)c(P(c2c(C)cc(C)cc2C)C2C3CCC(C3)C2B(c2c(Cl)c(Cl)c(Cl)c(Cl)c2Cl)c2c(Cl)c(Cl)c(Cl)c(Cl)c2Cl)c(C)c1,Cc1cc(C)c(P(c2c(C)cc(C)cc2C)C2C3CCC(C3)C2B(c2c(Cl)c(Cl)c(Cl)c(Cl)c2Cl)c2c(Cl)c(Cl)c(Cl)c(Cl)c2Cl)c(C)c1,keep
Fc1c(F)c(F)c(B(c2c(F)c(F)c(F)c(F)c2F)C2C3CCC(C3)C2P(c2ccccc2)c2ccccc2)c(F)c1F,Fc1c(F)c(F)c(B(c2c(F)c(F)c(F)c(F)c2F)C2C3CCC(C3)C2P(c2ccccc2)c2ccccc2)c(F)c1F,keep
Clc1c(Cl)c(Cl)c(B(c2c(Cl)c(Cl)c(Cl)c(Cl)c2Cl)C2C3CCC(C3)C2P(c2ccccc2)c2ccccc2)c(Cl)c1Cl,Clc1c(Cl)c(Cl)c(B(c2c(Cl)c(Cl)c(Cl)c(Cl)c2Cl)C2C3CCC(C3)C2P(c2ccccc2)c2ccccc2)c(Cl)c1Cl,keep
Cc1ccc(C(=C(B(c2c(F)c(F)c(F)c(F)c2F)c2c(F)c(F)c(F)c(F)c2F)c2c(F)c(F)c(F)c(F)c2F)P(c2ccccc2)c2ccccc2)cc1,Cc1ccc(C(=C(B(c2c(F)c(F)c(F)c(F)c2F)c2c(F)c(F)c(F)c(F)c2F)c2c(F)c(F)c(F)c(F)c2F)P(c2ccccc2)c2ccccc2)cc1,keep
Cc1ccc(C(=C(B(c2c(Cl)c(Cl)c(Cl)c(Cl)c2Cl)c2c(Cl)c(Cl)c(Cl)c(Cl)c2Cl)c2c(Cl)c(Cl)c(Cl)c(Cl)c2Cl)P(c2ccccc2)c2ccccc2)cc1,Cc1ccc(C(=C(B(c2c(Cl)c(Cl)c(Cl)c(Cl)c2Cl)c2c(Cl)c(Cl)c(Cl)c(Cl)c2Cl)c2c(Cl)c(Cl)c(Cl)c(Cl)c2Cl)P(c2ccccc2)c2ccccc2)cc1,keep
Cc1ccc(C(=C(B(c2c(F)c(F)c(F)c(F)c2F)c2c(F)c(F)c(F)c(F)c2F)c2c(F)c(F)c(F)c(F)c2F)P(c2c(C)cc(C)cc2C)c2c(C)cc(C)cc2C)cc1,Cc1ccc(C(=C(B(c2c(F)c(F)c(F)c(F)c2F)c2c(F)c(F)c(F)c(F)c2F)c2c(F)c(F)c(F)c(F)c2F)P(c2c(C)cc(C)cc2C)c2c(C)cc(C)cc2C)cc1,keep
Cc1ccc(C(=C(B(c2c(Cl)c(Cl)c(Cl)c(Cl)c2Cl)c2c(Cl)c(Cl)c(Cl)c(Cl)c2Cl)c2c(Cl)c(Cl)c(Cl)c(Cl)c2Cl)P(c2c(C)cc(C)cc2C)c2c(C)cc(C)cc2C)cc1,Cc1ccc(C(=C(B(c2c(Cl)c(Cl)c(Cl)c(Cl)c2Cl)c2c(Cl)c(Cl)c(Cl)c(Cl)c2Cl)c2c(Cl)c(Cl)c(Cl)c(Cl)c2Cl)P(c2c(C)cc(C)cc2C)c2c(C)cc(C)cc2C)cc1,keep
CC(B(c1c(F)c(F)c(F)c(F)c1F)c1c(F)c(F)c(F)c(F)c1F)=C(c1ccc(C)cc1)P(c1ccccc1)c1ccccc1,CC(B(c1c(F)c(F)c(F)c(F)c1F)c1c(F)c(F)c(F)c(F)c1F)=C(c1ccc(C)cc1)P(c1ccccc1)c1ccccc1,keep
CC(B(c1c(Cl)c(Cl)c(Cl)c(Cl)c1Cl)c1c(Cl)c(Cl)c(Cl)c(Cl)c1Cl)=C(c1ccc(C)cc1)P(c1ccccc1)c1ccccc1,CC(B(c1c(Cl)c(Cl)c(Cl)c(Cl)c1Cl)c1c(Cl)c(Cl)c(Cl)c(Cl)c1Cl)=C(c1ccc(C)cc1)P(c1ccccc1)c1ccccc1,keep
CC(B(c1c(F)c(F)c(F)c(F)c1F)c1c(F)c(F)c(F)c(F)c1F)=C(c1ccc(C)cc1)P(c1c(C)cc(C)cc1C)c1c(C)cc(C)cc1C,CC(B(c1c(F)c(F)c(F)c(F)c1F)c1c(F)c(F)c(F)c(F)c1F)=C(c1ccc(C)cc1)P(c1c(C)cc(C)cc1C)c1c(C)cc(C)cc1C,keep
CC(B(c1c(Cl)c(Cl)c(Cl)c(Cl)c1Cl)c1c(Cl)c(Cl)c(Cl)c(Cl)c1Cl)=C(c1ccc(C)cc1)P(c1c(C)cc(C)cc1C)c1c(C)cc(C)cc1C,CC(B(c1c(Cl)c(Cl)c(Cl)c(Cl)c1Cl)c1c(Cl)c(Cl)c(Cl)c(Cl)c1Cl)=C(c1ccc(C)cc1)P(c1c(C)cc(C)cc1C)c1c(C)cc(C)cc1C,keep
Cc1cc(C)c(B(c2c(C)cc(C)cc2C)c2cccc3cccc(P(C(C)C)C(C)C)c23)c(C)c1,Cc1cc(C)c(B(c2c(C)cc(C)cc2C)c2cccc3cccc(P(C(C)C)C(C)C)c23)c(C)c1,keep
CC(C)P(c1cccc2cccc(B(c3ccccc3)c3ccccc3)c12)C(C)C,CC(C)P(c1cccc2cccc(B(c3ccccc3)c3ccccc3)c12)C(C)C,keep
CC(C)P(c1cccc2cccc(B(C3CCCCC3)C3CCCCC3)c12)C(C)C,CC(C)P(c1cccc2cccc(B(C3CCCCC3)C3CCCCC3)c12)C(C)C,keep
CC1(C)C2CCC1C(c1ccc(P(C(C)(C)C)C(C)(C)C)cc1)C2B(c1c(F)c(F)c(F)c(F)c1F)c1c(F)c(F)c(F)c(F)c1F,CC1(C)C2CCC1C(c1ccc(P(C(C)(C)C)C(C)(C)C)cc1)C2B(c1c(F)c(F)c(F)c(F)c1F)c1c(F)c(F)c(F)c(F)c1F,keep
CC1(C)C2CCC1C(c1ccc(P(C(C)(C)C)C(C)(C)C)cc1)C2B(c1c(Cl)c(Cl)c(Cl)c(Cl)c1Cl)c1c(Cl)c(Cl)c(Cl)c(Cl)c1Cl,CC1(C)C2CCC1C(c1ccc(P(C(C)(C)C)C(C)(C)C)cc1)C2B(c1c(Cl)c(Cl)c(Cl)c(Cl)c1Cl)c1c(Cl)c(Cl)c(Cl)c(Cl)c1Cl,keep
CC(C)P(c1cccc2cccc(B3c4ccccc4-c4ccccc43)c12)C(C)C,CC(C)P(c1cccc2cccc(B3c4ccccc4-c4ccccc43)c12)C(C)C,keep
Cc1cc(C)c(B(c2c(C)cc(C)cc2C)c2cccc3cccc(P(c4ccccc4)c4ccccc4)c23)c(C)c1,Cc1cc(C)c(B(c2c(C)cc(C)cc2C)c2cccc3cccc(P(c4ccccc4)c4ccccc4)c23)c(C)c1,keep
c1ccc(B(c2ccccc2)c2cccc3cccc(P(c4ccccc4)c4ccccc4)c23)cc1,c1ccc(B(c2ccccc2)c2cccc3cccc(P(c4ccccc4)c4ccccc4)c23)cc1,keep
Cc1cc(C)c(B(c2c(C)cc(C)cc2C)c2cccc3cccc(P(c4c(C)cc(C)cc4C)c4c(C)cc(C)cc4C)c23)c(C)c1,Cc1cc(C)c(B(c2c(C)cc(C)cc2C)c2cccc3cccc(P(c4c(C)cc(C)cc4C)c4c(C)cc(C)cc4C)c23)c(C)c1,keep
Cc1cc(C)c(B(c2c(C)cc(C)cc2C)c2ccc3c4c(ccc(P(c5ccccc5)c5ccccc5)c24)CC3)c(C)c1,Cc1cc(C)c(B(c2c(C)cc(C)cc2C)c2ccc3c4c(ccc(P(c5ccccc5)c5ccccc5)c24)CC3)c(C)c1,keep
c1ccc(B(c2ccccc2)c2ccc3c4c(ccc(P(c5ccccc5)c5ccccc5)c24)CC3)cc1,c1ccc(B(c2ccccc2)c2ccc3c4c(ccc(P(c5ccccc5)c5ccccc5)c24)CC3)cc1,keep
Cc1cc(C)c(B(c2c(C)cc(C)cc2C)c2ccc3c4c(ccc(P(c5c(C)cc(C)cc5C)c5c(C)cc(C)cc5C)c24)CC3)c(C)c1,Cc1cc(C)c(B(c2c(C)cc(C)cc2C)c2ccc3c4c(ccc(P(c5c(C)cc(C)cc5C)c5c(C)cc(C)cc5C)c24)CC3)c(C)c1,keep
CCC(B(c1c(F)c(F)c(F)c(F)c1F)c1c(F)c(F)c(F)c(F)c1F)P(c1c(F)c(F)c(F)c(F)c1F)c1c(F)c(F)c(F)c(F)c1F,CCC(B(c1c(F)c(F)c(F)c(F)c1F)c1c(F)c(F)c(F)c(F)c1F)P(c1c(F)c(F)c(F)c(F)c1F)c1c(F)c(F)c(F)c(F)c1F,keep
CCC(B(c1c(Cl)c(Cl)c(Cl)c(Cl)c1Cl)c1c(Cl)c(Cl)c(Cl)c(Cl)c1Cl)P(c1c(Cl)c(Cl)c(Cl)c(Cl)c1Cl)c1c(Cl)c(Cl)c(Cl)c(Cl)c1Cl,CCC(B(c1c(Cl)c(Cl)c(Cl)c(Cl)c1Cl)c1c(Cl)c(Cl)c(Cl)c(Cl)c1Cl)P(c1c(Cl)c(Cl)c(Cl)c(Cl)c1Cl)c1c(Cl)c(Cl)c(Cl)c(Cl)c1Cl,keep
CC(CB(c1c(F)c(F)c(F)c(F)c1F)c1c(F)c(F)c(F)c(F)c1F)P(c1c(F)c(F)c(F)c(F)c1F)c1c(F)c(F)c(F)c(F)c1F,CC(CB(c1c(F)c(F)c(F)c(F)c1F)c1c(F)c(F)c(F)c(F)c1F)P(c1c(F)c(F)c(F)c(F)c1F)c1c(F)c(F)c(F)c(F)c1F,keep
CC(CB(c1c(Cl)c(Cl)c(Cl)c(Cl)c1Cl)c1c(Cl)c(Cl)c(Cl)c(Cl)c1Cl)P(c1c(Cl)c(Cl)c(Cl)c(Cl)c1Cl)c1c(Cl)c(Cl)c(Cl)c(Cl)c1Cl,CC(CB(c1c(Cl)c(Cl)c(Cl)c(Cl)c1Cl)c1c(Cl)c(Cl)c(Cl)c(Cl)c1Cl)P(c1c(Cl)c(Cl)c(Cl)c(Cl)c1Cl)c1c(Cl)c(Cl)c(Cl)c(Cl)c1Cl,keep
c1ccc(P(c2ccccc2)c2ccccc2B2Oc3ccccc3O2)cc1,c1ccc(P(c2ccccc2)c2ccccc2B2Oc3ccccc3O2)cc1,keep
Cc1cc(C)c(P(c2ccccc2B2Oc3ccccc3O2)c2c(C)cc(C)cc2C)c(C)c1,Cc1cc(C)c(P(c2ccccc2B2Oc3ccccc3O2)c2c(C)cc(C)cc2C)c(C)c1,keep
Cc1cc(C)c(P(C(=C(B(c2c(F)c(F)c(F)c(F)c2F)c2c(F)c(F)c(F)c(F)c2F)c2c(F)c(F)c(F)c(F)c2F)c2ccccc2)c2c(C)cc(C)cc2C)c(C)c1,Cc1cc(C)c(P(C(=C(B(c2c(F)c(F)c(F)c(F)c2F)c2c(F)c(F)c(F)c(F)c2F)c2c(F)c(F)c(F)c(F)c2F)c2ccccc2)c2c(C)cc(C)cc2C)c(C)c1,keep
Cc1cc(C)c(P(C(=C(B(c2c(Cl)c(Cl)c(Cl)c(Cl)c2Cl)c2c(Cl)c(Cl)c(Cl)c(Cl)c2Cl)c2c(Cl)c(Cl)c(Cl)c(Cl)c2Cl)c2ccccc2)c2c(C)cc(C)cc2C)c(C)c1,Cc1cc(C)c(P(C(=C(B(c2c(Cl)c(Cl)c(Cl)c(Cl)c2Cl)c2c(Cl)c(Cl)c(Cl)c(Cl)c2Cl)c2c(Cl)c(Cl)c(Cl)c(Cl)c2Cl)c2ccccc2)c2c(C)cc(C)cc2C)c(C)c1,keep
Fc1c(F)c(F)c(B(C(=C(c2ccccc2)P(c2ccccc2)c2ccccc2)c2c(F)c(F)c(F)c(F)c2F)c2c(F)c(F)c(F)c(F)c2F)c(F)c1F,Fc1c(F)c(F)c(B(C(=C(c2ccccc2)P(c2ccccc2)c2ccccc2)c2c(F)c(F)c(F)c(F)c2F)c2c(F)c(F)c(F)c(F)c2F)c(F)c1F,keep
Clc1c(Cl)c(Cl)c(B(C(=C(c2ccccc2)P(c2ccccc2)c2ccccc2)c2c(Cl)c(Cl)c(Cl)c(Cl)c2Cl)c2c(Cl)c(Cl)c(Cl)c(Cl)c2Cl)c(Cl)c1Cl,Clc1c(Cl)c(Cl)c(B(C(=C(c2ccccc2)P(c2ccccc2)c2ccccc2)c2c(Cl)c(Cl)c(Cl)c(Cl)c2Cl)c2c(Cl)c(Cl)c(Cl)c(Cl)c2Cl)c(Cl)c1Cl,keep
Cc1cc(C)c(C(=C(B(c2c(F)c(F)c(F)c(F)c2F)c2c(F)c(F)c(F)c(F)c2F)c2c(F)c(F)c(F)c(F)c2F)P(c2c(C)cc(C)cc2C)c2c(C)cc(C)cc2C)c(C)c1,Cc1cc(C)c(C(=C(B(c2c(F)c(F)c(F)c(F)c2F)c2c(F)c(F)c(F)c(F)c2F)c2c(F)c(F)c(F)c(F)c2F)P(c2c(C)cc(C)cc2C)c2c(C)cc(C)cc2C)c(C)c1,keep
Cc1cc(C)c(C(=C(B(c2c(Cl)c(Cl)c(Cl)c(Cl)c2Cl)c2c(Cl)c(Cl)c(Cl)c(Cl)c2Cl)c2c(Cl)c(Cl)c(Cl)c(Cl)c2Cl)P(c2c(C)cc(C)cc2C)c2c(C)cc(C)cc2C)c(C)c1,Cc1cc(C)c(C(=C(B(c2c(Cl)c(Cl)c(Cl)c(Cl)c2Cl)c2c(Cl)c(Cl)c(Cl)c(Cl)c2Cl)c2c(Cl)c(Cl)c(Cl)c(Cl)c2Cl)P(c2c(C)cc(C)cc2C)c2c(C)cc(C)cc2C)c(C)c1,keep
Cc1cc(C)c(B2c3cccc4cccc(c34)P2c2c(C)cc(C)cc2C)c(C)c1,Cc1cc(C)c(B2c3cccc4cccc(c34)P2c2c(C)cc(C)cc2C)c(C)c1,keep
c1ccc(B2c3cccc4cccc(c34)P2c2ccccc2)cc1,c1ccc(B2c3cccc4cccc(c34)P2c2ccccc2)cc1,keep
Cc1ccc(B2c3cccc4cccc(c34)P2c2ccc(C)cc2C)c(C)c1,Cc1ccc(B2c3cccc4cccc(c34)P2c2ccc(C)cc2C)c(C)c1,keep
Fc1c(F)c(F)c(B(C(=Cc2ccccc2)P(c2c(F)c(F)c(F)c(F)c2F)c2c(F)c(F)c(F)c(F)c2F)c2c(F)c(F)c(F)c(F)c2F)c(F)c1F,Fc1c(F)c(F)c(B(C(=Cc2ccccc2)P(c2c(F)c(F)c(F)c(F)c2F)c2c(F)c(F)c(F)c(F)c2F)c2c(F)c(F)c(F)c(F)c2F)c(F)c1F,keep
Clc1c(Cl)c(Cl)c(B(C(=Cc2ccccc2)P(c2c(Cl)c(Cl)c(Cl)c(Cl)c2Cl)c2c(Cl)c(Cl)c(Cl)c(Cl)c2Cl)c2c(Cl)c(Cl)c(Cl)c(Cl)c2Cl)c(Cl)c1Cl,Clc1c(Cl)c(Cl)c(B(C(=Cc2ccccc2)P(c2c(Cl)c(Cl)c(Cl)c(Cl)c2Cl)c2c(Cl)c(Cl)c(Cl)c(Cl)c2Cl)c2c(Cl)c(Cl)c(Cl)c(Cl)c2Cl)c(Cl)c1Cl,keep
Cc1cc(C)c(C=C(B(c2c(F)c(F)c(F)c(F)c2F)c2c(F)c(F)c(F)c(F)c2F)P(c2c(F)c(F)c(F)c(F)c2F)c2c(F)c(F)c(F)c(F)c2F)c(C)c1,Cc1cc(C)c(C=C(B(c2c(F)c(F)c(F)c(F)c2F)c2c(F)c(F)c(F)c(F)c2F)P(c2c(F)c(F)c(F)c(F)c2F)c2c(F)c(F)c(F)c(F)c2F)c(C)c1,keep
Cc1cc(C)c(C=C(B(c2c(Cl)c(Cl)c(Cl)c(Cl)c2Cl)c2c(Cl)c(Cl)c(Cl)c(Cl)c2Cl)P(c2c(Cl)c(Cl)c(Cl)c(Cl)c2Cl)c2c(Cl)c(Cl)c(Cl)c(Cl)c2Cl)c(C)c1,Cc1cc(C)c(C=C(B(c2c(Cl)c(Cl)c(Cl)c(Cl)c2Cl)c2c(Cl)c(Cl)c(Cl)c(Cl)c2Cl)P(c2c(Cl)c(Cl)c(Cl)c(Cl)c2Cl)c2c(Cl)c(Cl)c(Cl)c(Cl)c2Cl)c(C)c1,keep
CC(=C(B(c1c(F)c(F)c(F)c(F)c1F)c1c(F)c(F)c(F)c(F)c1F)c1c(F)c(F)c(F)c(F)c1F)P(c1ccccc1)c1ccccc1,CC(=C(B(c1c(F)c(F)c(F)c(F)c1F)c1c(F)c(F)c(F)c(F)c1F)c1c(F)c(F)c(F)c(F)c1F)P(c1ccccc1)c1ccccc1,keep
CC(=C(B(c1c(Cl)c(Cl)c(Cl)c(Cl)c1Cl)c1c(Cl)c(Cl)c(Cl)c(Cl)c1Cl)c1c(Cl)c(Cl)c(Cl)c(Cl)c1Cl)P(c1ccccc1)c1ccccc1,CC(=C(B(c1c(Cl)c(Cl)c(Cl)c(Cl)c1Cl)c1c(Cl)c(Cl)c(Cl)c(Cl)c1Cl)c1c(Cl)c(Cl)c(Cl)c(Cl)c1Cl)P(c1ccccc1)c1ccccc1,keep
CC(=C(B(c1c(F)c(F)c(F)c(F)c1F)c1c(F)c(F)c(F)c(F)c1F)c1c(F)c(F)c(F)c(F)c1F)P(c1c(C)cc(C)cc1C)c1c(C)cc(C)cc1C,CC(=C(B(c1c(F)c(F)c(F)c(F)c1F)c1c(F)c(F)c(F)c(F)c1F)c1c(F)c(F)c(F)c(F)c1F)P(c1c(C)cc(C)cc1C)c1c(C)cc(C)cc1C,keep
CC(=C(B(c1c(Cl)c(Cl)c(Cl)c(Cl)c1Cl)c1c(Cl)c(Cl)c(Cl)c(Cl)c1Cl)c1c(Cl)c(Cl)c(Cl)c(Cl)c1Cl)P(c1c(C)cc(C)cc1C)c1c(C)cc(C)cc1C,CC(=C(B(c1c(Cl)c(Cl)c(Cl)c(Cl)c1Cl)c1c(Cl)c(Cl)c(Cl)c(Cl)c1Cl)c1c(Cl)c(Cl)c(Cl)c(Cl)c1Cl)P(c1c(C)cc(C)cc1C)c1c(C)cc(C)cc1C,keep
CCCC(=C(B(c1c(F)c(F)c(F)c(F)c1F)c1c(F)c(F)c(F)c(F)c1F)c1c(F)c(F)c(F)c(F)c1F)P(c1ccccc1)c1ccccc1,CCCC(=C(B(c1c(F)c(F)c(F)c(F)c1F)c1c(F)c(F)c(F)c(F)c1F)c1c(F)c(F)c(F)c(F)c1F)P(c1ccccc1)c1ccccc1,keep
CCCC(=C(B(c1c(Cl)c(Cl)c(Cl)c(Cl)c1Cl)c1c(Cl)c(Cl)c(Cl)c(Cl)c1Cl)c1c(Cl)c(Cl)c(Cl)c(Cl)c1Cl)P(c1ccccc1)c1ccccc1,CCCC(=C(B(c1c(Cl)c(Cl)c(Cl)c(Cl)c1Cl)c1c(Cl)c(Cl)c(Cl)c(Cl)c1Cl)c1c(Cl)c(Cl)c(Cl)c(Cl)c1Cl)P(c1ccccc1)c1ccccc1,keep
CCCC(=C(B(c1c(F)c(F)c(F)c(F)c1F)c1c(F)c(F)c(F)c(F)c1F)c1c(F)c(F)c(F)c(F)c1F)P(c1c(C)cc(C)cc1C)c1c(C)cc(C)cc1C,CCCC(=C(B(c1c(F)c(F)c(F)c(F)c1F)c1c(F)c(F)c(F)c(F)c1F)c1c(F)c(F)c(F)c(F)c1F)P(c1c(C)cc(C)cc1C)c1c(C)cc(C)cc1C,keep
CCCC(=C(B(c1c(Cl)c(Cl)c(Cl)c(Cl)c1Cl)c1c(Cl)c(Cl)c(Cl)c(Cl)c1Cl)c1c(Cl)c(Cl)c(Cl)c(Cl)c1Cl)P(c1c(C)cc(C)cc1C)c1c(C)cc(C)cc1C,CCCC(=C(B(c1c(Cl)c(Cl)c(Cl)c(Cl)c1Cl)c1c(Cl)c(Cl)c(Cl)c(Cl)c1Cl)c1c(Cl)c(Cl)c(Cl)c(Cl)c1Cl)P(c1c(C)cc(C)cc1C)c1c(C)cc(C)cc1C,keep
Cc1cc(C)c(P(c2c(C)cc(C)cc2C)C2CC(B(c3c(F)c(F)c(F)c(F)c3F)c3c(F)c(F)c(F)c(F)c3F)c3ccccc32)c(C)c1,Cc1cc(C)c(P(c2c(C)cc(C)cc2C)C2CC(B(c3c(F)c(F)c(F)c(F)c3F)c3c(F)c(F)c(F)c(F)c3F)c3ccccc32)c(C)c1,keep
Cc1cc(C)c(P(c2c(C)cc(C)cc2C)C2CC(B(c3c(Cl)c(Cl)c(Cl)c(Cl)c3Cl)c3c(Cl)c(Cl)c(Cl)c(Cl)c3Cl)c3ccccc32)c(C)c1,Cc1cc(C)c(P(c2c(C)cc(C)cc2C)C2CC(B(c3c(Cl)c(Cl)c(Cl)c(Cl)c3Cl)c3c(Cl)c(Cl)c(Cl)c(Cl)c3Cl)c3ccccc32)c(C)c1,keep
Fc1c(F)c(F)c(B(c2c(F)c(F)c(F)c(F)c2F)C2CC(P(c3ccccc3)c3ccccc3)c3ccccc32)c(F)c1F,Fc1c(F)c(F)c(B(c2c(F)c(F)c(F)c(F)c2F)C2CC(P(c3ccccc3)c3ccccc3)c3ccccc32)c(F)c1F,keep
Clc1c(Cl)c(Cl)c(B(c2c(Cl)c(Cl)c(Cl)c(Cl)c2Cl)C2CC(P(c3ccccc3)c3ccccc3)c3ccccc32)c(Cl)c1Cl,Clc1c(Cl)c(Cl)c(B(c2c(Cl)c(Cl)c(Cl)c(Cl)c2Cl)C2CC(P(c3ccccc3)c3ccccc3)c3ccccc32)c(Cl)c1Cl,keep
Cc1cc(C)c(P(c2c(C)cc(C)cc2C)c2cccc3c2oc2c(B(c4c(F)c(F)c(F)c(F)c4F)c4c(F)c(F)c(F)c(F)c4F)cccc23)c(C)c1,Cc1cc(C)c(P(c2c(C)cc(C)cc2C)c2cccc3c2oc2c(B(c4c(F)c(F)c(F)c(F)c4F)c4c(F)c(F)c(F)c(F)c4F)cccc23)c(C)c1,keep
Cc1cc(C)c(P(c2c(C)cc(C)cc2C)c2cccc3c2oc2c(B(c4c(Cl)c(Cl)c(Cl)c(Cl)c4Cl)c4c(Cl)c(Cl)c(Cl)c(Cl)c4Cl)cccc23)c(C)c1,Cc1cc(C)c(P(c2c(C)cc(C)cc2C)c2cccc3c2oc2c(B(c4c(Cl)c(Cl)c(Cl)c(Cl)c4Cl)c4c(Cl)c(Cl)c(Cl)c(Cl)c4Cl)cccc23)c(C)c1,keep
Fc1c(F)c(F)c(B(c2c(F)c(F)c(F)c(F)c2F)c2cccc3c2oc2c(P(c4ccccc4)c4ccccc4)cccc23)c(F)c1F,Fc1c(F)c(F)c(B(c2c(F)c(F)c(F)c(F)c2F)c2cccc3c2oc2c(P(c4ccccc4)c4ccccc4)cccc23)c(F)c1F,keep
Clc1c(Cl)c(Cl)c(B(c2c(Cl)c(Cl)c(Cl)c(Cl)c2Cl)c2cccc3c2oc2c(P(c4ccccc4)c4ccccc4)cccc23)c(Cl)c1Cl,Clc1c(Cl)c(Cl)c(B(c2c(Cl)c(Cl)c(Cl)c(Cl)c2Cl)c2cccc3c2oc2c(P(c4ccccc4)c4ccccc4)cccc23)c(Cl)c1Cl,keep
Cc1cc(C)c(P(c2cccc3c2Oc2c(B(c4c(F)c(F)c(F)c(F)c4F)c4c(F)c(F)c(F)c(F)c4F)cccc2C3(C)C)c2c(C)cc(C)cc2C)c(C)c1,Cc1cc(C)c(P(c2cccc3c2Oc2c(B(c4c(F)c(F)c(F)c(F)c4F)c4c(F)c(F)c(F)c(F)c4F)cccc2C3(C)C)c2c(C)cc(C)cc2C)c(C)c1,keep
Cc1cc(C)c(P(c2cccc3c2Oc2c(B(c4c(Cl)c(Cl)c(Cl)c(Cl)c4Cl)c4c(Cl)c(Cl)c(Cl)c(Cl)c4Cl)cccc2C3(C)C)c2c(C)cc(C)cc2C)c(C)c1,Cc1cc(C)c(P(c2cccc3c2Oc2c(B(c4c(Cl)c(Cl)c(Cl)c(Cl)c4Cl)c4c(Cl)c(Cl)c(Cl)c(Cl)c4Cl)cccc2C3(C)C)c2c(C)cc(C)cc2C)c(C)c1,keep
CC1(C)c2cccc(B(c3c(F)c(F)c(F)c(F)c3F)c3c(F)c(F)c(F)c(F)c3F)c2Oc2c(P(c3ccccc3)c3ccccc3)cccc21,CC1(C)c2cccc(B(c3c(F)c(F)c(F)c(F)c3F)c3c(F)c(F)c(F)c(F)c3F)c2Oc2c(P(c3ccccc3)c3ccccc3)cccc21,keep
CC1(C)c2cccc(B(c3c(Cl)c(Cl)c(Cl)c(Cl)c3Cl)c3c(Cl)c(Cl)c(Cl)c(Cl)c3Cl)c2Oc2c(P(c3ccccc3)c3ccccc3)cccc21,CC1(C)c2cccc(B(c3c(Cl)c(Cl)c(Cl)c(Cl)c3Cl)c3c(Cl)c(Cl)c(Cl)c(Cl)c3Cl)c2Oc2c(P(c3ccccc3)c3ccccc3)cccc21,keep
CC(C)P(c1cccc2c1Oc1c(B(c3c(F)c(F)c(F)c(F)c3F)c3c(F)c(F)c(F)c(F)c3F)cccc1C2(C)C)C(C)C,CC(C)P(c1cccc2c1Oc1c(B(c3c(F)c(F)c(F)c(F)c3F)c3c(F)c(F)c(F)c(F)c3F)cccc1C2(C)C)C(C)C,keep
CC(C)P(c1cccc2c1Oc1c(B(c3c(Cl)c(Cl)c(Cl)c(Cl)c3Cl)c3c(Cl)c(Cl)c(Cl)c(Cl)c3Cl)cccc1C2(C)C)C(C)C,CC(C)P(c1cccc2c1Oc1c(B(c3c(Cl)c(Cl)c(Cl)c(Cl)c3Cl)c3c(Cl)c(Cl)c(Cl)c(Cl)c3Cl)cccc1C2(C)C)C(C)C,keep
CC=C(CP(c1c(C)cc(C)cc1C)c1c(C)cc(C)cc1C)B(c1c(F)c(F)c(F)c(F)c1F)c1c(F)c(F)c(F)c(F)c1F,CC=C(CP(c1c(C)cc(C)cc1C)c1c(C)cc(C)cc1C)B(c1c(F)c(F)c(F)c(F)c1F)c1c(F)c(F)c(F)c(F)c1F,keep
CC=C(CP(c1c(C)cc(C)cc1C)c1c(C)cc(C)cc1C)B(c1c(Cl)c(Cl)c(Cl)c(Cl)c1Cl)c1c(Cl)c(Cl)c(Cl)c(Cl)c1Cl,CC=C(CP(c1c(C)cc(C)cc1C)c1c(C)cc(C)cc1C)B(c1c(Cl)c(Cl)c(Cl)c(Cl)c1Cl)c1c(Cl)c(Cl)c(Cl)c(Cl)c1Cl,keep
CC=C(CP(c1ccccc1)c1ccccc1)B(c1c(F)c(F)c(F)c(F)c1F)c1c(F)c(F)c(F)c(F)c1F,CC=C(CP(c1ccccc1)c1ccccc1)B(c1c(F)c(F)c(F)c(F)c1F)c1c(F)c(F)c(F)c(F)c1F,keep
CC=C(CP(c1ccccc1)c1ccccc1)B(c1c(Cl)c(Cl)c(Cl)c(Cl)c1Cl)c1c(Cl)c(Cl)c(Cl)c(Cl)c1Cl,CC=C(CP(c1ccccc1)c1ccccc1)B(c1c(Cl)c(Cl)c(Cl)c(Cl)c1Cl)c1c(Cl)c(Cl)c(Cl)c(Cl)c1Cl,keep
Cc1cc(C)c(P(CC(=C[Si](C)(C)C)B(c2c(F)c(F)c(F)c(F)c2F)c2c(F)c(F)c(F)c(F)c2F)c2c(C)cc(C)cc2C)c(C)c1,Cc1cc(C)c(P(CC(=C[Si](C)(C)C)B(c2c(F)c(F)c(F)c(F)c2F)c2c(F)c(F)c(F)c(F)c2F)c2c(C)cc(C)cc2C)c(C)c1,keep
Cc1cc(C)c(P(CC(=C[Si](C)(C)C)B(c2c(Cl)c(Cl)c(Cl)c(Cl)c2Cl)c2c(Cl)c(Cl)c(Cl)c(Cl)c2Cl)c2c(C)cc(C)cc2C)c(C)c1,Cc1cc(C)c(P(CC(=C[Si](C)(C)C)B(c2c(Cl)c(Cl)c(Cl)c(Cl)c2Cl)c2c(Cl)c(Cl)c(Cl)c(Cl)c2Cl)c2c(C)cc(C)cc2C)c(C)c1,keep
C[Si](C)(C)C=C(CP(c1ccccc1)c1ccccc1)B(c1c(F)c(F)c(F)c(F)c1F)c1c(F)c(F)c(F)c(F)c1F,C[Si](C)(C)C=C(CP(c1ccccc1)c1ccccc1)B(c1c(F)c(F)c(F)c(F)c1F)c1c(F)c(F)c(F)c(F)c1F,keep
C[Si](C)(C)C=C(CP(c1ccccc1)c1ccccc1)B(c1c(Cl)c(Cl)c(Cl)c(Cl)c1Cl)c1c(Cl)c(Cl)c(Cl)c(Cl)c1Cl,C[Si](C)(C)C=C(CP(c1ccccc1)c1ccccc1)B(c1c(Cl)c(Cl)c(Cl)c(Cl)c1Cl)c1c(Cl)c(Cl)c(Cl)c(Cl)c1Cl,keep
COB(OC)c1ccccc1P(c1ccccc1)c1ccccc1,COB(OC)c1ccccc1P(c1ccccc1)c1ccccc1,keep
COB(OC)c1ccccc1P(c1c(C)cc(C)cc1C)c1c(C)cc(C)cc1C,COB(OC)c1ccccc1P(c1c(C)cc(C)cc1C)c1c(C)cc(C)cc1C,keep
CC1(C)OB(c2ccccc2P(c2ccccc2)c2ccccc2)OC1(C)C,CC1(C)OB(c2ccccc2P(c2ccccc2)c2ccccc2)OC1(C)C,keep
Cc1cc(C)c(P(c2ccccc2B2OC(C)(C)C(C)(C)O2)c2c(C)cc(C)cc2C)c(C)c1,Cc1cc(C)c(P(c2ccccc2B2OC(C)(C)C(C)(C)O2)c2c(C)cc(C)cc2C)c(C)c1,keep
CC1(C)COB(c2ccccc2P(c2ccccc2)c2ccccc2)OC1,CC1(C)COB(c2ccccc2P(c2ccccc2)c2ccccc2)OC1,keep
Cc1cc(C)c(P(c2ccccc2B2OCC(C)(C)CO2)c2c(C)cc(C)cc2C)c(C)c1,Cc1cc(C)c(P(c2ccccc2B2OCC(C)(C)CO2)c2c(C)cc(C)cc2C)c(C)c1,keep
COB(OC)c1ccccc1P(C(C)C)C(C)C,COB(OC)c1ccccc1P(C(C)C)C(C)C,keep
CC(C)P(c1ccccc1B1Oc2ccccc2O1)C(C)C,CC(C)P(c1ccccc1B1Oc2ccccc2O1)C(C)C,keep
CC(C)P(c1ccccc1B1OC(C)(C)C(C)(C)O1)C(C)C,CC(C)P(c1ccccc1B1OC(C)(C)C(C)(C)O1)C(C)C,keep
Cc1cc(C)c(P(c2c(C)cc(C)cc2C)C2CCCC2B(c2c(F)c(F)c(F)c(F)c2F)c2c(F)c(F)c(F)c(F)c2F)c(C)c1,Cc1cc(C)c(P(c2c(C)cc(C)cc2C)C2CCCC2B(c2c(F)c(F)c(F)c(F)c2F)c2c(F)c(F)c(F)c(F)c2F)c(C)c1,keep
Cc1cc(C)c(P(c2c(C)cc(C)cc2C)C2CCCC2B(c2c(Cl)c(Cl)c(Cl)c(Cl)c2Cl)c2c(Cl)c(Cl)c(Cl)c(Cl)c2Cl)c(C)c1,Cc1cc(C)c(P(c2c(C)cc(C)cc2C)C2CCCC2B(c2c(Cl)c(Cl)c(Cl)c(Cl)c2Cl)c2c(Cl)c(Cl)c(Cl)c(Cl)c2Cl)c(C)c1,keep
Fc1c(F)c(F)c(B(c2c(F)c(F)c(F)c(F)c2F)C2CCCC2P(c2ccccc2)c2ccccc2)c(F)c1F,Fc1c(F)c(F)c(B(c2c(F)c(F)c(F)c(F)c2F)C2CCCC2P(c2ccccc2)c2ccccc2)c(F)c1F,keep
Clc1c(Cl)c(Cl)c(B(c2c(Cl)c(Cl)c(Cl)c(Cl)c2Cl)C2CCCC2P(c2ccccc2)c2ccccc2)c(Cl)c1Cl,Clc1c(Cl)c(Cl)c(B(c2c(Cl)c(Cl)c(Cl)c(Cl)c2Cl)C2CCCC2P(c2ccccc2)c2ccccc2)c(Cl)c1Cl,keep
Cc1cc(C)c(P(CC(C)CB(c2c(F)c(F)c(F)c(F)c2F)c2c(F)c(F)c(F)c(F)c2F)c2c(C)cc(C)cc2C)c(C)c1,Cc1cc(C)c(P(CC(C)CB(c2c(F)c(F)c(F)c(F)c2F)c2c(F)c(F)c(F)c(F)c2F)c2c(C)cc(C)cc2C)c(C)c1,keep
Cc1cc(C)c(P(CC(C)CB(c2c(Cl)c(Cl)c(Cl)c(Cl)c2Cl)c2c(Cl)c(Cl)c(Cl)c(Cl)c2Cl)c2c(C)cc(C)cc2C)c(C)c1,Cc1cc(C)c(P(CC(C)CB(c2c(Cl)c(Cl)c(Cl)c(Cl)c2Cl)c2c(Cl)c(Cl)c(Cl)c(Cl)c2Cl)c2c(C)cc(C)cc2C)c(C)c1,keep
CC(CB(c1c(F)c(F)c(F)c(F)c1F)c1c(F)c(F)c(F)c(F)c1F)CP(c1ccccc1)c1ccccc1,CC(CB(c1c(F)c(F)c(F)c(F)c1F)c1c(F)c(F)c(F)c(F)c1F)CP(c1ccccc1)c1ccccc1,keep
CC(CB(c1c(Cl)c(Cl)c(Cl)c(Cl)c1Cl)c1c(Cl)c(Cl)c(Cl)c(Cl)c1Cl)CP(c1ccccc1)c1ccccc1,CC(CB(c1c(Cl)c(Cl)c(Cl)c(Cl)c1Cl)c1c(Cl)c(Cl)c(Cl)c(Cl)c1Cl)CP(c1ccccc1)c1ccccc1,keep
Cc1cc(C)c(P(CCCCB(c2c(F)c(F)c(F)c(F)c2F)c2c(F)c(F)c(F)c(F)c2F)c2c(C)cc(C)cc2C)c(C)c1,Cc1cc(C)c(P(CCCCB(c2c(F)c(F)c(F)c(F)c2F)c2c(F)c(F)c(F)c(F)c2F)c2c(C)cc(C)cc2C)c(C)c1,keep
Cc1cc(C)c(P(CCCCB(c2c(Cl)c(Cl)c(Cl)c(Cl)c2Cl)c2c(Cl)c(Cl)c(Cl)c(Cl)c2Cl)c2c(C)cc(C)cc2C)c(C)c1,Cc1cc(C)c(P(CCCCB(c2c(Cl)c(Cl)c(Cl)c(Cl)c2Cl)c2c(Cl)c(Cl)c(Cl)c(Cl)c2Cl)c2c(C)cc(C)cc2C)c(C)c1,keep
Fc1c(F)c(F)c(B(CCCCP(c2ccccc2)c2ccccc2)c2c(F)c(F)c(F)c(F)c2F)c(F)c1F,Fc1c(F)c(F)c(B(CCCCP(c2ccccc2)c2ccccc2)c2c(F)c(F)c(F)c(F)c2F)c(F)c1F,keep
Clc1c(Cl)c(Cl)c(B(CCCCP(c2ccccc2)c2ccccc2)c2c(Cl)c(Cl)c(Cl)c(Cl)c2Cl)c(Cl)c1Cl,Clc1c(Cl)c(Cl)c(B(CCCCP(c2ccccc2)c2ccccc2)c2c(Cl)c(Cl)c(Cl)c(Cl)c2Cl)c(Cl)c1Cl,keep
Cc1cc(C)c(P(CCC(C)CB(c2c(F)c(F)c(F)c(F)c2F)c2c(F)c(F)c(F)c(F)c2F)c2c(C)cc(C)cc2C)c(C)c1,Cc1cc(C)c(P(CCC(C)CB(c2c(F)c(F)c(F)c(F)c2F)c2c(F)c(F)c(F)c(F)c2F)c2c(C)cc(C)cc2C)c(C)c1,keep
Cc1cc(C)c(P(CCC(C)CB(c2c(Cl)c(Cl)c(Cl)c(Cl)c2Cl)c2c(Cl)c(Cl)c(Cl)c(Cl)c2Cl)c2c(C)cc(C)cc2C)c(C)c1,Cc1cc(C)c(P(CCC(C)CB(c2c(Cl)c(Cl)c(Cl)c(Cl)c2Cl)c2c(Cl)c(Cl)c(Cl)c(Cl)c2Cl)c2c(C)cc(C)cc2C)c(C)c1,keep
CC(CCP(c1ccccc1)c1ccccc1)CB(c1c(F)c(F)c(F)c(F)c1F)c1c(F)c(F)c(F)c(F)c1F,CC(CCP(c1ccccc1)c1ccccc1)CB(c1c(F)c(F)c(F)c(F)c1F)c1c(F)c(F)c(F)c(F)c1F,keep
CC(CCP(c1ccccc1)c1ccccc1)CB(c1c(Cl)c(Cl)c(Cl)c(Cl)c1Cl)c1c(Cl)c(Cl)c(Cl)c(Cl)c1Cl,CC(CCP(c1ccccc1)c1ccccc1)CB(c1c(Cl)c(Cl)c(Cl)c(Cl)c1Cl)c1c(Cl)c(Cl)c(Cl)c(Cl)c1Cl,keep
Cc1cc(C)c(P(c2c(C)cc(C)cc2C)c2c(C)cc(C(C)(C)C)cc2B(c2c(F)c(F)c(F)c(F)c2F)c2c(F)c(F)c(F)c(F)c2F)c(C)c1,Cc1cc(C)c(P(c2c(C)cc(C)cc2C)c2c(C)cc(C(C)(C)C)cc2B(c2c(F)c(F)c(F)c(F)c2F)c2c(F)c(F)c(F)c(F)c2F)c(C)c1,keep
Cc1cc(C)c(P(c2c(C)cc(C)cc2C)c2c(C)cc(C(C)(C)C)cc2B(c2c(Cl)c(Cl)c(Cl)c(Cl)c2Cl)c2c(Cl)c(Cl)c(Cl)c(Cl)c2Cl)c(C)c1,Cc1cc(C)c(P(c2c(C)cc(C)cc2C)c2c(C)cc(C(C)(C)C)cc2B(c2c(Cl)c(Cl)c(Cl)c(Cl)c2Cl)c2c(Cl)c(Cl)c(Cl)c(Cl)c2Cl)c(C)c1,keep
Cc1cc(C(C)(C)C)cc(B(c2c(F)c(F)c(F)c(F)c2F)c2c(F)c(F)c(F)c(F)c2F)c1P(c1ccccc1)c1ccccc1,Cc1cc(C(C)(C)C)cc(B(c2c(F)c(F)c(F)c(F)c2F)c2c(F)c(F)c(F)c(F)c2F)c1P(c1ccccc1)c1ccccc1,keep
Cc1cc(C(C)(C)C)cc(B(c2c(Cl)c(Cl)c(Cl)c(Cl)c2Cl)c2c(Cl)c(Cl)c(Cl)c(Cl)c2Cl)c1P(c1ccccc1)c1ccccc1,Cc1cc(C(C)(C)C)cc(B(c2c(Cl)c(Cl)c(Cl)c(Cl)c2Cl)c2c(Cl)c(Cl)c(Cl)c(Cl)c2Cl)c1P(c1ccccc1)c1ccccc1,keep
Cc1cc(C)c(P(c2c(C)cc(C)cc2C)c2c(C)cc(-c3ccccc3)cc2B(c2c(F)c(F)c(F)c(F)c2F)c2c(F)c(F)c(F)c(F)c2F)c(C)c1,Cc1cc(C)c(P(c2c(C)cc(C)cc2C)c2c(C)cc(-c3ccccc3)cc2B(c2c(F)c(F)c(F)c(F)c2F)c2c(F)c(F)c(F)c(F)c2F)c(C)c1,keep
Cc1cc(C)c(P(c2c(C)cc(C)cc2C)c2c(C)cc(-c3ccccc3)cc2B(c2c(Cl)c(Cl)c(Cl)c(Cl)c2Cl)c2c(Cl)c(Cl)c(Cl)c(Cl)c2Cl)c(C)c1,Cc1cc(C)c(P(c2c(C)cc(C)cc2C)c2c(C)cc(-c3ccccc3)cc2B(c2c(Cl)c(Cl)c(Cl)c(Cl)c2Cl)c2c(Cl)c(Cl)c(Cl)c(Cl)c2Cl)c(C)c1,keep
Cc1cc(-c2ccccc2)cc(B(c2c(F)c(F)c(F)c(F)c2F)c2c(F)c(F)c(F)c(F)c2F)c1P(c1ccccc1)c1ccccc1,Cc1cc(-c2ccccc2)cc(B(c2c(F)c(F)c(F)c(F)c2F)c2c(F)c(F)c(F)c(F)c2F)c1P(c1ccccc1)c1ccccc1,keep
Cc1cc(-c2ccccc2)cc(B(c2c(Cl)c(Cl)c(Cl)c(Cl)c2Cl)c2c(Cl)c(Cl)c(Cl)c(Cl)c2Cl)c1P(c1ccccc1)c1ccccc1,Cc1cc(-c2ccccc2)cc(B(c2c(Cl)c(Cl)c(Cl)c(Cl)c2Cl)c2c(Cl)c(Cl)c(Cl)c(Cl)c2Cl)c1P(c1ccccc1)c1ccccc1,keep
Cc1cc(C)c(-c2cc(C)c(P(c3c(C)cc(C)cc3C)c3c(C)cc(C)cc3C)c(B(c3c(F)c(F)c(F)c(F)c3F)c3c(F)c(F)c(F)c(F)c3F)c2)c(C)c1,Cc1cc(C)c(-c2cc(C)c(P(c3c(C)cc(C)cc3C)c3c(C)cc(C)cc3C)c(B(c3c(F)c(F)c(F)c(F)c3F)c3c(F)c(F)c(F)c(F)c3F)c2)c(C)c1,keep
Cc1cc(C)c(-c2cc(C)c(P(c3c(C)cc(C)cc3C)c3c(C)cc(C)cc3C)c(B(c3c(Cl)c(Cl)c(Cl)c(Cl)c3Cl)c3c(Cl)c(Cl)c(Cl)c(Cl)c3Cl)c2)c(C)c1,Cc1cc(C)c(-c2cc(C)c(P(c3c(C)cc(C)cc3C)c3c(C)cc(C)cc3C)c(B(c3c(Cl)c(Cl)c(Cl)c(Cl)c3Cl)c3c(Cl)c(Cl)c(Cl)c(Cl)c3Cl)c2)c(C)c1,keep
CC(C)(C)P(CB(c1cc(C(F)(F)F)cc(C(F)(F)F)c1)c1cc(C(F)(F)F)cc(C(F)(F)F)c1)C(C)(C)C,CC(C)(C)P(CB(c1cc(C(F)(F)F)cc(C(F)(F)F)c1)c1cc(C(F)(F)F)cc(C(F)(F)F)c1)C(C)(C)C,keep
CC(=CCB(c1c(F)c(F)c(F)c(F)c1F)c1c(F)c(F)c(F)c(F)c1F)CP(c1c(C)cc(C)cc1C)c1c(C)cc(C)cc1C,CC(=CCB(c1c(F)c(F)c(F)c(F)c1F)c1c(F)c(F)c(F)c(F)c1F)CP(c1c(C)cc(C)cc1C)c1c(C)cc(C)cc1C,keep
CC(=CCB(c1c(Cl)c(Cl)c(Cl)c(Cl)c1Cl)c1c(Cl)c(Cl)c(Cl)c(Cl)c1Cl)CP(c1c(C)cc(C)cc1C)c1c(C)cc(C)cc1C,CC(=CCB(c1c(Cl)c(Cl)c(Cl)c(Cl)c1Cl)c1c(Cl)c(Cl)c(Cl)c(Cl)c1Cl)CP(c1c(C)cc(C)cc1C)c1c(C)cc(C)cc1C,keep
CC(=CCB(c1c(F)c(F)c(F)c(F)c1F)c1c(F)c(F)c(F)c(F)c1F)CP(c1ccccc1)c1ccccc1,CC(=CCB(c1c(F)c(F)c(F)c(F)c1F)c1c(F)c(F)c(F)c(F)c1F)CP(c1ccccc1)c1ccccc1,keep
CC(=CCB(c1c(Cl)c(Cl)c(Cl)c(Cl)c1Cl)c1c(Cl)c(Cl)c(Cl)c(Cl)c1Cl)CP(c1ccccc1)c1ccccc1,CC(=CCB(c1c(Cl)c(Cl)c(Cl)c(Cl)c1Cl)c1c(Cl)c(Cl)c(Cl)c(Cl)c1Cl)CP(c1ccccc1)c1ccccc1,keep
CC(=CCB(c1c(F)c(F)c(F)c(F)c1F)c1c(F)c(F)c(F)c(F)c1F)CP(C(C)(C)C)C(C)(C)C,CC(=CCB(c1c(F)c(F)c(F)c(F)c1F)c1c(F)c(F)c(F)c(F)c1F)CP(C(C)(C)C)C(C)(C)C,keep
CC(=CCB(c1c(Cl)c(Cl)c(Cl)c(Cl)c1Cl)c1c(Cl)c(Cl)c(Cl)c(Cl)c1Cl)CP(C(C)(C)C)C(C)(C)C,CC(=CCB(c1c(Cl)c(Cl)c(Cl)c(Cl)c1Cl)c1c(Cl)c(Cl)c(Cl)c(Cl)c1Cl)CP(C(C)(C)C)C(C)(C)C,keep
Cc1cc(C)c(P(CCB(c2c(F)c(F)c(F)c(F)c2F)c2c(F)c(F)c(F)c(F)c2F)CCB(c2c(F)c(F)c(F)c(F)c2F)c2c(F)c(F)c(F)c(F)c2F)c(C)c1,Cc1cc(C)c(P(CCB(c2c(F)c(F)c(F)c(F)c2F)c2c(F)c(F)c(F)c(F)c2F)CCB(c2c(F)c(F)c(F)c(F)c2F)c2c(F)c(F)c(F)c(F)c2F)c(C)c1,keep
Cc1cc(C)c(P(CCB(c2c(Cl)c(Cl)c(Cl)c(Cl)c2Cl)c2c(Cl)c(Cl)c(Cl)c(Cl)c2Cl)CCB(c2c(Cl)c(Cl)c(Cl)c(Cl)c2Cl)c2c(Cl)c(Cl)c(Cl)c(Cl)c2Cl)c(C)c1,Cc1cc(C)c(P(CCB(c2c(Cl)c(Cl)c(Cl)c(Cl)c2Cl)c2c(Cl)c(Cl)c(Cl)c(Cl)c2Cl)CCB(c2c(Cl)c(Cl)c(Cl)c(Cl)c2Cl)c2c(Cl)c(Cl)c(Cl)c(Cl)c2Cl)c(C)c1,keep
Fc1c(F)c(F)c(B(CCP(CCB(c2c(F)c(F)c(F)c(F)c2F)c2c(F)c(F)c(F)c(F)c2F)c2ccccc2)c2c(F)c(F)c(F)c(F)c2F)c(F)c1F,Fc1c(F)c(F)c(B(CCP(CCB(c2c(F)c(F)c(F)c(F)c2F)c2c(F)c(F)c(F)c(F)c2F)c2ccccc2)c2c(F)c(F)c(F)c(F)c2F)c(F)c1F,keep
Clc1c(Cl)c(Cl)c(B(CCP(CCB(c2c(Cl)c(Cl)c(Cl)c(Cl)c2Cl)c2c(Cl)c(Cl)c(Cl)c(Cl)c2Cl)c2ccccc2)c2c(Cl)c(Cl)c(Cl)c(Cl)c2Cl)c(Cl)c1Cl,Clc1c(Cl)c(Cl)c(B(CCP(CCB(c2c(Cl)c(Cl)c(Cl)c(Cl)c2Cl)c2c(Cl)c(Cl)c(Cl)c(Cl)c2Cl)c2ccccc2)c2c(Cl)c(Cl)c(Cl)c(Cl)c2Cl)c(Cl)c1Cl,keep
Cc1cc(C)c(B(c2ccccc2P(C2CCCCC2)C2CCCCC2)c2c(C)cc(C)cc2C)c(C)c1,Cc1cc(C)c(B(c2ccccc2P(C2CCCCC2)C2CCCCC2)c2c(C)cc(C)cc2C)c(C)c1,keep
c1ccc(B(c2ccccc2)c2ccccc2P(C2CCCCC2)C2CCCCC2)cc1,c1ccc(B(c2ccccc2)c2ccccc2P(C2CCCCC2)C2CCCCC2)cc1,keep
Cc1cc(C)c(B(c2cccc3c2-c2c-3cccc2P(c2ccccc2)c2ccccc2)c2c(C)cc(C)cc2C)c(C)c1,Cc1cc(C)c(B(c2cccc3c2-c2c-3cccc2P(c2ccccc2)c2ccccc2)c2c(C)cc(C)cc2C)c(C)c1,keep
c1ccc(B(c2ccccc2)c2cccc3c2-c2c-3cccc2P(c2ccccc2)c2ccccc2)cc1,c1ccc(B(c2ccccc2)c2cccc3c2-c2c-3cccc2P(c2ccccc2)c2ccccc2)cc1,keep
Cc1cc(C)c(B(c2cccc3c2-c2c-3cccc2P(c2c(C)cc(C)cc2C)c2c(C)cc(C)cc2C)c2c(C)cc(C)cc2C)c(C)c1,Cc1cc(C)c(B(c2cccc3c2-c2c-3cccc2P(c2c(C)cc(C)cc2C)c2c(C)cc(C)cc2C)c2c(C)cc(C)cc2C)c(C)c1,keep
Cc1cc(C)c(P(c2cccc3c2-c2c(B(c4c(F)c(F)c(F)c(F)c4F)c4c(F)c(F)c(F)c(F)c4F)cccc2-3)c2c(C)cc(C)cc2C)c(C)c1,Cc1cc(C)c(P(c2cccc3c2-c2c(B(c4c(F)c(F)c(F)c(F)c4F)c4c(F)c(F)c(F)c(F)c4F)cccc2-3)c2c(C)cc(C)cc2C)c(C)c1,keep
Cc1cc(C)c(P(c2cccc3c2-c2c(B(c4c(Cl)c(Cl)c(Cl)c(Cl)c4Cl)c4c(Cl)c(Cl)c(Cl)c(Cl)c4Cl)cccc2-3)c2c(C)cc(C)cc2C)c(C)c1,Cc1cc(C)c(P(c2cccc3c2-c2c(B(c4c(Cl)c(Cl)c(Cl)c(Cl)c4Cl)c4c(Cl)c(Cl)c(Cl)c(Cl)c4Cl)cccc2-3)c2c(C)cc(C)cc2C)c(C)c1,keep
Fc1c(F)c(F)c(B(c2cccc3c2-c2c-3cccc2P(c2ccccc2)c2ccccc2)c2c(F)c(F)c(F)c(F)c2F)c(F)c1F,Fc1c(F)c(F)c(B(c2cccc3c2-c2c-3cccc2P(c2ccccc2)c2ccccc2)c2c(F)c(F)c(F)c(F)c2F)c(F)c1F,keep
Clc1c(Cl)c(Cl)c(B(c2cccc3c2-c2c-3cccc2P(c2ccccc2)c2ccccc2)c2c(Cl)c(Cl)c(Cl)c(Cl)c2Cl)c(Cl)c1Cl,Clc1c(Cl)c(Cl)c(B(c2cccc3c2-c2c-3cccc2P(c2ccccc2)c2ccccc2)c2c(Cl)c(Cl)c(Cl)c(Cl)c2Cl)c(Cl)c1Cl,keep
Cc1cc(C)c(P(Bc2c(C(F)(F)F)cc(C(F)(F)F)cc2C(F)(F)F)c2c(C)cc(C)cc2C)c(C)c1,Cc1cc(C)c(P(Bc2c(C(F)(F)F)cc(C(F)(F)F)cc2C(F)(F)F)c2c(C)cc(C)cc2C)c(C)c1,keep
FC(F)(F)c1cc(C(F)(F)F)c(BP(c2ccccc2)c2ccccc2)c(C(F)(F)F)c1,FC(F)(F)c1cc(C(F)(F)F)c(BP(c2ccccc2)c2ccccc2)c(C(F)(F)F)c1,keep
Cc1cc(C)c(P2CCB(c3c(F)c(F)c(F)c(F)c3F)C2C)c(C)c1,Cc1cc(C)c(P2CCB(c3c(F)c(F)c(F)c(F)c3F)C2C)c(C)c1,keep
Cc1cc(C)c(P2CCB(c3c(Cl)c(Cl)c(Cl)c(Cl)c3Cl)C2C)c(C)c1,Cc1cc(C)c(P2CCB(c3c(Cl)c(Cl)c(Cl)c(Cl)c3Cl)C2C)c(C)c1,keep
CC1B(c2c(F)c(F)c(F)c(F)c2F)CCP1c1ccccc1,CC1B(c2c(F)c(F)c(F)c(F)c2F)CCP1c1ccccc1,keep
CC1B(c2c(Cl)c(Cl)c(Cl)c(Cl)c2Cl)CCP1c1ccccc1,CC1B(c2c(Cl)c(Cl)c(Cl)c(Cl)c2Cl)CCP1c1ccccc1,keep
Cc1cc(C)c(C(=C2B(c3c(F)c(F)c(F)c(F)c3F)C(c3c(F)c(F)c(F)c(F)c3F)=C([Si](C)(C)C)c3ccccc32)P(c2c(C)cc(C)cc2C)c2c(F)c(F)c(F)c(F)c2F)c(C)c1,Cc1cc(C)c(C(=C2B(c3c(F)c(F)c(F)c(F)c3F)C(c3c(F)c(F)c(F)c(F)c3F)=C([Si](C)(C)C)c3ccccc32)P(c2c(C)cc(C)cc2C)c2c(F)c(F)c(F)c(F)c2F)c(C)c1,keep
Cc1cc(C)c(C(=C2B(c3c(Cl)c(Cl)c(Cl)c(Cl)c3Cl)C(c3c(Cl)c(Cl)c(Cl)c(Cl)c3Cl)=C([Si](C)(C)C)c3ccccc32)P(c2c(C)cc(C)cc2C)c2c(Cl)c(Cl)c(Cl)c(Cl)c2Cl)c(C)c1,Cc1cc(C)c(C(=C2B(c3c(Cl)c(Cl)c(Cl)c(Cl)c3Cl)C(c3c(Cl)c(Cl)c(Cl)c(Cl)c3Cl)=C([Si](C)(C)C)c3ccccc32)P(c2c(C)cc(C)cc2C)c2c(Cl)c(Cl)c(Cl)c(Cl)c2Cl)c(C)c1,keep
C[Si](C)(C)C1=C(c2c(F)c(F)c(F)c(F)c2F)B(c2c(F)c(F)c(F)c(F)c2F)C(=C(c2ccccc2)P(c2ccccc2)c2c(F)c(F)c(F)c(F)c2F)c2ccccc21,C[Si](C)(C)C1=C(c2c(F)c(F)c(F)c(F)c2F)B(c2c(F)c(F)c(F)c(F)c2F)C(=C(c2ccccc2)P(c2ccccc2)c2c(F)c(F)c(F)c(F)c2F)c2ccccc21,keep
C[Si](C)(C)C1=C(c2c(Cl)c(Cl)c(Cl)c(Cl)c2Cl)B(c2c(Cl)c(Cl)c(Cl)c(Cl)c2Cl)C(=C(c2ccccc2)P(c2ccccc2)c2c(Cl)c(Cl)c(Cl)c(Cl)c2Cl)c2ccccc21,C[Si](C)(C)C1=C(c2c(Cl)c(Cl)c(Cl)c(Cl)c2Cl)B(c2c(Cl)c(Cl)c(Cl)c(Cl)c2Cl)C(=C(c2ccccc2)P(c2ccccc2)c2c(Cl)c(Cl)c(Cl)c(Cl)c2Cl)c2ccccc21,keep
Cc1cc(C)c(PC(=CC(C)(C)C)B(c2c(F)c(F)c(F)c(F)c2F)c2c(F)c(F)c(F)c(F)c2F)c(C)c1,Cc1cc(C)c(PC(=CC(C)(C)C)B(c2c(F)c(F)c(F)c(F)c2F)c2c(F)c(F)c(F)c(F)c2F)c(C)c1,keep
Cc1cc(C)c(PC(=CC(C)(C)C)B(c2c(Cl)c(Cl)c(Cl)c(Cl)c2Cl)c2c(Cl)c(Cl)c(Cl)c(Cl)c2Cl)c(C)c1,Cc1cc(C)c(PC(=CC(C)(C)C)B(c2c(Cl)c(Cl)c(Cl)c(Cl)c2Cl)c2c(Cl)c(Cl)c(Cl)c(Cl)c2Cl)c(C)c1,keep
CC(C)(C)C=C(Pc1ccccc1)B(c1c(F)c(F)c(F)c(F)c1F)c1c(F)c(F)c(F)c(F)c1F,CC(C)(C)C=C(Pc1ccccc1)B(c1c(F)c(F)c(F)c(F)c1F)c1c(F)c(F)c(F)c(F)c1F,keep
CC(C)(C)C=C(Pc1ccccc1)B(c1c(Cl)c(Cl)c(Cl)c(Cl)c1Cl)c1c(Cl)c(Cl)c(Cl)c(Cl)c1Cl,CC(C)(C)C=C(Pc1ccccc1)B(c1c(Cl)c(Cl)c(Cl)c(Cl)c1Cl)c1c(Cl)c(Cl)c(Cl)c(Cl)c1Cl,keep
CC(C)(C)P(CB(c1c(F)c(F)c(F)c(F)c1F)c1c(F)c(F)c(F)c(F)c1F)C(C)(C)C,CC(C)(C)P(CB(c1c(F)c(F)c(F)c(F)c1F)c1c(F)c(F)c(F)c(F)c1F)C(C)(C)C,keep
CC(C)(C)P(CB(c1c(Cl)c(Cl)c(Cl)c(Cl)c1Cl)c1c(Cl)c(Cl)c(Cl)c(Cl)c1Cl)C(C)(C)C,CC(C)(C)P(CB(c1c(Cl)c(Cl)c(Cl)c(Cl)c1Cl)c1c(Cl)c(Cl)c(Cl)c(Cl)c1Cl)C(C)(C)C,keep
Cc1cc(C)c(P(c2c(C)cc(C)cc2C)c2c(B(c3c(F)c(F)c(F)c(F)c3F)c3c(F)c(F)c(F)c(F)c3F)cc(-c3ccccc3)c3c2CCCC3)c(C)c1,Cc1cc(C)c(P(c2c(C)cc(C)cc2C)c2c(B(c3c(F)c(F)c(F)c(F)c3F)c3c(F)c(F)c(F)c(F)c3F)cc(-c3ccccc3)c3c2CCCC3)c(C)c1,keep
Cc1cc(C)c(P(c2c(C)cc(C)cc2C)c2c(B(c3c(Cl)c(Cl)c(Cl)c(Cl)c3Cl)c3c(Cl)c(Cl)c(Cl)c(Cl)c3Cl)cc(-c3ccccc3)c3c2CCCC3)c(C)c1,Cc1cc(C)c(P(c2c(C)cc(C)cc2C)c2c(B(c3c(Cl)c(Cl)c(Cl)c(Cl)c3Cl)c3c(Cl)c(Cl)c(Cl)c(Cl)c3Cl)cc(-c3ccccc3)c3c2CCCC3)c(C)c1,keep
Fc1c(F)c(F)c(B(c2cc(-c3ccccc3)c3c(c2P(c2ccccc2)c2ccccc2)CCCC3)c2c(F)c(F)c(F)c(F)c2F)c(F)c1F,Fc1c(F)c(F)c(B(c2cc(-c3ccccc3)c3c(c2P(c2ccccc2)c2ccccc2)CCCC3)c2c(F)c(F)c(F)c(F)c2F)c(F)c1F,keep
Clc1c(Cl)c(Cl)c(B(c2cc(-c3ccccc3)c3c(c2P(c2ccccc2)c2ccccc2)CCCC3)c2c(Cl)c(Cl)c(Cl)c(Cl)c2Cl)c(Cl)c1Cl,Clc1c(Cl)c(Cl)c(B(c2cc(-c3ccccc3)c3c(c2P(c2ccccc2)c2ccccc2)CCCC3)c2c(Cl)c(Cl)c(Cl)c(Cl)c2Cl)c(Cl)c1Cl,keep
Cc1cc(C)c(-c2cc(B(c3c(F)c(F)c(F)c(F)c3F)c3c(F)c(F)c(F)c(F)c3F)c(P(c3c(C)cc(C)cc3C)c3c(C)cc(C)cc3C)c3c2CCCC3)c(C)c1,Cc1cc(C)c(-c2cc(B(c3c(F)c(F)c(F)c(F)c3F)c3c(F)c(F)c(F)c(F)c3F)c(P(c3c(C)cc(C)cc3C)c3c(C)cc(C)cc3C)c3c2CCCC3)c(C)c1,keep
Cc1cc(C)c(-c2cc(B(c3c(Cl)c(Cl)c(Cl)c(Cl)c3Cl)c3c(Cl)c(Cl)c(Cl)c(Cl)c3Cl)c(P(c3c(C)cc(C)cc3C)c3c(C)cc(C)cc3C)c3c2CCCC3)c(C)c1,Cc1cc(C)c(-c2cc(B(c3c(Cl)c(Cl)c(Cl)c(Cl)c3Cl)c3c(Cl)c(Cl)c(Cl)c(Cl)c3Cl)c(P(c3c(C)cc(C)cc3C)c3c(C)cc(C)cc3C)c3c2CCCC3)c(C)c1,keep
Cc1cc(C)c(P(C2=C3CCCCC3C(c3ccccc3)C=C2B(c2c(F)c(F)c(F)c(F)c2F)c2c(F)c(F)c(F)c(F)c2F)c2c(C)cc(C)cc2C)c(C)c1,Cc1cc(C)c(P(C2=C3CCCCC3C(c3ccccc3)C=C2B(c2c(F)c(F)c(F)c(F)c2F)c2c(F)c(F)c(F)c(F)c2F)c2c(C)cc(C)cc2C)c(C)c1,keep
Cc1cc(C)c(P(C2=C3CCCCC3C(c3ccccc3)C=C2B(c2c(Cl)c(Cl)c(Cl)c(Cl)c2Cl)c2c(Cl)c(Cl)c(Cl)c(Cl)c2Cl)c2c(C)cc(C)cc2C)c(C)c1,Cc1cc(C)c(P(C2=C3CCCCC3C(c3ccccc3)C=C2B(c2c(Cl)c(Cl)c(Cl)c(Cl)c2Cl)c2c(Cl)c(Cl)c(Cl)c(Cl)c2Cl)c2c(C)cc(C)cc2C)c(C)c1,keep
Fc1c(F)c(F)c(B(C2=CC(c3ccccc3)C3CCCCC3=C2P(c2ccccc2)c2ccccc2)c2c(F)c(F)c(F)c(F)c2F)c(F)c1F,Fc1c(F)c(F)c(B(C2=CC(c3ccccc3)C3CCCCC3=C2P(c2ccccc2)c2ccccc2)c2c(F)c(F)c(F)c(F)c2F)c(F)c1F,keep
Clc1c(Cl)c(Cl)c(B(C2=CC(c3ccccc3)C3CCCCC3=C2P(c2ccccc2)c2ccccc2)c2c(Cl)c(Cl)c(Cl)c(Cl)c2Cl)c(Cl)c1Cl,Clc1c(Cl)c(Cl)c(B(C2=CC(c3ccccc3)C3CCCCC3=C2P(c2ccccc2)c2ccccc2)c2c(Cl)c(Cl)c(Cl)c(Cl)c2Cl)c(Cl)c1Cl,keep
Cc1cc(C)c(C2C=C(B(c3c(F)c(F)c(F)c(F)c3F)c3c(F)c(F)c(F)c(F)c3F)C(P(c3c(C)cc(C)cc3C)c3c(C)cc(C)cc3C)=C3CCCCC32)c(C)c1,Cc1cc(C)c(C2C=C(B(c3c(F)c(F)c(F)c(F)c3F)c3c(F)c(F)c(F)c(F)c3F)C(P(c3c(C)cc(C)cc3C)c3c(C)cc(C)cc3C)=C3CCCCC32)c(C)c1,keep
Cc1cc(C)c(C2C=C(B(c3c(Cl)c(Cl)c(Cl)c(Cl)c3Cl)c3c(Cl)c(Cl)c(Cl)c(Cl)c3Cl)C(P(c3c(C)cc(C)cc3C)c3c(C)cc(C)cc3C)=C3CCCCC32)c(C)c1,Cc1cc(C)c(C2C=C(B(c3c(Cl)c(Cl)c(Cl)c(Cl)c3Cl)c3c(Cl)c(Cl)c(Cl)c(Cl)c3Cl)C(P(c3c(C)cc(C)cc3C)c3c(C)cc(C)cc3C)=C3CCCCC32)c(C)c1,keep
C=CP(CCB(c1c(F)c(F)c(F)c(F)c1F)c1c(F)c(F)c(F)c(F)c1F)c1c2c(cc3c1C(CC)(CC)CC3(CC)CC)C(CC)(CC)CC2(CC)CC,C=CP(CCB(c1c(F)c(F)c(F)c(F)c1F)c1c(F)c(F)c(F)c(F)c1F)c1c2c(cc3c1C(CC)(CC)CC3(CC)CC)C(CC)(CC)CC2(CC)CC,keep
C=CP(CCB(c1c(Cl)c(Cl)c(Cl)c(Cl)c1Cl)c1c(Cl)c(Cl)c(Cl)c(Cl)c1Cl)c1c2c(cc3c1C(CC)(CC)CC3(CC)CC)C(CC)(CC)CC2(CC)CC,C=CP(CCB(c1c(Cl)c(Cl)c(Cl)c(Cl)c1Cl)c1c(Cl)c(Cl)c(Cl)c(Cl)c1Cl)c1c2c(cc3c1C(CC)(CC)CC3(CC)CC)C(CC)(CC)CC2(CC)CC,keep
CCC1(CC)CC(CC)(CC)c2c1cc1c(c2P2CCB(c3c(F)c(F)c(F)c(F)c3F)C2C)C(CC)(CC)CC1(CC)CC,CCC1(CC)CC(CC)(CC)c2c1cc1c(c2P2CCB(c3c(F)c(F)c(F)c(F)c3F)C2C)C(CC)(CC)CC1(CC)CC,keep
CCC1(CC)CC(CC)(CC)c2c1cc1c(c2P2CCB(c3c(Cl)c(Cl)c(Cl)c(Cl)c3Cl)C2C)C(CC)(CC)CC1(CC)CC,CCC1(CC)CC(CC)(CC)c2c1cc1c(c2P2CCB(c3c(Cl)c(Cl)c(Cl)c(Cl)c3Cl)C2C)C(CC)(CC)CC1(CC)CC,keep
Cc1cc(C)c(-c2cccc(-c3c(C)cc(C)cc3C)c2P2CCC(B(c3c(F)c(F)c(F)c(F)c3F)c3c(F)c(F)c(F)c(F)c3F)C2)c(C)c1,Cc1cc(C)c(-c2cccc(-c3c(C)cc(C)cc3C)c2P2CCC(B(c3c(F)c(F)c(F)c(F)c3F)c3c(F)c(F)c(F)c(F)c3F)C2)c(C)c1,keep
Cc1cc(C)c(-c2cccc(-c3c(C)cc(C)cc3C)c2P2CCC(B(c3c(Cl)c(Cl)c(Cl)c(Cl)c3Cl)c3c(Cl)c(Cl)c(Cl)c(Cl)c3Cl)C2)c(C)c1,Cc1cc(C)c(-c2cccc(-c3c(C)cc(C)cc3C)c2P2CCC(B(c3c(Cl)c(Cl)c(Cl)c(Cl)c3Cl)c3c(Cl)c(Cl)c(Cl)c(Cl)c3Cl)C2)c(C)c1,keep
Cc1cc(C)c(BC=C(P(c2c(C)cc(C)cc2C)c2c(C)cc(C)cc2C)[Si](C)(C)C)c(C)c1,Cc1cc(C)c(BC=C(P(c2c(C)cc(C)cc2C)c2c(C)cc(C)cc2C)[Si](C)(C)C)c(C)c1,keep
C[Si](C)(C)C(=CBc1ccccc1)P(c1ccccc1)c1ccccc1,C[Si](C)(C)C(=CBc1ccccc1)P(c1ccccc1)c1ccccc1,keep
Fc1c(F)c(F)c(B(c2ccccc2N(c2ccccc2)c2ccccc2)c2c(F)c(F)c(F)c(F)c2F)c(F)c1F,Fc1c(F)c(F)c(B(c2ccccc2N(c2ccccc2)c2ccccc2)c2c(F)c(F)c(F)c(F)c2F)c(F)c1F,keep
Clc1c(Cl)c(Cl)c(B(c2ccccc2N(c2ccccc2)c2ccccc2)c2c(Cl)c(Cl)c(Cl)c(Cl)c2Cl)c(Cl)c1Cl,Clc1c(Cl)c(Cl)c(B(c2ccccc2N(c2ccccc2)c2ccccc2)c2c(Cl)c(Cl)c(Cl)c(Cl)c2Cl)c(Cl)c1Cl,keep
Cc1cc(C)c(N(c2ccccc2B(c2c(F)c(F)c(F)c(F)c2F)c2c(F)c(F)c(F)c(F)c2F)c2c(C)cc(C)cc2C)c(C)c1,Cc1cc(C)c(N(c2ccccc2B(c2c(F)c(F)c(F)c(F)c2F)c2c(F)c(F)c(F)c(F)c2F)c2c(C)cc(C)cc2C)c(C)c1,keep
Cc1cc(C)c(N(c2ccccc2B(c2c(Cl)c(Cl)c(Cl)c(Cl)c2Cl)c2c(Cl)c(Cl)c(Cl)c(Cl)c2Cl)c2c(C)cc(C)cc2C)c(C)c1,Cc1cc(C)c(N(c2ccccc2B(c2c(Cl)c(Cl)c(Cl)c(Cl)c2Cl)c2c(Cl)c(Cl)c(Cl)c(Cl)c2Cl)c2c(C)cc(C)cc2C)c(C)c1,keep
CC1(C)CCCC(C)(C)N1c1ccccc1B(c1c(F)c(F)c(F)c(F)c1F)c1c(F)c(F)c(F)c(F)c1F,CC1(C)CCCC(C)(C)N1c1ccccc1B(c1c(F)c(F)c(F)c(F)c1F)c1c(F)c(F)c(F)c(F)c1F,keep
CC1(C)CCCC(C)(C)N1c1ccccc1B(c1c(Cl)c(Cl)c(Cl)c(Cl)c1Cl)c1c(Cl)c(Cl)c(Cl)c(Cl)c1Cl,CC1(C)CCCC(C)(C)N1c1ccccc1B(c1c(Cl)c(Cl)c(Cl)c(Cl)c1Cl)c1c(Cl)c(Cl)c(Cl)c(Cl)c1Cl,keep
CC1(C)CCCC(C)(C)N1Cc1ccccc1B(c1c(F)c(F)c(F)c(F)c1F)c1c(F)c(F)c(F)c(F)c1F,CC1(C)CCCC(C)(C)N1Cc1ccccc1B(c1c(F)c(F)c(F)c(F)c1F)c1c(F)c(F)c(F)c(F)c1F,keep
CC1(C)CCCC(C)(C)N1Cc1ccccc1B(c1c(Cl)c(Cl)c(Cl)c(Cl)c1Cl)c1c(Cl)c(Cl)c(Cl)c(Cl)c1Cl,CC1(C)CCCC(C)(C)N1Cc1ccccc1B(c1c(Cl)c(Cl)c(Cl)c(Cl)c1Cl)c1c(Cl)c(Cl)c(Cl)c(Cl)c1Cl,keep
Cc1cccc(C)c1B(c1c(C)cccc1C)C1CCCCN1,Cc1cccc(C)c1B(c1c(C)cccc1C)C1CCCCN1,keep
CC(C)(C)c1cc(C(C)(C)C)n(B(c2c(F)c(F)c(F)c(F)c2F)c2c(F)c(F)c(F)c(F)c2F)n1,CC(C)(C)c1cc(C(C)(C)C)n(B(c2c(F)c(F)c(F)c(F)c2F)c2c(F)c(F)c(F)c(F)c2F)n1,keep
CC(C)(C)c1cc(C(C)(C)C)n(B(c2c(Cl)c(Cl)c(Cl)c(Cl)c2Cl)c2c(Cl)c(Cl)c(Cl)c(Cl)c2Cl)n1,CC(C)(C)c1cc(C(C)(C)C)n(B(c2c(Cl)c(Cl)c(Cl)c(Cl)c2Cl)c2c(Cl)c(Cl)c(Cl)c(Cl)c2Cl)n1,keep
CCN(CC)C(B(c1c(F)c(F)c(F)c(F)c1F)c1c(F)c(F)c(F)c(F)c1F)c1ccccc1,CCN(CC)C(B(c1c(F)c(F)c(F)c(F)c1F)c1c(F)c(F)c(F)c(F)c1F)c1ccccc1,keep
CCN(CC)C(B(c1c(Cl)c(Cl)c(Cl)c(Cl)c1Cl)c1c(Cl)c(Cl)c(Cl)c(Cl)c1Cl)c1ccccc1,CCN(CC)C(B(c1c(Cl)c(Cl)c(Cl)c(Cl)c1Cl)c1c(Cl)c(Cl)c(Cl)c(Cl)c1Cl)c1ccccc1,keep
CCN(CC)C(B(c1c(F)c(F)c(F)c(F)c1F)c1c(F)c(F)c(F)c(F)c1F)c1c(C)cc(C)cc1C,CCN(CC)C(B(c1c(F)c(F)c(F)c(F)c1F)c1c(F)c(F)c(F)c(F)c1F)c1c(C)cc(C)cc1C,keep
CCN(CC)C(B(c1c(Cl)c(Cl)c(Cl)c(Cl)c1Cl)c1c(Cl)c(Cl)c(Cl)c(Cl)c1Cl)c1c(C)cc(C)cc1C,CCN(CC)C(B(c1c(Cl)c(Cl)c(Cl)c(Cl)c1Cl)c1c(Cl)c(Cl)c(Cl)c(Cl)c1Cl)c1c(C)cc(C)cc1C,keep
Fc1c(F)c(F)c(B(CC(c2ccccc2)N2CCCCC2)c2c(F)c(F)c(F)c(F)c2F)c(F)c1F,Fc1c(F)c(F)c(B(CC(c2ccccc2)N2CCCCC2)c2c(F)c(F)c(F)c(F)c2F)c(F)c1F,keep
Clc1c(Cl)c(Cl)c(B(CC(c2ccccc2)N2CCCCC2)c2c(Cl)c(Cl)c(Cl)c(Cl)c2Cl)c(Cl)c1Cl,Clc1c(Cl)c(Cl)c(B(CC(c2ccccc2)N2CCCCC2)c2c(Cl)c(Cl)c(Cl)c(Cl)c2Cl)c(Cl)c1Cl,keep
Cc1cc(C)c(C(CB(c2c(F)c(F)c(F)c(F)c2F)c2c(F)c(F)c(F)c(F)c2F)N2CCCCC2)c(C)c1,Cc1cc(C)c(C(CB(c2c(F)c(F)c(F)c(F)c2F)c2c(F)c(F)c(F)c(F)c2F)N2CCCCC2)c(C)c1,keep
Cc1cc(C)c(C(CB(c2c(Cl)c(Cl)c(Cl)c(Cl)c2Cl)c2c(Cl)c(Cl)c(Cl)c(Cl)c2Cl)N2CCCCC2)c(C)c1,Cc1cc(C)c(C(CB(c2c(Cl)c(Cl)c(Cl)c(Cl)c2Cl)c2c(Cl)c(Cl)c(Cl)c(Cl)c2Cl)N2CCCCC2)c(C)c1,keep
CCN(CC)C(CB(c1c(F)c(F)c(F)c(F)c1F)c1c(F)c(F)c(F)c(F)c1F)c1ccccc1,CCN(CC)C(CB(c1c(F)c(F)c(F)c(F)c1F)c1c(F)c(F)c(F)c(F)c1F)c1ccccc1,keep
CCN(CC)C(CB(c1c(Cl)c(Cl)c(Cl)c(Cl)c1Cl)c1c(Cl)c(Cl)c(Cl)c(Cl)c1Cl)c1ccccc1,CCN(CC)C(CB(c1c(Cl)c(Cl)c(Cl)c(Cl)c1Cl)c1c(Cl)c(Cl)c(Cl)c(Cl)c1Cl)c1ccccc1,keep
CCN(CC)C(CB(c1c(F)c(F)c(F)c(F)c1F)c1c(F)c(F)c(F)c(F)c1F)c1c(C)cc(C)cc1C,CCN(CC)C(CB(c1c(F)c(F)c(F)c(F)c1F)c1c(F)c(F)c(F)c(F)c1F)c1c(C)cc(C)cc1C,keep
CCN(CC)C(CB(c1c(Cl)c(Cl)c(Cl)c(Cl)c1Cl)c1c(Cl)c(Cl)c(Cl)c(Cl)c1Cl)c1c(C)cc(C)cc1C,CCN(CC)C(CB(c1c(Cl)c(Cl)c(Cl)c(Cl)c1Cl)c1c(Cl)c(Cl)c(Cl)c(Cl)c1Cl)c1c(C)cc(C)cc1C,keep
CC(C)(B(c1c(F)c(F)c(F)c(F)c1F)c1c(F)c(F)c(F)c(F)c1F)C(c1ccccc1)N1CCCCC1,CC(C)(B(c1c(F)c(F)c(F)c(F)c1F)c1c(F)c(F)c(F)c(F)c1F)C(c1ccccc1)N1CCCCC1,keep
CC(C)(B(c1c(Cl)c(Cl)c(Cl)c(Cl)c1Cl)c1c(Cl)c(Cl)c(Cl)c(Cl)c1Cl)C(c1ccccc1)N1CCCCC1,CC(C)(B(c1c(Cl)c(Cl)c(Cl)c(Cl)c1Cl)c1c(Cl)c(Cl)c(Cl)c(Cl)c1Cl)C(c1ccccc1)N1CCCCC1,keep
Cc1cc(C)c(C(N2CCCCC2)C(C)(C)B(c2c(F)c(F)c(F)c(F)c2F)c2c(F)c(F)c(F)c(F)c2F)c(C)c1,Cc1cc(C)c(C(N2CCCCC2)C(C)(C)B(c2c(F)c(F)c(F)c(F)c2F)c2c(F)c(F)c(F)c(F)c2F)c(C)c1,keep
Cc1cc(C)c(C(N2CCCCC2)C(C)(C)B(c2c(Cl)c(Cl)c(Cl)c(Cl)c2Cl)c2c(Cl)c(Cl)c(Cl)c(Cl)c2Cl)c(C)c1,Cc1cc(C)c(C(N2CCCCC2)C(C)(C)B(c2c(Cl)c(Cl)c(Cl)c(Cl)c2Cl)c2c(Cl)c(Cl)c(Cl)c(Cl)c2Cl)c(C)c1,keep
Fc1c(F)c(F)c(B(c2c(F)c(F)c(F)c(F)c2F)C2CCCCC2N2CCCCC2)c(F)c1F,Fc1c(F)c(F)c(B(c2c(F)c(F)c(F)c(F)c2F)C2CCCCC2N2CCCCC2)c(F)c1F,keep
Clc1c(Cl)c(Cl)c(B(c2c(Cl)c(Cl)c(Cl)c(Cl)c2Cl)C2CCCCC2N2CCCCC2)c(Cl)c1Cl,Clc1c(Cl)c(Cl)c(B(c2c(Cl)c(Cl)c(Cl)c(Cl)c2Cl)C2CCCCC2N2CCCCC2)c(Cl)c1Cl,keep
Fc1c(F)c(F)c(B(c2c(F)c(F)c(F)c(F)c2F)C2CCCCC2N2CCCC2)c(F)c1F,Fc1c(F)c(F)c(B(c2c(F)c(F)c(F)c(F)c2F)C2CCCCC2N2CCCC2)c(F)c1F,keep
Clc1c(Cl)c(Cl)c(B(c2c(Cl)c(Cl)c(Cl)c(Cl)c2Cl)C2CCCCC2N2CCCC2)c(Cl)c1Cl,Clc1c(Cl)c(Cl)c(B(c2c(Cl)c(Cl)c(Cl)c(Cl)c2Cl)C2CCCCC2N2CCCC2)c(Cl)c1Cl,keep
CC(C)c1cccc2c1N(Cc1ccccc1B(c1c(F)c(F)c(F)c(F)c1F)c1c(F)c(F)c(F)c(F)c1F)C(c1ccccc1)C2(C)C,CC(C)c1cccc2c1N(Cc1ccccc1B(c1c(F)c(F)c(F)c(F)c1F)c1c(F)c(F)c(F)c(F)c1F)C(c1ccccc1)C2(C)C,keep
CC(C)c1cccc2c1N(Cc1ccccc1B(c1c(Cl)c(Cl)c(Cl)c(Cl)c1Cl)c1c(Cl)c(Cl)c(Cl)c(Cl)c1Cl)C(c1ccccc1)C2(C)C,CC(C)c1cccc2c1N(Cc1ccccc1B(c1c(Cl)c(Cl)c(Cl)c(Cl)c1Cl)c1c(Cl)c(Cl)c(Cl)c(Cl)c1Cl)C(c1ccccc1)C2(C)C,keep
Cc1cc(C)c(C2N(Cc3ccccc3B(c3c(F)c(F)c(F)c(F)c3F)c3c(F)c(F)c(F)c(F)c3F)c3c(C(C)C)cccc3C2(C)C)c(C)c1,Cc1cc(C)c(C2N(Cc3ccccc3B(c3c(F)c(F)c(F)c(F)c3F)c3c(F)c(F)c(F)c(F)c3F)c3c(C(C)C)cccc3C2(C)C)c(C)c1,keep
Cc1cc(C)c(C2N(Cc3ccccc3B(c3c(Cl)c(Cl)c(Cl)c(Cl)c3Cl)c3c(Cl)c(Cl)c(Cl)c(Cl)c3Cl)c3c(C(C)C)cccc3C2(C)C)c(C)c1,Cc1cc(C)c(C2N(Cc3ccccc3B(c3c(Cl)c(Cl)c(Cl)c(Cl)c3Cl)c3c(Cl)c(Cl)c(Cl)c(Cl)c3Cl)c3c(C(C)C)cccc3C2(C)C)c(C)c1,keep
CN(C)c1ccccc1B(c1c(F)c(F)c(F)c(F)c1F)c1c(F)c(F)c(F)c(F)c1F,CN(C)c1ccccc1B(c1c(F)c(F)c(F)c(F)c1F)c1c(F)c(F)c(F)c(F)c1F,keep
CN(C)c1ccccc1B(c1c(Cl)c(Cl)c(Cl)c(Cl)c1Cl)c1c(Cl)c(Cl)c(Cl)c(Cl)c1Cl,CN(C)c1ccccc1B(c1c(Cl)c(Cl)c(Cl)c(Cl)c1Cl)c1c(Cl)c(Cl)c(Cl)c(Cl)c1Cl,keep
Cc1cc(C)c(B(c2ccccc2N(c2c(C)cc(C)cc2C)c2c(C)cc(C)cc2C)c2c(C)cc(C)cc2C)c(C)c1,Cc1cc(C)c(B(c2ccccc2N(c2c(C)cc(C)cc2C)c2c(C)cc(C)cc2C)c2c(C)cc(C)cc2C)c(C)c1,keep
c1ccc(B(c2ccccc2)c2ccccc2N(c2ccccc2)c2ccccc2)cc1,c1ccc(B(c2ccccc2)c2ccccc2N(c2ccccc2)c2ccccc2)cc1,keep
Cc1cc(C)c(N(c2ccccc2B(c2cc(C)c(C)cc2C)c2cc(C)cc(C)c2C)c2c(C)cc(C)cc2C)c(C)c1,Cc1cc(C)c(N(c2ccccc2B(c2cc(C)c(C)cc2C)c2cc(C)cc(C)c2C)c2c(C)cc(C)cc2C)c(C)c1,keep
Cc1cc(C)c(N(c2ccccc2)c2ccccc2B(c2cc(C)c(C)cc2C)c2cc(C)cc(C)c2C)c(C)c1,Cc1cc(C)c(N(c2ccccc2)c2ccccc2B(c2cc(C)c(C)cc2C)c2cc(C)cc(C)c2C)c(C)c1,keep
CC1(C)C2CCC1C(N1CCCCC1)C2B(c1c(F)c(F)c(F)c(F)c1F)c1c(F)c(F)c(F)c(F)c1F,CC1(C)C2CCC1C(N1CCCCC1)C2B(c1c(F)c(F)c(F)c(F)c1F)c1c(F)c(F)c(F)c(F)c1F,keep
CC1(C)C2CCC1C(N1CCCCC1)C2B(c1c(Cl)c(Cl)c(Cl)c(Cl)c1Cl)c1c(Cl)c(Cl)c(Cl)c(Cl)c1Cl,CC1(C)C2CCC1C(N1CCCCC1)C2B(c1c(Cl)c(Cl)c(Cl)c(Cl)c1Cl)c1c(Cl)c(Cl)c(Cl)c(Cl)c1Cl,keep
Fc1c(F)c(F)c(B(c2c(F)c(F)c(F)c(F)c2F)C2CCCC2N2CCCCC2)c(F)c1F,Fc1c(F)c(F)c(B(c2c(F)c(F)c(F)c(F)c2F)C2CCCC2N2CCCCC2)c(F)c1F,keep
Clc1c(Cl)c(Cl)c(B(c2c(Cl)c(Cl)c(Cl)c(Cl)c2Cl)C2CCCC2N2CCCCC2)c(Cl)c1Cl,Clc1c(Cl)c(Cl)c(B(c2c(Cl)c(Cl)c(Cl)c(Cl)c2Cl)C2CCCC2N2CCCCC2)c(Cl)c1Cl,keep
CC1(C)COCC(C)(C)N1Cc1ccccc1B(c1c(F)c(F)c(F)c(F)c1F)c1c(F)c(F)c(F)c(F)c1F,CC1(C)COCC(C)(C)N1Cc1ccccc1B(c1c(F)c(F)c(F)c(F)c1F)c1c(F)c(F)c(F)c(F)c1F,keep
CC1(C)COCC(C)(C)N1Cc1ccccc1B(c1c(Cl)c(Cl)c(Cl)c(Cl)c1Cl)c1c(Cl)c(Cl)c(Cl)c(Cl)c1Cl,CC1(C)COCC(C)(C)N1Cc1ccccc1B(c1c(Cl)c(Cl)c(Cl)c(Cl)c1Cl)c1c(Cl)c(Cl)c(Cl)c(Cl)c1Cl,keep
CC1(C)c2ccccc2N(Cc2ccccc2B(c2c(F)c(F)c(F)c(F)c2F)c2c(F)c(F)c(F)c(F)c2F)C1c1ccccc1,CC1(C)c2ccccc2N(Cc2ccccc2B(c2c(F)c(F)c(F)c(F)c2F)c2c(F)c(F)c(F)c(F)c2F)C1c1ccccc1,keep
CC1(C)c2ccccc2N(Cc2ccccc2B(c2c(Cl)c(Cl)c(Cl)c(Cl)c2Cl)c2c(Cl)c(Cl)c(Cl)c(Cl)c2Cl)C1c1ccccc1,CC1(C)c2ccccc2N(Cc2ccccc2B(c2c(Cl)c(Cl)c(Cl)c(Cl)c2Cl)c2c(Cl)c(Cl)c(Cl)c(Cl)c2Cl)C1c1ccccc1,keep
Cc1cc(C)c(C2N(Cc3ccccc3B(c3c(F)c(F)c(F)c(F)c3F)c3c(F)c(F)c(F)c(F)c3F)c3ccccc3C2(C)C)c(C)c1,Cc1cc(C)c(C2N(Cc3ccccc3B(c3c(F)c(F)c(F)c(F)c3F)c3c(F)c(F)c(F)c(F)c3F)c3ccccc3C2(C)C)c(C)c1,keep
Cc1cc(C)c(C2N(Cc3ccccc3B(c3c(Cl)c(Cl)c(Cl)c(Cl)c3Cl)c3c(Cl)c(Cl)c(Cl)c(Cl)c3Cl)c3ccccc3C2(C)C)c(C)c1,Cc1cc(C)c(C2N(Cc3ccccc3B(c3c(Cl)c(Cl)c(Cl)c(Cl)c3Cl)c3c(Cl)c(Cl)c(Cl)c(Cl)c3Cl)c3ccccc3C2(C)C)c(C)c1,keep
CC1CC(C)(C)N(Cc2ccccc2B(c2c(F)c(F)c(F)c(F)c2F)c2c(F)c(F)c(F)c(F)c2F)c2ccccc21,CC1CC(C)(C)N(Cc2ccccc2B(c2c(F)c(F)c(F)c(F)c2F)c2c(F)c(F)c(F)c(F)c2F)c2ccccc21,keep
CC1CC(C)(C)N(Cc2ccccc2B(c2c(Cl)c(Cl)c(Cl)c(Cl)c2Cl)c2c(Cl)c(Cl)c(Cl)c(Cl)c2Cl)c2ccccc21,CC1CC(C)(C)N(Cc2ccccc2B(c2c(Cl)c(Cl)c(Cl)c(Cl)c2Cl)c2c(Cl)c(Cl)c(Cl)c(Cl)c2Cl)c2ccccc21,keep
CC(C)C1CCC2(C)c3ccccc3N(Cc3ccccc3B(c3c(F)c(F)c(F)c(F)c3F)c3c(F)c(F)c(F)c(F)c3F)C2(c2ccccc2)C1,CC(C)C1CCC2(C)c3ccccc3N(Cc3ccccc3B(c3c(F)c(F)c(F)c(F)c3F)c3c(F)c(F)c(F)c(F)c3F)C2(c2ccccc2)C1,keep
CC(C)C1CCC2(C)c3ccccc3N(Cc3ccccc3B(c3c(Cl)c(Cl)c(Cl)c(Cl)c3Cl)c3c(Cl)c(Cl)c(Cl)c(Cl)c3Cl)C2(c2ccccc2)C1,CC(C)C1CCC2(C)c3ccccc3N(Cc3ccccc3B(c3c(Cl)c(Cl)c(Cl)c(Cl)c3Cl)c3c(Cl)c(Cl)c(Cl)c(Cl)c3Cl)C2(c2ccccc2)C1,keep
Cc1cc(C)c(C23CC(C(C)C)CCC2(C)c2ccccc2N3Cc2ccccc2B(c2c(F)c(F)c(F)c(F)c2F)c2c(F)c(F)c(F)c(F)c2F)c(C)c1,Cc1cc(C)c(C23CC(C(C)C)CCC2(C)c2ccccc2N3Cc2ccccc2B(c2c(F)c(F)c(F)c(F)c2F)c2c(F)c(F)c(F)c(F)c2F)c(C)c1,keep
Cc1cc(C)c(C23CC(C(C)C)CCC2(C)c2ccccc2N3Cc2ccccc2B(c2c(Cl)c(Cl)c(Cl)c(Cl)c2Cl)c2c(Cl)c(Cl)c(Cl)c(Cl)c2Cl)c(C)c1,Cc1cc(C)c(C23CC(C(C)C)CCC2(C)c2ccccc2N3Cc2ccccc2B(c2c(Cl)c(Cl)c(Cl)c(Cl)c2Cl)c2c(Cl)c(Cl)c(Cl)c(Cl)c2Cl)c(C)c1,keep
CC1(C)CCCC(C)(C)N1c1ccccc1B1C2CCCC1CCC2,CC1(C)CCCC(C)(C)N1c1ccccc1B1C2CCCC1CCC2,keep
CC(C)N(C)c1ccc2ccccc2c1-c1c(B(c2c(F)c(F)c(F)c(F)c2F)c2c(F)c(F)c(F)c(F)c2F)ccc2ccccc12,CC(C)N(C)c1ccc2ccccc2c1-c1c(B(c2c(F)c(F)c(F)c(F)c2F)c2c(F)c(F)c(F)c(F)c2F)ccc2ccccc12,keep
CC(C)N(C)c1ccc2ccccc2c1-c1c(B(c2c(Cl)c(Cl)c(Cl)c(Cl)c2Cl)c2c(Cl)c(Cl)c(Cl)c(Cl)c2Cl)ccc2ccccc12,CC(C)N(C)c1ccc2ccccc2c1-c1c(B(c2c(Cl)c(Cl)c(Cl)c(Cl)c2Cl)c2c(Cl)c(Cl)c(Cl)c(Cl)c2Cl)ccc2ccccc12,keep
Cc1cccc(CB(c2c(F)c(F)c(F)c(F)c2F)c2c(F)c(F)c(F)c(F)c2F)n1,Cc1cccc(CB(c2c(F)c(F)c(F)c(F)c2F)c2c(F)c(F)c(F)c(F)c2F)n1,keep
Cc1cccc(CB(c2c(Cl)c(Cl)c(Cl)c(Cl)c2Cl)c2c(Cl)c(Cl)c(Cl)c(Cl)c2Cl)n1,Cc1cccc(CB(c2c(Cl)c(Cl)c(Cl)c(Cl)c2Cl)c2c(Cl)c(Cl)c(Cl)c(Cl)c2Cl)n1,keep
Fc1c(F)c(F)c(B(Cc2ccccn2)c2c(F)c(F)c(F)c(F)c2F)c(F)c1F,Fc1c(F)c(F)c(B(Cc2ccccn2)c2c(F)c(F)c(F)c(F)c2F)c(F)c1F,keep
Clc1c(Cl)c(Cl)c(B(Cc2ccccn2)c2c(Cl)c(Cl)c(Cl)c(Cl)c2Cl)c(Cl)c1Cl,Clc1c(Cl)c(Cl)c(B(Cc2ccccn2)c2c(Cl)c(Cl)c(Cl)c(Cl)c2Cl)c(Cl)c1Cl,keep
Cc1cc(N(C)C)cc(CB(c2c(F)c(F)c(F)c(F)c2F)c2c(F)c(F)c(F)c(F)c2F)n1,Cc1cc(N(C)C)cc(CB(c2c(F)c(F)c(F)c(F)c2F)c2c(F)c(F)c(F)c(F)c2F)n1,keep
Cc1cc(N(C)C)cc(CB(c2c(Cl)c(Cl)c(Cl)c(Cl)c2Cl)c2c(Cl)c(Cl)c(Cl)c(Cl)c2Cl)n1,Cc1cc(N(C)C)cc(CB(c2c(Cl)c(Cl)c(Cl)c(Cl)c2Cl)c2c(Cl)c(Cl)c(Cl)c(Cl)c2Cl)n1,keep
CC(C)(C)c1cccc(CCCCB(c2c(F)c(F)c(F)c(F)c2F)c2c(F)c(F)c(F)c(F)c2F)n1,CC(C)(C)c1cccc(CCCCB(c2c(F)c(F)c(F)c(F)c2F)c2c(F)c(F)c(F)c(F)c2F)n1,keep
CC(C)(C)c1cccc(CCCCB(c2c(Cl)c(Cl)c(Cl)c(Cl)c2Cl)c2c(Cl)c(Cl)c(Cl)c(Cl)c2Cl)n1,CC(C)(C)c1cccc(CCCCB(c2c(Cl)c(Cl)c(Cl)c(Cl)c2Cl)c2c(Cl)c(Cl)c(Cl)c(Cl)c2Cl)n1,keep
Bc1ccccc1N1C(C)(C)CCCC1(C)C,Bc1ccccc1N1C(C)(C)CCCC1(C)C,keep
CC1(C)CCCC(C)(C)N1c1ccccc1B(Cl)Cl,CC1(C)CCCC(C)(C)N1c1ccccc1B(Cl)Cl,keep
CC1(C)CCCC(C)(C)N1c1ccccc1BCl,CC1(C)CCCC(C)(C)N1c1ccccc1BCl,keep
CC1(C)CCCC(C)(C)N1c1ccccc1B(Cl)c1c(F)c(F)c(F)c(F)c1F,CC1(C)CCCC(C)(C)N1c1ccccc1B(Cl)c1c(F)c(F)c(F)c(F)c1F,keep
CC1(C)CCCC(C)(C)N1c1ccccc1B(Cl)c1c(Cl)c(Cl)c(Cl)c(Cl)c1Cl,CC1(C)CCCC(C)(C)N1c1ccccc1B(Cl)c1c(Cl)c(Cl)c(Cl)c(Cl)c1Cl,keep
CN(C)c1ccccc1B(Cl)Cl,CN(C)c1ccccc1B(Cl)Cl,keep
Bc1ccccc1N(C)C,Bc1ccccc1N(C)C,keep
CC(C)C1CCCC(C(C)C)N1CCB(c1c(F)c(F)c(F)c(F)c1F)c1c(F)c(F)c(F)c(F)c1F,CC(C)C1CCCC(C(C)C)N1CCB(c1c(F)c(F)c(F)c(F)c1F)c1c(F)c(F)c(F)c(F)c1F,keep
CC(C)C1CCCC(C(C)C)N1CCB(c1c(Cl)c(Cl)c(Cl)c(Cl)c1Cl)c1c(Cl)c(Cl)c(Cl)c(Cl)c1Cl,CC(C)C1CCCC(C(C)C)N1CCB(c1c(Cl)c(Cl)c(Cl)c(Cl)c1Cl)c1c(Cl)c(Cl)c(Cl)c(Cl)c1Cl,keep
CC(C)C1CCCC(C(C)C)N1C(C)CB(c1c(F)c(F)c(F)c(F)c1F)c1c(F)c(F)c(F)c(F)c1F,CC(C)C1CCCC(C(C)C)N1C(C)CB(c1c(F)c(F)c(F)c(F)c1F)c1c(F)c(F)c(F)c(F)c1F,keep
CC(C)C1CCCC(C(C)C)N1C(C)CB(c1c(Cl)c(Cl)c(Cl)c(Cl)c1Cl)c1c(Cl)c(Cl)c(Cl)c(Cl)c1Cl,CC(C)C1CCCC(C(C)C)N1C(C)CB(c1c(Cl)c(Cl)c(Cl)c(Cl)c1Cl)c1c(Cl)c(Cl)c(Cl)c(Cl)c1Cl,keep
CC1CCCC(C)N1CCCB(c1c(F)c(F)c(F)c(F)c1F)c1c(F)c(F)c(F)c(F)c1F,CC1CCCC(C)N1CCCB(c1c(F)c(F)c(F)c(F)c1F)c1c(F)c(F)c(F)c(F)c1F,keep
CC1CCCC(C)N1CCCB(c1c(Cl)c(Cl)c(Cl)c(Cl)c1Cl)c1c(Cl)c(Cl)c(Cl)c(Cl)c1Cl,CC1CCCC(C)N1CCCB(c1c(Cl)c(Cl)c(Cl)c(Cl)c1Cl)c1c(Cl)c(Cl)c(Cl)c(Cl)c1Cl,keep
CC(C)(C)c1cccc(OB(c2c(F)c(F)c(F)c(F)c2F)c2c(F)c(F)c(F)c(F)c2F)n1,CC(C)(C)c1cccc(OB(c2c(F)c(F)c(F)c(F)c2F)c2c(F)c(F)c(F)c(F)c2F)n1,keep
CC(C)(C)c1cccc(OB(c2c(Cl)c(Cl)c(Cl)c(Cl)c2Cl)c2c(Cl)c(Cl)c(Cl)c(Cl)c2Cl)n1,CC(C)(C)c1cccc(OB(c2c(Cl)c(Cl)c(Cl)c(Cl)c2Cl)c2c(Cl)c(Cl)c(Cl)c(Cl)c2Cl)n1,keep
CCC[CH2][Al]([CH2]CCC)[C](=CN1CCN(C)CC1)[Si](C)(C)C,CCC[CH2][Al]([CH2]CCC)[C](=CN1CCN(C)CC1)[Si](C)(C)C,keep
CC(C)(C)C=[C](Pc1ccccc1)[Al]([CH]([Si](C)(C)C)[Si](C)(C)C)[CH]([Si](C)(C)C)[Si](C)(C)C,CC(C)(C)C=[C](Pc1ccccc1)[Al]([CH]([Si](C)(C)C)[Si](C)(C)C)[CH]([Si](C)(C)C)[Si](C)(C)C,keep
C[CH2][Al]([CH2]C)[C](=CC(C)(C)C)P(CC)c1ccccc1,C[CH2][Al]([CH2]C)[C](=CC(C)(C)C)P(CC)c1ccccc1,keep
C[CH2][Al]([CH2]C)[C](=CC(C)(C)C)P(CC)c1c(C)cc(C)cc1C,C[CH2][Al]([CH2]C)[C](=CC(C)(C)C)P(CC)c1c(C)cc(C)cc1C,keep
Cc1cc(C)c(P([C](=CC(C)(C)C)[Al]([C](C)(C)C)[C](C)(C)C)c2c(C)cc(C)cc2C)c(C)c1,Cc1cc(C)c(P([C](=CC(C)(C)C)[Al]([C](C)(C)C)[C](C)(C)C)c2c(C)cc(C)cc2C)c(C)c1,keep
CC(C)(C)C=[C]([Al]([C](C)(C)C)[C](C)(C)C)P(c1ccccc1)c1ccccc1,CC(C)(C)C=[C]([Al]([C](C)(C)C)[C](C)(C)C)P(c1ccccc1)c1ccccc1,keep
Cc1cc(C)c(P([C](=Cc2ccccc2)[Al]([C](C)(C)C)[C](C)(C)C)c2c(C)cc(C)cc2C)c(C)c1,Cc1cc(C)c(P([C](=Cc2ccccc2)[Al]([C](C)(C)C)[C](C)(C)C)c2c(C)cc(C)cc2C)c(C)c1,keep
C[C](C)(C)[Al]([C](=Cc1ccccc1)P(c1ccccc1)c1ccccc1)[C](C)(C)C,C[C](C)(C)[Al]([C](=Cc1ccccc1)P(c1ccccc1)c1ccccc1)[C](C)(C)C,keep
Cc1cc(C)c(C=[C]([Al]([C](C)(C)C)[C](C)(C)C)P(c2c(C)cc(C)cc2C)c2c(C)cc(C)cc2C)c(C)c1,Cc1cc(C)c(C=[C]([Al]([C](C)(C)C)[C](C)(C)C)P(c2c(C)cc(C)cc2C)c2c(C)cc(C)cc2C)c(C)c1,keep
Cc1cc(C)c(P([C](=Cc2ccccc2)[Al]([CH2]C(C)(C)C)[CH2]C(C)(C)C)c2c(C)cc(C)cc2C)c(C)c1,Cc1cc(C)c(P([C](=Cc2ccccc2)[Al]([CH2]C(C)(C)C)[CH2]C(C)(C)C)c2c(C)cc(C)cc2C)c(C)c1,keep
CC(C)(C)[CH2][Al]([CH2]C(C)(C)C)[C](=Cc1ccccc1)P(c1ccccc1)c1ccccc1,CC(C)(C)[CH2][Al]([CH2]C(C)(C)C)[C](=Cc1ccccc1)P(c1ccccc1)c1ccccc1,keep
Cc1cc(C)c(C=[C]([Al]([CH2]C(C)(C)C)[CH2]C(C)(C)C)P(c2c(C)cc(C)cc2C)c2c(C)cc(C)cc2C)c(C)c1,Cc1cc(C)c(C=[C]([Al]([CH2]C(C)(C)C)[CH2]C(C)(C)C)P(c2c(C)cc(C)cc2C)c2c(C)cc(C)cc2C)c(C)c1,keep
CC[C](=C(CC)P(c1c(C)cc(C)cc1C)c1c(C)cc(C)cc1C)[Al]([C](C)(C)C)[C](C)(C)C,CC[C](=C(CC)P(c1c(C)cc(C)cc1C)c1c(C)cc(C)cc1C)[Al]([C](C)(C)C)[C](C)(C)C,keep
CC[C](=C(CC)P(c1ccccc1)c1ccccc1)[Al]([C](C)(C)C)[C](C)(C)C,CC[C](=C(CC)P(c1ccccc1)c1ccccc1)[Al]([C](C)(C)C)[C](C)(C)C,keep
CN1c2c(B(c3cc(C(F)(F)F)cc(C(F)(F)F)c3)c3cc(C(F)(F)F)cc(C(F)(F)F)c3)cccc2C(C)(C)c2cccc(B(c3cc(C(F)(F)F)cc(C(F)(F)F)c3)c3cc(C(F)(F)F)cc(C(F)(F)F)c3)c21,CN1c2c(B(c3cc(C(F)(F)F)cc(C(F)(F)F)c3)c3cc(C(F)(F)F)cc(C(F)(F)F)c3)cccc2C(C)(C)c2cccc(B(c3cc(C(F)(F)F)cc(C(F)(F)F)c3)c3cc(C(F)(F)F)cc(C(F)(F)F)c3)c21,keep
CN1c2c(B(c3c(F)c(F)c(F)c(F)c3F)c3c(F)c(F)c(F)c(F)c3F)cccc2C(C)(C)c2cccc(B(c3c(F)c(F)c(F)c(F)c3F)c3c(F)c(F)c(F)c(F)c3F)c21,CN1c2c(B(c3c(F)c(F)c(F)c(F)c3F)c3c(F)c(F)c(F)c(F)c3F)cccc2C(C)(C)c2cccc(B(c3c(F)c(F)c(F)c(F)c3F)c3c(F)c(F)c(F)c(F)c3F)c21,keep
CN1c2c(B(c3c(Cl)c(Cl)c(Cl)c(Cl)c3Cl)c3c(Cl)c(Cl)c(Cl)c(Cl)c3Cl)cccc2C(C)(C)c2cccc(B(c3c(Cl)c(Cl)c(Cl)c(Cl)c3Cl)c3c(Cl)c(Cl)c(Cl)c(Cl)c3Cl)c21,CN1c2c(B(c3c(Cl)c(Cl)c(Cl)c(Cl)c3Cl)c3c(Cl)c(Cl)c(Cl)c(Cl)c3Cl)cccc2C(C)(C)c2cccc(B(c3c(Cl)c(Cl)c(Cl)c(Cl)c3Cl)c3c(Cl)c(Cl)c(Cl)c(Cl)c3Cl)c21,keep
ClB(c1ccccc1Cl)c1ccccc1P(C1CCCCC1)C1CCCCC1,ClB(c1ccccc1Cl)c1ccccc1P(C1CCCCC1)C1CCCCC1,keep
Clc1cccc(Cl)c1B(c1ccccc1P(C1CCCCC1)C1CCCCC1)c1c(Cl)cccc1Cl,Clc1cccc(Cl)c1B(c1ccccc1P(C1CCCCC1)C1CCCCC1)c1c(Cl)cccc1Cl,keep
