token,P0_frequency,P5_frequency,frequency_difference,absolute_difference
C,0.19556620869343144,0.19387512713850102,-0.0016910815549304181,0.0016910815549304181
O,0.058497375506356114,0.05980003785694357,0.001302662350587458,0.001302662350587458
N,0.04110840707363525,0.03995657665844168,-0.0011518304151935735,0.0011518304151935735
=,0.04463082530272692,0.043735814265814875,-0.000895011036912044,0.000895011036912044
c,0.2443331245873758,0.24498013190120357,0.0006470073138277743,0.0006470073138277743
P,0.0,0.0006184886651757238,0.0006184886651757238,0.0006184886651757238
B,0.0,0.0005043061423740517,0.0005043061423740517,0.0005043061423740517
(,0.10160556658905483,0.10207611692426266,0.00047055033520783385,0.00047055033520783385
),0.10160556658905483,0.10207611692426266,0.00047055033520783385,0.00047055033520783385
F,0.008803668313993767,0.009183027447643405,0.0003793591336496375,0.0003793591336496375
S,0.00721939517104037,0.006843645045956766,-0.0003757501250836043,0.0003757501250836043
n,0.027261384352475472,0.026945546150978522,-0.0003158382014969499,0.0003158382014969499
[Si],0.0,0.00014476712712354855,0.00014476712712354855,0.00014476712712354855
[O-],0.0016737599539219336,0.0015460517484708548,-0.0001277082054510787,0.0001277082054510787
Cl,0.004889851414536869,0.004785301175094481,-0.00010455023944238792,0.00010455023944238792
s,0.004357175653610309,0.004255847691389108,-0.0001013279622212003,0.0001013279622212003
[CH2],0.0,9.804064829845952e-05,9.804064829845952e-05,9.804064829845952e-05
[CH3],0.0,8.32580895428859e-05,8.32580895428859e-05,8.32580895428859e-05
[N+],0.001279984024821298,0.0012111503311463077,-6.883369367499041e-05,6.883369367499041e-05
[O],0.0,6.72861295081282e-05,6.72861295081282e-05,6.72861295081282e-05
[Ge],0.0,5.930014949074935e-05,5.930014949074935e-05,5.930014949074935e-05
[c],0.0,5.590186012165196e-05,5.590186012165196e-05,5.590186012165196e-05
#,0.0018007734920708232,0.0017463809067791455,-5.439258529167765e-05,5.439258529167765e-05
o,0.003447194970535576,0.0033935317639806474,-5.366320655492878e-05,5.366320655492878e-05
[Al],0.0,4.400784732981112e-05,4.400784732981112e-05,4.400784732981112e-05
3,0.017245993300205667,0.017208937365109152,-3.7055935096515225e-05,3.7055935096515225e-05
Br,0.0013745649616514206,0.001345552675694109,-2.9012285957311567e-05,2.9012285957311567e-05
[CH],0.0,2.752614388968881e-05,2.752614388968881e-05,2.752614388968881e-05
[C],0.0,2.361811111522682e-05,2.361811111522682e-05,2.361811111522682e-05
1,0.07480621945222525,0.07478411517210466,-2.2104280120588404e-05,2.2104280120588404e-05
[B-],0.0,2.1749051962223256e-05,2.1749051962223256e-05,2.1749051962223256e-05
[NH+],0.00019901051699264545,0.00017807036294070292,-2.0940154051942534e-05,2.0940154051942534e-05
[AlH2],0.0,1.9200334935400218e-05,1.9200334935400218e-05,1.9200334935400218e-05
[Cl],0.0,1.7841019187761264e-05,1.7841019187761264e-05,1.7841019187761264e-05
[NH2+],0.00010290134240404705,8.648646444352842e-05,-1.6414877960518626e-05,1.6414877960518626e-05
[nH],0.002094195141698205,0.0020807725806983282,-1.3422560999876675e-05,1.3422560999876675e-05
[NH3+],5.518636350052028e-05,4.281844605062703e-05,-1.236791744989325e-05,1.236791744989325e-05
2,0.047820257504666216,0.04780849416020963,-1.1763344456586222e-05,1.1763344456586222e-05
[N],0.0,9.855039170382413e-06,9.855039170382413e-06,9.855039170382413e-06
[n+],3.9224769134215955e-05,4.7576051167363376e-05,8.351282033147421e-06,8.351282033147421e-06
-,0.004343761122174798,0.004336387149436716,-7.373972738081679e-06,7.373972738081679e-06
[AlH],0.0,6.626664269739898e-06,6.626664269739898e-06,6.626664269739898e-06
[SiH],0.0,5.437262990555814e-06,5.437262990555814e-06,5.437262990555814e-06
[NH],0.0,4.417776179826599e-06,4.417776179826599e-06,4.417776179826599e-06
[S],0.0,4.07794724291686e-06,4.07794724291686e-06,4.07794724291686e-06
[n],0.0,3.7381183060071222e-06,3.7381183060071222e-06,3.7381183060071222e-06
[S-],1.6131398561690543e-05,1.2403756197205451e-05,-3.727642364485092e-06,3.727642364485092e-06
[Br],0.0,3.568203837552253e-06,3.568203837552253e-06,3.568203837552253e-06
[GeH3],0.0,3.398289369097384e-06,3.398289369097384e-06,3.398289369097384e-06
[F],0.0,2.888545963732776e-06,2.888545963732776e-06,2.888545963732776e-06
5,0.00028934634893811246,0.00028647579381490943,-2.8705551232030254e-06,2.8705551232030254e-06
[nH+],3.7696531375740006e-05,3.534220943861279e-05,-2.3543219371272166e-06,2.3543219371272166e-06
4,0.0033526140337054536,0.0033507133179300204,-1.9007157754332739e-06,1.9007157754332739e-06
[I],0.0,1.8690591530035611e-06,1.8690591530035611e-06,1.8690591530035611e-06
[GeH],0.0,1.8690591530035611e-06,1.8690591530035611e-06,1.8690591530035611e-06
[O+],0.0,1.8690591530035611e-06,1.8690591530035611e-06,1.8690591530035611e-06
[GeH2],0.0,1.8690591530035611e-06,1.8690591530035611e-06,1.8690591530035611e-06
[C-],0.0,1.699144684548692e-06,1.699144684548692e-06,1.699144684548692e-06
[P+],0.0,1.1894012791840843e-06,1.1894012791840843e-06,1.1894012791840843e-06
b,0.0,1.1894012791840843e-06,1.1894012791840843e-06,1.1894012791840843e-06
[NH2],0.0,1.019486810729215e-06,1.019486810729215e-06,1.019486810729215e-06
I,0.0001086746850471784,0.00010772577300038706,-9.489120467913399e-07,9.489120467913399e-07
[BH2-],0.0,6.796578738194767e-07,6.796578738194767e-07,6.796578738194767e-07
[N-],1.9187874078642437e-05,1.8520677061580743e-05,-6.671970170616943e-07,6.671970170616943e-07
p,0.0,5.097434053646075e-07,5.097434053646075e-07,5.097434053646075e-07
[S+],0.0,5.097434053646075e-07,5.097434053646075e-07,5.097434053646075e-07
[o+],0.0,3.3982893690973837e-07,3.3982893690973837e-07,3.3982893690973837e-07
[n-],4.414909080041622e-06,4.07794724291686e-06,-3.369618371247619e-07,3.369618371247619e-07
6,8.829818160083244e-06,8.49572342274346e-06,-3.340947373397845e-07,3.340947373397845e-07
[OH+],1.6980419538621624e-07,3.3982893690973837e-07,1.7002474152352214e-07,1.7002474152352214e-07
[PH+],0.0,1.6991446845486919e-07,1.6991446845486919e-07,1.6991446845486919e-07
[SiH2],0.0,1.6991446845486919e-07,1.6991446845486919e-07,1.6991446845486919e-07
[BH3-],0.0,1.6991446845486919e-07,1.6991446845486919e-07,1.6991446845486919e-07
[CH+],0.0,1.6991446845486919e-07,1.6991446845486919e-07,1.6991446845486919e-07
[SiH3],0.0,1.6991446845486919e-07,1.6991446845486919e-07,1.6991446845486919e-07
[PH],0.0,1.6991446845486919e-07,1.6991446845486919e-07,1.6991446845486919e-07
7,6.792167815448649e-07,6.796578738194767e-07,4.410922746118005e-10,4.410922746118005e-10
[NH-],6.792167815448649e-07,6.796578738194767e-07,4.410922746118005e-10,4.410922746118005e-10
