reference_index,smiles,canonical_smiles,curation_status,parse_ok,canonical_roundtrip_ok,canonical_audit,molecular_formula,molecular_weight,heavy_atoms,components,formal_charge,radical_electrons,stereocenters,elements,B,P,N,Al,Si,canonical_match
0,Cc1cc(C)c(P(c2c(C)cc(C)cc2C)c2c(F)c(F)c(B(c3c(F)c(F)c(F)c(F)c3F)c3c(F)c(F)c(F)c(F)c3F)c(F)c2F)c(C)c1,Cc1cc(C)c(P(c2c(C)cc(C)cc2C)c2c(F)c(F)c(B(c3c(F)c(F)c(F)c(F)c3F)c3c(F)c(F)c(F)c(F)c3F)c(F)c2F)c(C)c1,keep,True,True,Cc1cc(C)c(P(c2c(C)cc(C)cc2C)c2c(F)c(F)c(B(c3c(F)c(F)c(F)c(F)c3F)c3c(F)c(F)c(F)c(F)c3F)c(F)c2F)c(C)c1,C36H22BF14P,762.33,52,1,0,0,0,B;C;F;P,1,1,0,0,0,True
1,Cc1cc(C)c(P(c2c(C)cc(C)cc2C)c2c(F)c(F)c(B(c3c(Cl)c(Cl)c(Cl)c(Cl)c3Cl)c3c(Cl)c(Cl)c(Cl)c(Cl)c3Cl)c(F)c2F)c(C)c1,Cc1cc(C)c(P(c2c(C)cc(C)cc2C)c2c(F)c(F)c(B(c3c(Cl)c(Cl)c(Cl)c(Cl)c3Cl)c3c(Cl)c(Cl)c(Cl)c(Cl)c3Cl)c(F)c2F)c(C)c1,keep,True,True,Cc1cc(C)c(P(c2c(C)cc(C)cc2C)c2c(F)c(F)c(B(c3c(Cl)c(Cl)c(Cl)c(Cl)c3Cl)c3c(Cl)c(Cl)c(Cl)c(Cl)c3Cl)c(F)c2F)c(C)c1,C36H22BCl10F4P,926.88,52,1,0,0,0,B;C;Cl;F;P,1,1,0,0,0,True
2,Fc1c(F)c(F)c(B(c2c(F)c(F)c(F)c(F)c2F)c2c(F)c(F)c(P(c3ccccc3)c3ccccc3)c(F)c2F)c(F)c1F,Fc1c(F)c(F)c(B(c2c(F)c(F)c(F)c(F)c2F)c2c(F)c(F)c(P(c3ccccc3)c3ccccc3)c(F)c2F)c(F)c1F,keep,True,True,Fc1c(F)c(F)c(B(c2c(F)c(F)c(F)c(F)c2F)c2c(F)c(F)c(P(c3ccccc3)c3ccccc3)c(F)c2F)c(F)c1F,C30H10BF14P,678.168,46,1,0,0,0,B;C;F;P,1,1,0,0,0,True
3,Fc1c(F)c(P(c2ccccc2)c2ccccc2)c(F)c(F)c1B(c1c(Cl)c(Cl)c(Cl)c(Cl)c1Cl)c1c(Cl)c(Cl)c(Cl)c(Cl)c1Cl,Fc1c(F)c(P(c2ccccc2)c2ccccc2)c(F)c(F)c1B(c1c(Cl)c(Cl)c(Cl)c(Cl)c1Cl)c1c(Cl)c(Cl)c(Cl)c(Cl)c1Cl,keep,True,True,Fc1c(F)c(P(c2ccccc2)c2ccccc2)c(F)c(F)c1B(c1c(Cl)c(Cl)c(Cl)c(Cl)c1Cl)c1c(Cl)c(Cl)c(Cl)c(Cl)c1Cl,C30H10BCl10F4P,842.718,46,1,0,0,0,B;C;Cl;F;P,1,1,0,0,0,True
4,CC(C)(C)[P+]1(C(C)(C)C)CCCC1C[B-](c1c(F)c(F)c(F)c(F)c1F)(c1c(F)c(F)c(F)c(F)c1F)c1c(F)c(F)c(F)c(F)c1F,CC(C)(C)[P+]1(C(C)(C)C)CCCC1C[B-](c1c(F)c(F)c(F)c(F)c1F)(c1c(F)c(F)c(F)c(F)c1F)c1c(F)c(F)c(F)c(F)c1F,keep,True,True,CC(C)(C)[P+]1(C(C)(C)C)CCCC1C[B-](c1c(F)c(F)c(F)c(F)c1F)(c1c(F)c(F)c(F)c(F)c1F)c1c(F)c(F)c(F)c(F)c1F,C31H27BF15P,726.313,48,1,0,0,1,B;C;F;P,1,1,0,0,0,True
5,CC(C)(C)[P+]1(C(C)(C)C)CCCC1C[B-](c1c(Cl)c(Cl)c(Cl)c(Cl)c1Cl)(c1c(Cl)c(Cl)c(Cl)c(Cl)c1Cl)c1c(Cl)c(Cl)c(Cl)c(Cl)c1Cl,CC(C)(C)[P+]1(C(C)(C)C)CCCC1C[B-](c1c(Cl)c(Cl)c(Cl)c(Cl)c1Cl)(c1c(Cl)c(Cl)c(Cl)c(Cl)c1Cl)c1c(Cl)c(Cl)c(Cl)c(Cl)c1Cl,keep,True,True,CC(C)(C)[P+]1(C(C)(C)C)CCCC1C[B-](c1c(Cl)c(Cl)c(Cl)c(Cl)c1Cl)(c1c(Cl)c(Cl)c(Cl)c(Cl)c1Cl)c1c(Cl)c(Cl)c(Cl)c(Cl)c1Cl,C31H27BCl15P,973.138,48,1,0,0,1,B;C;Cl;P,1,1,0,0,0,True
6,Cc1cc(C)c([P+]2(c3c(C)cc(C)cc3C)CCC[B-]2(c2c(F)c(F)c(F)c(F)c2F)c2c(F)c(F)c(F)c(F)c2F)c(C)c1,Cc1cc(C)c([P+]2(c3c(C)cc(C)cc3C)CCC[B-]2(c2c(F)c(F)c(F)c(F)c2F)c2c(F)c(F)c(F)c(F)c2F)c(C)c1,keep,True,True,Cc1cc(C)c([P+]2(c3c(C)cc(C)cc3C)CCC[B-]2(c2c(F)c(F)c(F)c(F)c2F)c2c(F)c(F)c(F)c(F)c2F)c(C)c1,C33H28BF10P,656.353,45,1,0,0,0,B;C;F;P,1,1,0,0,0,True
7,Cc1cc(C)c([P+]2(c3c(C)cc(C)cc3C)CCC[B-]2(c2c(Cl)c(Cl)c(Cl)c(Cl)c2Cl)c2c(Cl)c(Cl)c(Cl)c(Cl)c2Cl)c(C)c1,Cc1cc(C)c([P+]2(c3c(C)cc(C)cc3C)CCC[B-]2(c2c(Cl)c(Cl)c(Cl)c(Cl)c2Cl)c2c(Cl)c(Cl)c(Cl)c(Cl)c2Cl)c(C)c1,keep,True,True,Cc1cc(C)c([P+]2(c3c(C)cc(C)cc3C)CCC[B-]2(c2c(Cl)c(Cl)c(Cl)c(Cl)c2Cl)c2c(Cl)c(Cl)c(Cl)c(Cl)c2Cl)c(C)c1,C33H28BCl10P,820.903,45,1,0,0,0,B;C;Cl;P,1,1,0,0,0,True
8,Fc1c(F)c(F)c([B-]2(c3c(F)c(F)c(F)c(F)c3F)CCC[P+]2(c2ccccc2)c2ccccc2)c(F)c1F,Fc1c(F)c(F)c([B-]2(c3c(F)c(F)c(F)c(F)c3F)CCC[P+]2(c2ccccc2)c2ccccc2)c(F)c1F,keep,True,True,Fc1c(F)c(F)c([B-]2(c3c(F)c(F)c(F)c(F)c3F)CCC[P+]2(c2ccccc2)c2ccccc2)c(F)c1F,C27H16BF10P,572.191,39,1,0,0,0,B;C;F;P,1,1,0,0,0,True
9,Clc1c(Cl)c(Cl)c([B-]2(c3c(Cl)c(Cl)c(Cl)c(Cl)c3Cl)CCC[P+]2(c2ccccc2)c2ccccc2)c(Cl)c1Cl,Clc1c(Cl)c(Cl)c([B-]2(c3c(Cl)c(Cl)c(Cl)c(Cl)c3Cl)CCC[P+]2(c2ccccc2)c2ccccc2)c(Cl)c1Cl,keep,True,True,Clc1c(Cl)c(Cl)c([B-]2(c3c(Cl)c(Cl)c(Cl)c(Cl)c3Cl)CCC[P+]2(c2ccccc2)c2ccccc2)c(Cl)c1Cl,C27H16BCl10P,736.741,39,1,0,0,0,B;C;Cl;P,1,1,0,0,0,True
10,Cc1cc(C)c([P+]2(c3c(C)cc(C)cc3C)C(C)C[B-]2(c2c(F)c(F)c(F)c(F)c2F)c2c(F)c(F)c(F)c(F)c2F)c(C)c1,Cc1cc(C)c([P+]2(c3c(C)cc(C)cc3C)C(C)C[B-]2(c2c(F)c(F)c(F)c(F)c2F)c2c(F)c(F)c(F)c(F)c2F)c(C)c1,keep,True,True,Cc1cc(C)c([P+]2(c3c(C)cc(C)cc3C)C(C)C[B-]2(c2c(F)c(F)c(F)c(F)c2F)c2c(F)c(F)c(F)c(F)c2F)c(C)c1,C33H28BF10P,656.353,45,1,0,0,1,B;C;F;P,1,1,0,0,0,True
11,Cc1cc(C)c([P+]2(c3c(C)cc(C)cc3C)C(C)C[B-]2(c2c(Cl)c(Cl)c(Cl)c(Cl)c2Cl)c2c(Cl)c(Cl)c(Cl)c(Cl)c2Cl)c(C)c1,Cc1cc(C)c([P+]2(c3c(C)cc(C)cc3C)C(C)C[B-]2(c2c(Cl)c(Cl)c(Cl)c(Cl)c2Cl)c2c(Cl)c(Cl)c(Cl)c(Cl)c2Cl)c(C)c1,keep,True,True,Cc1cc(C)c([P+]2(c3c(C)cc(C)cc3C)C(C)C[B-]2(c2c(Cl)c(Cl)c(Cl)c(Cl)c2Cl)c2c(Cl)c(Cl)c(Cl)c(Cl)c2Cl)c(C)c1,C33H28BCl10P,820.903,45,1,0,0,1,B;C;Cl;P,1,1,0,0,0,True
12,CC1C[B-](c2c(F)c(F)c(F)c(F)c2F)(c2c(F)c(F)c(F)c(F)c2F)[P+]1(c1ccccc1)c1ccccc1,CC1C[B-](c2c(F)c(F)c(F)c(F)c2F)(c2c(F)c(F)c(F)c(F)c2F)[P+]1(c1ccccc1)c1ccccc1,keep,True,True,CC1C[B-](c2c(F)c(F)c(F)c(F)c2F)(c2c(F)c(F)c(F)c(F)c2F)[P+]1(c1ccccc1)c1ccccc1,C27H16BF10P,572.191,39,1,0,0,1,B;C;F;P,1,1,0,0,0,True
13,CC1C[B-](c2c(Cl)c(Cl)c(Cl)c(Cl)c2Cl)(c2c(Cl)c(Cl)c(Cl)c(Cl)c2Cl)[P+]1(c1ccccc1)c1ccccc1,CC1C[B-](c2c(Cl)c(Cl)c(Cl)c(Cl)c2Cl)(c2c(Cl)c(Cl)c(Cl)c(Cl)c2Cl)[P+]1(c1ccccc1)c1ccccc1,keep,True,True,CC1C[B-](c2c(Cl)c(Cl)c(Cl)c(Cl)c2Cl)(c2c(Cl)c(Cl)c(Cl)c(Cl)c2Cl)[P+]1(c1ccccc1)c1ccccc1,C27H16BCl10P,736.741,39,1,0,0,1,B;C;Cl;P,1,1,0,0,0,True
14,Cc1cc(C)c([P+]2(c3c(C)cc(C)cc3C)C(c3ccccc3)C[B-]2(c2c(F)c(F)c(F)c(F)c2F)c2c(F)c(F)c(F)c(F)c2F)c(C)c1,Cc1cc(C)c([P+]2(c3c(C)cc(C)cc3C)C(c3ccccc3)C[B-]2(c2c(F)c(F)c(F)c(F)c2F)c2c(F)c(F)c(F)c(F)c2F)c(C)c1,keep,True,True,Cc1cc(C)c([P+]2(c3c(C)cc(C)cc3C)C(c3ccccc3)C[B-]2(c2c(F)c(F)c(F)c(F)c2F)c2c(F)c(F)c(F)c(F)c2F)c(C)c1,C38H30BF10P,718.424,50,1,0,0,1,B;C;F;P,1,1,0,0,0,True
15,Cc1cc(C)c([P+]2(c3c(C)cc(C)cc3C)C(c3ccccc3)C[B-]2(c2c(Cl)c(Cl)c(Cl)c(Cl)c2Cl)c2c(Cl)c(Cl)c(Cl)c(Cl)c2Cl)c(C)c1,Cc1cc(C)c([P+]2(c3c(C)cc(C)cc3C)C(c3ccccc3)C[B-]2(c2c(Cl)c(Cl)c(Cl)c(Cl)c2Cl)c2c(Cl)c(Cl)c(Cl)c(Cl)c2Cl)c(C)c1,keep,True,True,Cc1cc(C)c([P+]2(c3c(C)cc(C)cc3C)C(c3ccccc3)C[B-]2(c2c(Cl)c(Cl)c(Cl)c(Cl)c2Cl)c2c(Cl)c(Cl)c(Cl)c(Cl)c2Cl)c(C)c1,C38H30BCl10P,882.974,50,1,0,0,1,B;C;Cl;P,1,1,0,0,0,True
16,Fc1c(F)c(F)c([B-]2(c3c(F)c(F)c(F)c(F)c3F)CC(c3ccccc3)[P+]2(c2ccccc2)c2ccccc2)c(F)c1F,Fc1c(F)c(F)c([B-]2(c3c(F)c(F)c(F)c(F)c3F)CC(c3ccccc3)[P+]2(c2ccccc2)c2ccccc2)c(F)c1F,keep,True,True,Fc1c(F)c(F)c([B-]2(c3c(F)c(F)c(F)c(F)c3F)CC(c3ccccc3)[P+]2(c2ccccc2)c2ccccc2)c(F)c1F,C32H18BF10P,634.262,44,1,0,0,1,B;C;F;P,1,1,0,0,0,True
17,Clc1c(Cl)c(Cl)c([B-]2(c3c(Cl)c(Cl)c(Cl)c(Cl)c3Cl)CC(c3ccccc3)[P+]2(c2ccccc2)c2ccccc2)c(Cl)c1Cl,Clc1c(Cl)c(Cl)c([B-]2(c3c(Cl)c(Cl)c(Cl)c(Cl)c3Cl)CC(c3ccccc3)[P+]2(c2ccccc2)c2ccccc2)c(Cl)c1Cl,keep,True,True,Clc1c(Cl)c(Cl)c([B-]2(c3c(Cl)c(Cl)c(Cl)c(Cl)c3Cl)CC(c3ccccc3)[P+]2(c2ccccc2)c2ccccc2)c(Cl)c1Cl,C32H18BCl10P,798.812,44,1,0,0,1,B;C;Cl;P,1,1,0,0,0,True
18,Cc1cc(C)c(C2C[B-](c3c(F)c(F)c(F)c(F)c3F)(c3c(F)c(F)c(F)c(F)c3F)[P+]2(c2c(C)cc(C)cc2C)c2c(C)cc(C)cc2C)c(C)c1,Cc1cc(C)c(C2C[B-](c3c(F)c(F)c(F)c(F)c3F)(c3c(F)c(F)c(F)c(F)c3F)[P+]2(c2c(C)cc(C)cc2C)c2c(C)cc(C)cc2C)c(C)c1,keep,True,True,Cc1cc(C)c(C2C[B-](c3c(F)c(F)c(F)c(F)c3F)(c3c(F)c(F)c(F)c(F)c3F)[P+]2(c2c(C)cc(C)cc2C)c2c(C)cc(C)cc2C)c(C)c1,C41H36BF10P,760.505,53,1,0,0,1,B;C;F;P,1,1,0,0,0,True
19,Cc1cc(C)c(C2C[B-](c3c(Cl)c(Cl)c(Cl)c(Cl)c3Cl)(c3c(Cl)c(Cl)c(Cl)c(Cl)c3Cl)[P+]2(c2c(C)cc(C)cc2C)c2c(C)cc(C)cc2C)c(C)c1,Cc1cc(C)c(C2C[B-](c3c(Cl)c(Cl)c(Cl)c(Cl)c3Cl)(c3c(Cl)c(Cl)c(Cl)c(Cl)c3Cl)[P+]2(c2c(C)cc(C)cc2C)c2c(C)cc(C)cc2C)c(C)c1,keep,True,True,Cc1cc(C)c(C2C[B-](c3c(Cl)c(Cl)c(Cl)c(Cl)c3Cl)(c3c(Cl)c(Cl)c(Cl)c(Cl)c3Cl)[P+]2(c2c(C)cc(C)cc2C)c2c(C)cc(C)cc2C)c(C)c1,C41H36BCl10P,925.055,53,1,0,0,1,B;C;Cl;P,1,1,0,0,0,True
20,Cc1cc(C)c([P+]2(c3c(C)cc(C)cc3C)CC([Si](C)(C)C)[B-]2(c2c(F)c(F)c(F)c(F)c2F)c2c(F)c(F)c(F)c(F)c2F)c(C)c1,Cc1cc(C)c([P+]2(c3c(C)cc(C)cc3C)CC([Si](C)(C)C)[B-]2(c2c(F)c(F)c(F)c(F)c2F)c2c(F)c(F)c(F)c(F)c2F)c(C)c1,keep,True,True,Cc1cc(C)c([P+]2(c3c(C)cc(C)cc3C)CC([Si](C)(C)C)[B-]2(c2c(F)c(F)c(F)c(F)c2F)c2c(F)c(F)c(F)c(F)c2F)c(C)c1,C35H34BF10PSi,714.509,48,1,0,0,1,B;C;F;P;Si,1,1,0,0,1,True
21,Cc1cc(C)c([P+]2(c3c(C)cc(C)cc3C)CC([Si](C)(C)C)[B-]2(c2c(Cl)c(Cl)c(Cl)c(Cl)c2Cl)c2c(Cl)c(Cl)c(Cl)c(Cl)c2Cl)c(C)c1,Cc1cc(C)c([P+]2(c3c(C)cc(C)cc3C)CC([Si](C)(C)C)[B-]2(c2c(Cl)c(Cl)c(Cl)c(Cl)c2Cl)c2c(Cl)c(Cl)c(Cl)c(Cl)c2Cl)c(C)c1,keep,True,True,Cc1cc(C)c([P+]2(c3c(C)cc(C)cc3C)CC([Si](C)(C)C)[B-]2(c2c(Cl)c(Cl)c(Cl)c(Cl)c2Cl)c2c(Cl)c(Cl)c(Cl)c(Cl)c2Cl)c(C)c1,C35H34BCl10PSi,879.059,48,1,0,0,1,B;C;Cl;P;Si,1,1,0,0,1,True
22,C[Si](C)(C)C1C[P+](c2ccccc2)(c2ccccc2)[B-]1(c1c(F)c(F)c(F)c(F)c1F)c1c(F)c(F)c(F)c(F)c1F,C[Si](C)(C)C1C[P+](c2ccccc2)(c2ccccc2)[B-]1(c1c(F)c(F)c(F)c(F)c1F)c1c(F)c(F)c(F)c(F)c1F,keep,True,True,C[Si](C)(C)C1C[P+](c2ccccc2)(c2ccccc2)[B-]1(c1c(F)c(F)c(F)c(F)c1F)c1c(F)c(F)c(F)c(F)c1F,C29H22BF10PSi,630.347,42,1,0,0,1,B;C;F;P;Si,1,1,0,0,1,True
23,C[Si](C)(C)C1C[P+](c2ccccc2)(c2ccccc2)[B-]1(c1c(Cl)c(Cl)c(Cl)c(Cl)c1Cl)c1c(Cl)c(Cl)c(Cl)c(Cl)c1Cl,C[Si](C)(C)C1C[P+](c2ccccc2)(c2ccccc2)[B-]1(c1c(Cl)c(Cl)c(Cl)c(Cl)c1Cl)c1c(Cl)c(Cl)c(Cl)c(Cl)c1Cl,keep,True,True,C[Si](C)(C)C1C[P+](c2ccccc2)(c2ccccc2)[B-]1(c1c(Cl)c(Cl)c(Cl)c(Cl)c1Cl)c1c(Cl)c(Cl)c(Cl)c(Cl)c1Cl,C29H22BCl10PSi,794.897,42,1,0,0,1,B;C;Cl;P;Si,1,1,0,0,1,True
24,CC1CCC(C)P1B(C(F)(F)F)C(F)(F)F,CC1CCC(C)P1B(C(F)(F)F)C(F)(F)F,keep,True,True,CC1CCC(C)P1B(C(F)(F)F)C(F)(F)F,C8H12BF6P,263.958,16,1,0,0,2,B;C;F;P,1,1,0,0,0,True
25,Fc1c(F)c(F)c(B(c2c(F)c(F)c(F)c(F)c2F)P(C2CCCCC2)C2CCCCC2)c(F)c1F,Fc1c(F)c(F)c(B(c2c(F)c(F)c(F)c(F)c2F)P(C2CCCCC2)C2CCCCC2)c(F)c1F,keep,True,True,Fc1c(F)c(F)c(B(c2c(F)c(F)c(F)c(F)c2F)P(C2CCCCC2)C2CCCCC2)c(F)c1F,C24H22BF10P,542.206,36,1,0,0,0,B;C;F;P,1,1,0,0,0,True
26,Clc1c(Cl)c(Cl)c(B(c2c(Cl)c(Cl)c(Cl)c(Cl)c2Cl)P(C2CCCCC2)C2CCCCC2)c(Cl)c1Cl,Clc1c(Cl)c(Cl)c(B(c2c(Cl)c(Cl)c(Cl)c(Cl)c2Cl)P(C2CCCCC2)C2CCCCC2)c(Cl)c1Cl,keep,True,True,Clc1c(Cl)c(Cl)c(B(c2c(Cl)c(Cl)c(Cl)c(Cl)c2Cl)P(C2CCCCC2)C2CCCCC2)c(Cl)c1Cl,C24H22BCl10P,706.756,36,1,0,0,0,B;C;Cl;P,1,1,0,0,0,True
27,CC(C)(C)P(B(c1c(F)c(F)c(F)c(F)c1F)c1c(F)c(F)c(F)c(F)c1F)C(C)(C)C,CC(C)(C)P(B(c1c(F)c(F)c(F)c(F)c1F)c1c(F)c(F)c(F)c(F)c1F)C(C)(C)C,keep,True,True,CC(C)(C)P(B(c1c(F)c(F)c(F)c(F)c1F)c1c(F)c(F)c(F)c(F)c1F)C(C)(C)C,C20H18BF10P,490.13,32,1,0,0,0,B;C;F;P,1,1,0,0,0,True
28,CC(C)(C)P(B(c1c(Cl)c(Cl)c(Cl)c(Cl)c1Cl)c1c(Cl)c(Cl)c(Cl)c(Cl)c1Cl)C(C)(C)C,CC(C)(C)P(B(c1c(Cl)c(Cl)c(Cl)c(Cl)c1Cl)c1c(Cl)c(Cl)c(Cl)c(Cl)c1Cl)C(C)(C)C,keep,True,True,CC(C)(C)P(B(c1c(Cl)c(Cl)c(Cl)c(Cl)c1Cl)c1c(Cl)c(Cl)c(Cl)c(Cl)c1Cl)C(C)(C)C,C20H18BCl10P,654.68,32,1,0,0,0,B;C;Cl;P,1,1,0,0,0,True
29,Cc1cc(C)c(P(c2c(C)cc(C)cc2C)C2CCCCC2B(c2c(F)c(F)c(F)c(F)c2F)c2c(F)c(F)c(F)c(F)c2F)c(C)c1,Cc1cc(C)c(P(c2c(C)cc(C)cc2C)C2CCCCC2B(c2c(F)c(F)c(F)c(F)c2F)c2c(F)c(F)c(F)c(F)c2F)c(C)c1,keep,True,True,Cc1cc(C)c(P(c2c(C)cc(C)cc2C)C2CCCCC2B(c2c(F)c(F)c(F)c(F)c2F)c2c(F)c(F)c(F)c(F)c2F)c(C)c1,C36H32BF10P,696.418,48,1,0,0,2,B;C;F;P,1,1,0,0,0,True
30,Cc1cc(C)c(P(c2c(C)cc(C)cc2C)C2CCCCC2B(c2c(Cl)c(Cl)c(Cl)c(Cl)c2Cl)c2c(Cl)c(Cl)c(Cl)c(Cl)c2Cl)c(C)c1,Cc1cc(C)c(P(c2c(C)cc(C)cc2C)C2CCCCC2B(c2c(Cl)c(Cl)c(Cl)c(Cl)c2Cl)c2c(Cl)c(Cl)c(Cl)c(Cl)c2Cl)c(C)c1,keep,True,True,Cc1cc(C)c(P(c2c(C)cc(C)cc2C)C2CCCCC2B(c2c(Cl)c(Cl)c(Cl)c(Cl)c2Cl)c2c(Cl)c(Cl)c(Cl)c(Cl)c2Cl)c(C)c1,C36H32BCl10P,860.968,48,1,0,0,2,B;C;Cl;P,1,1,0,0,0,True
31,Fc1c(F)c(F)c(B(c2c(F)c(F)c(F)c(F)c2F)C2CCCCC2P(c2ccccc2)c2ccccc2)c(F)c1F,Fc1c(F)c(F)c(B(c2c(F)c(F)c(F)c(F)c2F)C2CCCCC2P(c2ccccc2)c2ccccc2)c(F)c1F,keep,True,True,Fc1c(F)c(F)c(B(c2c(F)c(F)c(F)c(F)c2F)C2CCCCC2P(c2ccccc2)c2ccccc2)c(F)c1F,C30H20BF10P,612.256,42,1,0,0,2,B;C;F;P,1,1,0,0,0,True
32,Clc1c(Cl)c(Cl)c(B(c2c(Cl)c(Cl)c(Cl)c(Cl)c2Cl)C2CCCCC2P(c2ccccc2)c2ccccc2)c(Cl)c1Cl,Clc1c(Cl)c(Cl)c(B(c2c(Cl)c(Cl)c(Cl)c(Cl)c2Cl)C2CCCCC2P(c2ccccc2)c2ccccc2)c(Cl)c1Cl,keep,True,True,Clc1c(Cl)c(Cl)c(B(c2c(Cl)c(Cl)c(Cl)c(Cl)c2Cl)C2CCCCC2P(c2ccccc2)c2ccccc2)c(Cl)c1Cl,C30H20BCl10P,776.806,42,1,0,0,2,B;C;Cl;P,1,1,0,0,0,True
33,Cc1cc(C)c(P(c2c(C)cc(C)cc2C)C2C3CCC(C3)C2B(c2c(F)c(F)c(F)c(F)c2F)c2c(F)c(F)c(F)c(F)c2F)c(C)c1,Cc1cc(C)c(P(c2c(C)cc(C)cc2C)C2C3CCC(C3)C2B(c2c(F)c(F)c(F)c(F)c2F)c2c(F)c(F)c(F)c(F)c2F)c(C)c1,keep,True,True,Cc1cc(C)c(P(c2c(C)cc(C)cc2C)C2C3CCC(C3)C2B(c2c(F)c(F)c(F)c(F)c2F)c2c(F)c(F)c(F)c(F)c2F)c(C)c1,C37H32BF10P,708.429,49,1,0,0,4,B;C;F;P,1,1,0,0,0,True
34,Cc1cc(C)c(P(c2c(C)cc(C)cc2C)C2C3CCC(C3)C2B(c2c(Cl)c(Cl)c(Cl)c(Cl)c2Cl)c2c(Cl)c(Cl)c(Cl)c(Cl)c2Cl)c(C)c1,Cc1cc(C)c(P(c2c(C)cc(C)cc2C)C2C3CCC(C3)C2B(c2c(Cl)c(Cl)c(Cl)c(Cl)c2Cl)c2c(Cl)c(Cl)c(Cl)c(Cl)c2Cl)c(C)c1,keep,True,True,Cc1cc(C)c(P(c2c(C)cc(C)cc2C)C2C3CCC(C3)C2B(c2c(Cl)c(Cl)c(Cl)c(Cl)c2Cl)c2c(Cl)c(Cl)c(Cl)c(Cl)c2Cl)c(C)c1,C37H32BCl10P,872.979,49,1,0,0,4,B;C;Cl;P,1,1,0,0,0,True
35,Fc1c(F)c(F)c(B(c2c(F)c(F)c(F)c(F)c2F)C2C3CCC(C3)C2P(c2ccccc2)c2ccccc2)c(F)c1F,Fc1c(F)c(F)c(B(c2c(F)c(F)c(F)c(F)c2F)C2C3CCC(C3)C2P(c2ccccc2)c2ccccc2)c(F)c1F,keep,True,True,Fc1c(F)c(F)c(B(c2c(F)c(F)c(F)c(F)c2F)C2C3CCC(C3)C2P(c2ccccc2)c2ccccc2)c(F)c1F,C31H20BF10P,624.267,43,1,0,0,4,B;C;F;P,1,1,0,0,0,True
36,Clc1c(Cl)c(Cl)c(B(c2c(Cl)c(Cl)c(Cl)c(Cl)c2Cl)C2C3CCC(C3)C2P(c2ccccc2)c2ccccc2)c(Cl)c1Cl,Clc1c(Cl)c(Cl)c(B(c2c(Cl)c(Cl)c(Cl)c(Cl)c2Cl)C2C3CCC(C3)C2P(c2ccccc2)c2ccccc2)c(Cl)c1Cl,keep,True,True,Clc1c(Cl)c(Cl)c(B(c2c(Cl)c(Cl)c(Cl)c(Cl)c2Cl)C2C3CCC(C3)C2P(c2ccccc2)c2ccccc2)c(Cl)c1Cl,C31H20BCl10P,788.817,43,1,0,0,4,B;C;Cl;P,1,1,0,0,0,True
37,Cc1ccc(C(=C(B(c2c(F)c(F)c(F)c(F)c2F)c2c(F)c(F)c(F)c(F)c2F)c2c(F)c(F)c(F)c(F)c2F)P(c2ccccc2)c2ccccc2)cc1,Cc1ccc(C(=C(B(c2c(F)c(F)c(F)c(F)c2F)c2c(F)c(F)c(F)c(F)c2F)c2c(F)c(F)c(F)c(F)c2F)P(c2ccccc2)c2ccccc2)cc1,keep,True,True,Cc1ccc(C(=C(B(c2c(F)c(F)c(F)c(F)c2F)c2c(F)c(F)c(F)c(F)c2F)c2c(F)c(F)c(F)c(F)c2F)P(c2ccccc2)c2ccccc2)cc1,C39H17BF15P,812.321,56,1,0,0,0,B;C;F;P,1,1,0,0,0,True
38,Cc1ccc(C(=C(B(c2c(Cl)c(Cl)c(Cl)c(Cl)c2Cl)c2c(Cl)c(Cl)c(Cl)c(Cl)c2Cl)c2c(Cl)c(Cl)c(Cl)c(Cl)c2Cl)P(c2ccccc2)c2ccccc2)cc1,Cc1ccc(C(=C(B(c2c(Cl)c(Cl)c(Cl)c(Cl)c2Cl)c2c(Cl)c(Cl)c(Cl)c(Cl)c2Cl)c2c(Cl)c(Cl)c(Cl)c(Cl)c2Cl)P(c2ccccc2)c2ccccc2)cc1,keep,True,True,Cc1ccc(C(=C(B(c2c(Cl)c(Cl)c(Cl)c(Cl)c2Cl)c2c(Cl)c(Cl)c(Cl)c(Cl)c2Cl)c2c(Cl)c(Cl)c(Cl)c(Cl)c2Cl)P(c2ccccc2)c2ccccc2)cc1,C39H17BCl15P,1059.146,56,1,0,0,0,B;C;Cl;P,1,1,0,0,0,True
39,Cc1ccc(C(=C(B(c2c(F)c(F)c(F)c(F)c2F)c2c(F)c(F)c(F)c(F)c2F)c2c(F)c(F)c(F)c(F)c2F)P(c2c(C)cc(C)cc2C)c2c(C)cc(C)cc2C)cc1,Cc1ccc(C(=C(B(c2c(F)c(F)c(F)c(F)c2F)c2c(F)c(F)c(F)c(F)c2F)c2c(F)c(F)c(F)c(F)c2F)P(c2c(C)cc(C)cc2C)c2c(C)cc(C)cc2C)cc1,keep,True,True,Cc1ccc(C(=C(B(c2c(F)c(F)c(F)c(F)c2F)c2c(F)c(F)c(F)c(F)c2F)c2c(F)c(F)c(F)c(F)c2F)P(c2c(C)cc(C)cc2C)c2c(C)cc(C)cc2C)cc1,C45H29BF15P,896.483,62,1,0,0,0,B;C;F;P,1,1,0,0,0,True
40,Cc1ccc(C(=C(B(c2c(Cl)c(Cl)c(Cl)c(Cl)c2Cl)c2c(Cl)c(Cl)c(Cl)c(Cl)c2Cl)c2c(Cl)c(Cl)c(Cl)c(Cl)c2Cl)P(c2c(C)cc(C)cc2C)c2c(C)cc(C)cc2C)cc1,Cc1ccc(C(=C(B(c2c(Cl)c(Cl)c(Cl)c(Cl)c2Cl)c2c(Cl)c(Cl)c(Cl)c(Cl)c2Cl)c2c(Cl)c(Cl)c(Cl)c(Cl)c2Cl)P(c2c(C)cc(C)cc2C)c2c(C)cc(C)cc2C)cc1,keep,True,True,Cc1ccc(C(=C(B(c2c(Cl)c(Cl)c(Cl)c(Cl)c2Cl)c2c(Cl)c(Cl)c(Cl)c(Cl)c2Cl)c2c(Cl)c(Cl)c(Cl)c(Cl)c2Cl)P(c2c(C)cc(C)cc2C)c2c(C)cc(C)cc2C)cc1,C45H29BCl15P,1143.308,62,1,0,0,0,B;C;Cl;P,1,1,0,0,0,True
41,CC(B(c1c(F)c(F)c(F)c(F)c1F)c1c(F)c(F)c(F)c(F)c1F)=C(c1ccc(C)cc1)P(c1ccccc1)c1ccccc1,CC(B(c1c(F)c(F)c(F)c(F)c1F)c1c(F)c(F)c(F)c(F)c1F)=C(c1ccc(C)cc1)P(c1ccccc1)c1ccccc1,keep,True,True,CC(B(c1c(F)c(F)c(F)c(F)c1F)c1c(F)c(F)c(F)c(F)c1F)=C(c1ccc(C)cc1)P(c1ccccc1)c1ccccc1,C34H20BF10P,660.3,46,1,0,0,0,B;C;F;P,1,1,0,0,0,True
42,CC(B(c1c(Cl)c(Cl)c(Cl)c(Cl)c1Cl)c1c(Cl)c(Cl)c(Cl)c(Cl)c1Cl)=C(c1ccc(C)cc1)P(c1ccccc1)c1ccccc1,CC(B(c1c(Cl)c(Cl)c(Cl)c(Cl)c1Cl)c1c(Cl)c(Cl)c(Cl)c(Cl)c1Cl)=C(c1ccc(C)cc1)P(c1ccccc1)c1ccccc1,keep,True,True,CC(B(c1c(Cl)c(Cl)c(Cl)c(Cl)c1Cl)c1c(Cl)c(Cl)c(Cl)c(Cl)c1Cl)=C(c1ccc(C)cc1)P(c1ccccc1)c1ccccc1,C34H20BCl10P,824.85,46,1,0,0,0,B;C;Cl;P,1,1,0,0,0,True
43,CC(B(c1c(F)c(F)c(F)c(F)c1F)c1c(F)c(F)c(F)c(F)c1F)=C(c1ccc(C)cc1)P(c1c(C)cc(C)cc1C)c1c(C)cc(C)cc1C,CC(B(c1c(F)c(F)c(F)c(F)c1F)c1c(F)c(F)c(F)c(F)c1F)=C(c1ccc(C)cc1)P(c1c(C)cc(C)cc1C)c1c(C)cc(C)cc1C,keep,True,True,CC(B(c1c(F)c(F)c(F)c(F)c1F)c1c(F)c(F)c(F)c(F)c1F)=C(c1ccc(C)cc1)P(c1c(C)cc(C)cc1C)c1c(C)cc(C)cc1C,C40H32BF10P,744.462,52,1,0,0,0,B;C;F;P,1,1,0,0,0,True
44,CC(B(c1c(Cl)c(Cl)c(Cl)c(Cl)c1Cl)c1c(Cl)c(Cl)c(Cl)c(Cl)c1Cl)=C(c1ccc(C)cc1)P(c1c(C)cc(C)cc1C)c1c(C)cc(C)cc1C,CC(B(c1c(Cl)c(Cl)c(Cl)c(Cl)c1Cl)c1c(Cl)c(Cl)c(Cl)c(Cl)c1Cl)=C(c1ccc(C)cc1)P(c1c(C)cc(C)cc1C)c1c(C)cc(C)cc1C,keep,True,True,CC(B(c1c(Cl)c(Cl)c(Cl)c(Cl)c1Cl)c1c(Cl)c(Cl)c(Cl)c(Cl)c1Cl)=C(c1ccc(C)cc1)P(c1c(C)cc(C)cc1C)c1c(C)cc(C)cc1C,C40H32BCl10P,909.012,52,1,0,0,0,B;C;Cl;P,1,1,0,0,0,True
45,Cc1cc(C)c(B(c2c(C)cc(C)cc2C)c2cccc3cccc(P(C(C)C)C(C)C)c23)c(C)c1,Cc1cc(C)c(B(c2c(C)cc(C)cc2C)c2cccc3cccc(P(C(C)C)C(C)C)c23)c(C)c1,keep,True,True,Cc1cc(C)c(B(c2c(C)cc(C)cc2C)c2cccc3cccc(P(C(C)C)C(C)C)c23)c(C)c1,C34H42BP,492.496,36,1,0,0,0,B;C;P,1,1,0,0,0,True
46,CC(C)P(c1cccc2cccc(B(c3ccccc3)c3ccccc3)c12)C(C)C,CC(C)P(c1cccc2cccc(B(c3ccccc3)c3ccccc3)c12)C(C)C,keep,True,True,CC(C)P(c1cccc2cccc(B(c3ccccc3)c3ccccc3)c12)C(C)C,C28H30BP,408.334,30,1,0,0,0,B;C;P,1,1,0,0,0,True
47,CC(C)P(c1cccc2cccc(B(C3CCCCC3)C3CCCCC3)c12)C(C)C,CC(C)P(c1cccc2cccc(B(C3CCCCC3)C3CCCCC3)c12)C(C)C,keep,True,True,CC(C)P(c1cccc2cccc(B(C3CCCCC3)C3CCCCC3)c12)C(C)C,C28H42BP,420.43,30,1,0,0,0,B;C;P,1,1,0,0,0,True
48,CC1(C)C2CCC1C(c1ccc(P(C(C)(C)C)C(C)(C)C)cc1)C2B(c1c(F)c(F)c(F)c(F)c1F)c1c(F)c(F)c(F)c(F)c1F,CC1(C)C2CCC1C(c1ccc(P(C(C)(C)C)C(C)(C)C)cc1)C2B(c1c(F)c(F)c(F)c(F)c1F)c1c(F)c(F)c(F)c(F)c1F,keep,True,True,CC1(C)C2CCC1C(c1ccc(P(C(C)(C)C)C(C)(C)C)cc1)C2B(c1c(F)c(F)c(F)c(F)c1F)c1c(F)c(F)c(F)c(F)c1F,C35H36BF10P,688.439,47,1,0,0,4,B;C;F;P,1,1,0,0,0,True
49,CC1(C)C2CCC1C(c1ccc(P(C(C)(C)C)C(C)(C)C)cc1)C2B(c1c(Cl)c(Cl)c(Cl)c(Cl)c1Cl)c1c(Cl)c(Cl)c(Cl)c(Cl)c1Cl,CC1(C)C2CCC1C(c1ccc(P(C(C)(C)C)C(C)(C)C)cc1)C2B(c1c(Cl)c(Cl)c(Cl)c(Cl)c1Cl)c1c(Cl)c(Cl)c(Cl)c(Cl)c1Cl,keep,True,True,CC1(C)C2CCC1C(c1ccc(P(C(C)(C)C)C(C)(C)C)cc1)C2B(c1c(Cl)c(Cl)c(Cl)c(Cl)c1Cl)c1c(Cl)c(Cl)c(Cl)c(Cl)c1Cl,C35H36BCl10P,852.989,47,1,0,0,4,B;C;Cl;P,1,1,0,0,0,True
50,CC(C)P(c1cccc2cccc(B3c4ccccc4-c4ccccc43)c12)C(C)C,CC(C)P(c1cccc2cccc(B3c4ccccc4-c4ccccc43)c12)C(C)C,keep,True,True,CC(C)P(c1cccc2cccc(B3c4ccccc4-c4ccccc43)c12)C(C)C,C28H28BP,406.318,30,1,0,0,0,B;C;P,1,1,0,0,0,True
51,Cc1cc(C)c(B(c2c(C)cc(C)cc2C)c2cccc3cccc(P(c4ccccc4)c4ccccc4)c23)c(C)c1,Cc1cc(C)c(B(c2c(C)cc(C)cc2C)c2cccc3cccc(P(c4ccccc4)c4ccccc4)c23)c(C)c1,keep,True,True,Cc1cc(C)c(B(c2c(C)cc(C)cc2C)c2cccc3cccc(P(c4ccccc4)c4ccccc4)c23)c(C)c1,C40H38BP,560.53,42,1,0,0,0,B;C;P,1,1,0,0,0,True
52,c1ccc(B(c2ccccc2)c2cccc3cccc(P(c4ccccc4)c4ccccc4)c23)cc1,c1ccc(B(c2ccccc2)c2cccc3cccc(P(c4ccccc4)c4ccccc4)c23)cc1,keep,True,True,c1ccc(B(c2ccccc2)c2cccc3cccc(P(c4ccccc4)c4ccccc4)c23)cc1,C34H26BP,476.368,36,1,0,0,0,B;C;P,1,1,0,0,0,True
53,Cc1cc(C)c(B(c2c(C)cc(C)cc2C)c2cccc3cccc(P(c4c(C)cc(C)cc4C)c4c(C)cc(C)cc4C)c23)c(C)c1,Cc1cc(C)c(B(c2c(C)cc(C)cc2C)c2cccc3cccc(P(c4c(C)cc(C)cc4C)c4c(C)cc(C)cc4C)c23)c(C)c1,keep,True,True,Cc1cc(C)c(B(c2c(C)cc(C)cc2C)c2cccc3cccc(P(c4c(C)cc(C)cc4C)c4c(C)cc(C)cc4C)c23)c(C)c1,C46H50BP,644.692,48,1,0,0,0,B;C;P,1,1,0,0,0,True
54,Cc1cc(C)c(B(c2c(C)cc(C)cc2C)c2ccc3c4c(ccc(P(c5ccccc5)c5ccccc5)c24)CC3)c(C)c1,Cc1cc(C)c(B(c2c(C)cc(C)cc2C)c2ccc3c4c(ccc(P(c5ccccc5)c5ccccc5)c24)CC3)c(C)c1,keep,True,True,Cc1cc(C)c(B(c2c(C)cc(C)cc2C)c2ccc3c4c(ccc(P(c5ccccc5)c5ccccc5)c24)CC3)c(C)c1,C42H40BP,586.568,44,1,0,0,0,B;C;P,1,1,0,0,0,True
55,c1ccc(B(c2ccccc2)c2ccc3c4c(ccc(P(c5ccccc5)c5ccccc5)c24)CC3)cc1,c1ccc(B(c2ccccc2)c2ccc3c4c(ccc(P(c5ccccc5)c5ccccc5)c24)CC3)cc1,keep,True,True,c1ccc(B(c2ccccc2)c2ccc3c4c(ccc(P(c5ccccc5)c5ccccc5)c24)CC3)cc1,C36H28BP,502.406,38,1,0,0,0,B;C;P,1,1,0,0,0,True
56,Cc1cc(C)c(B(c2c(C)cc(C)cc2C)c2ccc3c4c(ccc(P(c5c(C)cc(C)cc5C)c5c(C)cc(C)cc5C)c24)CC3)c(C)c1,Cc1cc(C)c(B(c2c(C)cc(C)cc2C)c2ccc3c4c(ccc(P(c5c(C)cc(C)cc5C)c5c(C)cc(C)cc5C)c24)CC3)c(C)c1,keep,True,True,Cc1cc(C)c(B(c2c(C)cc(C)cc2C)c2ccc3c4c(ccc(P(c5c(C)cc(C)cc5C)c5c(C)cc(C)cc5C)c24)CC3)c(C)c1,C48H52BP,670.73,50,1,0,0,0,B;C;P,1,1,0,0,0,True
57,CCC(B(c1c(F)c(F)c(F)c(F)c1F)c1c(F)c(F)c(F)c(F)c1F)P(c1c(F)c(F)c(F)c(F)c1F)c1c(F)c(F)c(F)c(F)c1F,CCC(B(c1c(F)c(F)c(F)c(F)c1F)c1c(F)c(F)c(F)c(F)c1F)P(c1c(F)c(F)c(F)c(F)c1F)c1c(F)c(F)c(F)c(F)c1F,keep,True,True,CCC(B(c1c(F)c(F)c(F)c(F)c1F)c1c(F)c(F)c(F)c(F)c1F)P(c1c(F)c(F)c(F)c(F)c1F)c1c(F)c(F)c(F)c(F)c1F,C27H6BF20P,752.091,49,1,0,0,1,B;C;F;P,1,1,0,0,0,True
58,CCC(B(c1c(Cl)c(Cl)c(Cl)c(Cl)c1Cl)c1c(Cl)c(Cl)c(Cl)c(Cl)c1Cl)P(c1c(Cl)c(Cl)c(Cl)c(Cl)c1Cl)c1c(Cl)c(Cl)c(Cl)c(Cl)c1Cl,CCC(B(c1c(Cl)c(Cl)c(Cl)c(Cl)c1Cl)c1c(Cl)c(Cl)c(Cl)c(Cl)c1Cl)P(c1c(Cl)c(Cl)c(Cl)c(Cl)c1Cl)c1c(Cl)c(Cl)c(Cl)c(Cl)c1Cl,keep,True,True,CCC(B(c1c(Cl)c(Cl)c(Cl)c(Cl)c1Cl)c1c(Cl)c(Cl)c(Cl)c(Cl)c1Cl)P(c1c(Cl)c(Cl)c(Cl)c(Cl)c1Cl)c1c(Cl)c(Cl)c(Cl)c(Cl)c1Cl,C27H6BCl20P,1081.191,49,1,0,0,1,B;C;Cl;P,1,1,0,0,0,True
59,CC(CB(c1c(F)c(F)c(F)c(F)c1F)c1c(F)c(F)c(F)c(F)c1F)P(c1c(F)c(F)c(F)c(F)c1F)c1c(F)c(F)c(F)c(F)c1F,CC(CB(c1c(F)c(F)c(F)c(F)c1F)c1c(F)c(F)c(F)c(F)c1F)P(c1c(F)c(F)c(F)c(F)c1F)c1c(F)c(F)c(F)c(F)c1F,keep,True,True,CC(CB(c1c(F)c(F)c(F)c(F)c1F)c1c(F)c(F)c(F)c(F)c1F)P(c1c(F)c(F)c(F)c(F)c1F)c1c(F)c(F)c(F)c(F)c1F,C27H6BF20P,752.091,49,1,0,0,1,B;C;F;P,1,1,0,0,0,True
60,CC(CB(c1c(Cl)c(Cl)c(Cl)c(Cl)c1Cl)c1c(Cl)c(Cl)c(Cl)c(Cl)c1Cl)P(c1c(Cl)c(Cl)c(Cl)c(Cl)c1Cl)c1c(Cl)c(Cl)c(Cl)c(Cl)c1Cl,CC(CB(c1c(Cl)c(Cl)c(Cl)c(Cl)c1Cl)c1c(Cl)c(Cl)c(Cl)c(Cl)c1Cl)P(c1c(Cl)c(Cl)c(Cl)c(Cl)c1Cl)c1c(Cl)c(Cl)c(Cl)c(Cl)c1Cl,keep,True,True,CC(CB(c1c(Cl)c(Cl)c(Cl)c(Cl)c1Cl)c1c(Cl)c(Cl)c(Cl)c(Cl)c1Cl)P(c1c(Cl)c(Cl)c(Cl)c(Cl)c1Cl)c1c(Cl)c(Cl)c(Cl)c(Cl)c1Cl,C27H6BCl20P,1081.191,49,1,0,0,1,B;C;Cl;P,1,1,0,0,0,True
61,c1ccc(P(c2ccccc2)c2ccccc2B2Oc3ccccc3O2)cc1,c1ccc(P(c2ccccc2)c2ccccc2B2Oc3ccccc3O2)cc1,keep,True,True,c1ccc(P(c2ccccc2)c2ccccc2B2Oc3ccccc3O2)cc1,C24H18BO2P,380.192,28,1,0,0,0,B;C;O;P,1,1,0,0,0,True
62,Cc1cc(C)c(P(c2ccccc2B2Oc3ccccc3O2)c2c(C)cc(C)cc2C)c(C)c1,Cc1cc(C)c(P(c2ccccc2B2Oc3ccccc3O2)c2c(C)cc(C)cc2C)c(C)c1,keep,True,True,Cc1cc(C)c(P(c2ccccc2B2Oc3ccccc3O2)c2c(C)cc(C)cc2C)c(C)c1,C30H30BO2P,464.354,34,1,0,0,0,B;C;O;P,1,1,0,0,0,True
63,Cc1cc(C)c(P(C(=C(B(c2c(F)c(F)c(F)c(F)c2F)c2c(F)c(F)c(F)c(F)c2F)c2c(F)c(F)c(F)c(F)c2F)c2ccccc2)c2c(C)cc(C)cc2C)c(C)c1,Cc1cc(C)c(P(C(=C(B(c2c(F)c(F)c(F)c(F)c2F)c2c(F)c(F)c(F)c(F)c2F)c2c(F)c(F)c(F)c(F)c2F)c2ccccc2)c2c(C)cc(C)cc2C)c(C)c1,keep,True,True,Cc1cc(C)c(P(C(=C(B(c2c(F)c(F)c(F)c(F)c2F)c2c(F)c(F)c(F)c(F)c2F)c2c(F)c(F)c(F)c(F)c2F)c2ccccc2)c2c(C)cc(C)cc2C)c(C)c1,C44H27BF15P,882.456,61,1,0,0,0,B;C;F;P,1,1,0,0,0,True
64,Cc1cc(C)c(P(C(=C(B(c2c(Cl)c(Cl)c(Cl)c(Cl)c2Cl)c2c(Cl)c(Cl)c(Cl)c(Cl)c2Cl)c2c(Cl)c(Cl)c(Cl)c(Cl)c2Cl)c2ccccc2)c2c(C)cc(C)cc2C)c(C)c1,Cc1cc(C)c(P(C(=C(B(c2c(Cl)c(Cl)c(Cl)c(Cl)c2Cl)c2c(Cl)c(Cl)c(Cl)c(Cl)c2Cl)c2c(Cl)c(Cl)c(Cl)c(Cl)c2Cl)c2ccccc2)c2c(C)cc(C)cc2C)c(C)c1,keep,True,True,Cc1cc(C)c(P(C(=C(B(c2c(Cl)c(Cl)c(Cl)c(Cl)c2Cl)c2c(Cl)c(Cl)c(Cl)c(Cl)c2Cl)c2c(Cl)c(Cl)c(Cl)c(Cl)c2Cl)c2ccccc2)c2c(C)cc(C)cc2C)c(C)c1,C44H27BCl15P,1129.281,61,1,0,0,0,B;C;Cl;P,1,1,0,0,0,True
65,Fc1c(F)c(F)c(B(C(=C(c2ccccc2)P(c2ccccc2)c2ccccc2)c2c(F)c(F)c(F)c(F)c2F)c2c(F)c(F)c(F)c(F)c2F)c(F)c1F,Fc1c(F)c(F)c(B(C(=C(c2ccccc2)P(c2ccccc2)c2ccccc2)c2c(F)c(F)c(F)c(F)c2F)c2c(F)c(F)c(F)c(F)c2F)c(F)c1F,keep,True,True,Fc1c(F)c(F)c(B(C(=C(c2ccccc2)P(c2ccccc2)c2ccccc2)c2c(F)c(F)c(F)c(F)c2F)c2c(F)c(F)c(F)c(F)c2F)c(F)c1F,C38H15BF15P,798.294,55,1,0,0,0,B;C;F;P,1,1,0,0,0,True
66,Clc1c(Cl)c(Cl)c(B(C(=C(c2ccccc2)P(c2ccccc2)c2ccccc2)c2c(Cl)c(Cl)c(Cl)c(Cl)c2Cl)c2c(Cl)c(Cl)c(Cl)c(Cl)c2Cl)c(Cl)c1Cl,Clc1c(Cl)c(Cl)c(B(C(=C(c2ccccc2)P(c2ccccc2)c2ccccc2)c2c(Cl)c(Cl)c(Cl)c(Cl)c2Cl)c2c(Cl)c(Cl)c(Cl)c(Cl)c2Cl)c(Cl)c1Cl,keep,True,True,Clc1c(Cl)c(Cl)c(B(C(=C(c2ccccc2)P(c2ccccc2)c2ccccc2)c2c(Cl)c(Cl)c(Cl)c(Cl)c2Cl)c2c(Cl)c(Cl)c(Cl)c(Cl)c2Cl)c(Cl)c1Cl,C38H15BCl15P,1045.119,55,1,0,0,0,B;C;Cl;P,1,1,0,0,0,True
67,Cc1cc(C)c(C(=C(B(c2c(F)c(F)c(F)c(F)c2F)c2c(F)c(F)c(F)c(F)c2F)c2c(F)c(F)c(F)c(F)c2F)P(c2c(C)cc(C)cc2C)c2c(C)cc(C)cc2C)c(C)c1,Cc1cc(C)c(C(=C(B(c2c(F)c(F)c(F)c(F)c2F)c2c(F)c(F)c(F)c(F)c2F)c2c(F)c(F)c(F)c(F)c2F)P(c2c(C)cc(C)cc2C)c2c(C)cc(C)cc2C)c(C)c1,keep,True,True,Cc1cc(C)c(C(=C(B(c2c(F)c(F)c(F)c(F)c2F)c2c(F)c(F)c(F)c(F)c2F)c2c(F)c(F)c(F)c(F)c2F)P(c2c(C)cc(C)cc2C)c2c(C)cc(C)cc2C)c(C)c1,C47H33BF15P,924.537,64,1,0,0,0,B;C;F;P,1,1,0,0,0,True
68,Cc1cc(C)c(C(=C(B(c2c(Cl)c(Cl)c(Cl)c(Cl)c2Cl)c2c(Cl)c(Cl)c(Cl)c(Cl)c2Cl)c2c(Cl)c(Cl)c(Cl)c(Cl)c2Cl)P(c2c(C)cc(C)cc2C)c2c(C)cc(C)cc2C)c(C)c1,Cc1cc(C)c(C(=C(B(c2c(Cl)c(Cl)c(Cl)c(Cl)c2Cl)c2c(Cl)c(Cl)c(Cl)c(Cl)c2Cl)c2c(Cl)c(Cl)c(Cl)c(Cl)c2Cl)P(c2c(C)cc(C)cc2C)c2c(C)cc(C)cc2C)c(C)c1,keep,True,True,Cc1cc(C)c(C(=C(B(c2c(Cl)c(Cl)c(Cl)c(Cl)c2Cl)c2c(Cl)c(Cl)c(Cl)c(Cl)c2Cl)c2c(Cl)c(Cl)c(Cl)c(Cl)c2Cl)P(c2c(C)cc(C)cc2C)c2c(C)cc(C)cc2C)c(C)c1,C47H33BCl15P,1171.362,64,1,0,0,0,B;C;Cl;P,1,1,0,0,0,True
69,Cc1cc(C)c(B2c3cccc4cccc(c34)P2c2c(C)cc(C)cc2C)c(C)c1,Cc1cc(C)c(B2c3cccc4cccc(c34)P2c2c(C)cc(C)cc2C)c(C)c1,keep,True,True,Cc1cc(C)c(B2c3cccc4cccc(c34)P2c2c(C)cc(C)cc2C)c(C)c1,C28H28BP,406.318,30,1,0,0,1,B;C;P,1,1,0,0,0,True
70,c1ccc(B2c3cccc4cccc(c34)P2c2ccccc2)cc1,c1ccc(B2c3cccc4cccc(c34)P2c2ccccc2)cc1,keep,True,True,c1ccc(B2c3cccc4cccc(c34)P2c2ccccc2)cc1,C22H16BP,322.156,24,1,0,0,1,B;C;P,1,1,0,0,0,True
71,Cc1ccc(B2c3cccc4cccc(c34)P2c2ccc(C)cc2C)c(C)c1,Cc1ccc(B2c3cccc4cccc(c34)P2c2ccc(C)cc2C)c(C)c1,keep,True,True,Cc1ccc(B2c3cccc4cccc(c34)P2c2ccc(C)cc2C)c(C)c1,C26H24BP,378.264,28,1,0,0,1,B;C;P,1,1,0,0,0,True
72,Fc1c(F)c(F)c(B(C(=Cc2ccccc2)P(c2c(F)c(F)c(F)c(F)c2F)c2c(F)c(F)c(F)c(F)c2F)c2c(F)c(F)c(F)c(F)c2F)c(F)c1F,Fc1c(F)c(F)c(B(C(=Cc2ccccc2)P(c2c(F)c(F)c(F)c(F)c2F)c2c(F)c(F)c(F)c(F)c2F)c2c(F)c(F)c(F)c(F)c2F)c(F)c1F,keep,True,True,Fc1c(F)c(F)c(B(C(=Cc2ccccc2)P(c2c(F)c(F)c(F)c(F)c2F)c2c(F)c(F)c(F)c(F)c2F)c2c(F)c(F)c(F)c(F)c2F)c(F)c1F,C32H6BF20P,812.146,54,1,0,0,0,B;C;F;P,1,1,0,0,0,True
73,Clc1c(Cl)c(Cl)c(B(C(=Cc2ccccc2)P(c2c(Cl)c(Cl)c(Cl)c(Cl)c2Cl)c2c(Cl)c(Cl)c(Cl)c(Cl)c2Cl)c2c(Cl)c(Cl)c(Cl)c(Cl)c2Cl)c(Cl)c1Cl,Clc1c(Cl)c(Cl)c(B(C(=Cc2ccccc2)P(c2c(Cl)c(Cl)c(Cl)c(Cl)c2Cl)c2c(Cl)c(Cl)c(Cl)c(Cl)c2Cl)c2c(Cl)c(Cl)c(Cl)c(Cl)c2Cl)c(Cl)c1Cl,keep,True,True,Clc1c(Cl)c(Cl)c(B(C(=Cc2ccccc2)P(c2c(Cl)c(Cl)c(Cl)c(Cl)c2Cl)c2c(Cl)c(Cl)c(Cl)c(Cl)c2Cl)c2c(Cl)c(Cl)c(Cl)c(Cl)c2Cl)c(Cl)c1Cl,C32H6BCl20P,1141.246,54,1,0,0,0,B;C;Cl;P,1,1,0,0,0,True
74,Cc1cc(C)c(C=C(B(c2c(F)c(F)c(F)c(F)c2F)c2c(F)c(F)c(F)c(F)c2F)P(c2c(F)c(F)c(F)c(F)c2F)c2c(F)c(F)c(F)c(F)c2F)c(C)c1,Cc1cc(C)c(C=C(B(c2c(F)c(F)c(F)c(F)c2F)c2c(F)c(F)c(F)c(F)c2F)P(c2c(F)c(F)c(F)c(F)c2F)c2c(F)c(F)c(F)c(F)c2F)c(C)c1,keep,True,True,Cc1cc(C)c(C=C(B(c2c(F)c(F)c(F)c(F)c2F)c2c(F)c(F)c(F)c(F)c2F)P(c2c(F)c(F)c(F)c(F)c2F)c2c(F)c(F)c(F)c(F)c2F)c(C)c1,C35H12BF20P,854.227,57,1,0,0,0,B;C;F;P,1,1,0,0,0,True
75,Cc1cc(C)c(C=C(B(c2c(Cl)c(Cl)c(Cl)c(Cl)c2Cl)c2c(Cl)c(Cl)c(Cl)c(Cl)c2Cl)P(c2c(Cl)c(Cl)c(Cl)c(Cl)c2Cl)c2c(Cl)c(Cl)c(Cl)c(Cl)c2Cl)c(C)c1,Cc1cc(C)c(C=C(B(c2c(Cl)c(Cl)c(Cl)c(Cl)c2Cl)c2c(Cl)c(Cl)c(Cl)c(Cl)c2Cl)P(c2c(Cl)c(Cl)c(Cl)c(Cl)c2Cl)c2c(Cl)c(Cl)c(Cl)c(Cl)c2Cl)c(C)c1,keep,True,True,Cc1cc(C)c(C=C(B(c2c(Cl)c(Cl)c(Cl)c(Cl)c2Cl)c2c(Cl)c(Cl)c(Cl)c(Cl)c2Cl)P(c2c(Cl)c(Cl)c(Cl)c(Cl)c2Cl)c2c(Cl)c(Cl)c(Cl)c(Cl)c2Cl)c(C)c1,C35H12BCl20P,1183.327,57,1,0,0,0,B;C;Cl;P,1,1,0,0,0,True
76,CC(=C(B(c1c(F)c(F)c(F)c(F)c1F)c1c(F)c(F)c(F)c(F)c1F)c1c(F)c(F)c(F)c(F)c1F)P(c1ccccc1)c1ccccc1,CC(=C(B(c1c(F)c(F)c(F)c(F)c1F)c1c(F)c(F)c(F)c(F)c1F)c1c(F)c(F)c(F)c(F)c1F)P(c1ccccc1)c1ccccc1,keep,True,True,CC(=C(B(c1c(F)c(F)c(F)c(F)c1F)c1c(F)c(F)c(F)c(F)c1F)c1c(F)c(F)c(F)c(F)c1F)P(c1ccccc1)c1ccccc1,C33H13BF15P,736.223,50,1,0,0,0,B;C;F;P,1,1,0,0,0,True
77,CC(=C(B(c1c(Cl)c(Cl)c(Cl)c(Cl)c1Cl)c1c(Cl)c(Cl)c(Cl)c(Cl)c1Cl)c1c(Cl)c(Cl)c(Cl)c(Cl)c1Cl)P(c1ccccc1)c1ccccc1,CC(=C(B(c1c(Cl)c(Cl)c(Cl)c(Cl)c1Cl)c1c(Cl)c(Cl)c(Cl)c(Cl)c1Cl)c1c(Cl)c(Cl)c(Cl)c(Cl)c1Cl)P(c1ccccc1)c1ccccc1,keep,True,True,CC(=C(B(c1c(Cl)c(Cl)c(Cl)c(Cl)c1Cl)c1c(Cl)c(Cl)c(Cl)c(Cl)c1Cl)c1c(Cl)c(Cl)c(Cl)c(Cl)c1Cl)P(c1ccccc1)c1ccccc1,C33H13BCl15P,983.048,50,1,0,0,0,B;C;Cl;P,1,1,0,0,0,True
78,CC(=C(B(c1c(F)c(F)c(F)c(F)c1F)c1c(F)c(F)c(F)c(F)c1F)c1c(F)c(F)c(F)c(F)c1F)P(c1c(C)cc(C)cc1C)c1c(C)cc(C)cc1C,CC(=C(B(c1c(F)c(F)c(F)c(F)c1F)c1c(F)c(F)c(F)c(F)c1F)c1c(F)c(F)c(F)c(F)c1F)P(c1c(C)cc(C)cc1C)c1c(C)cc(C)cc1C,keep,True,True,CC(=C(B(c1c(F)c(F)c(F)c(F)c1F)c1c(F)c(F)c(F)c(F)c1F)c1c(F)c(F)c(F)c(F)c1F)P(c1c(C)cc(C)cc1C)c1c(C)cc(C)cc1C,C39H25BF15P,820.385,56,1,0,0,0,B;C;F;P,1,1,0,0,0,True
79,CC(=C(B(c1c(Cl)c(Cl)c(Cl)c(Cl)c1Cl)c1c(Cl)c(Cl)c(Cl)c(Cl)c1Cl)c1c(Cl)c(Cl)c(Cl)c(Cl)c1Cl)P(c1c(C)cc(C)cc1C)c1c(C)cc(C)cc1C,CC(=C(B(c1c(Cl)c(Cl)c(Cl)c(Cl)c1Cl)c1c(Cl)c(Cl)c(Cl)c(Cl)c1Cl)c1c(Cl)c(Cl)c(Cl)c(Cl)c1Cl)P(c1c(C)cc(C)cc1C)c1c(C)cc(C)cc1C,keep,True,True,CC(=C(B(c1c(Cl)c(Cl)c(Cl)c(Cl)c1Cl)c1c(Cl)c(Cl)c(Cl)c(Cl)c1Cl)c1c(Cl)c(Cl)c(Cl)c(Cl)c1Cl)P(c1c(C)cc(C)cc1C)c1c(C)cc(C)cc1C,C39H25BCl15P,1067.21,56,1,0,0,0,B;C;Cl;P,1,1,0,0,0,True
80,CCCC(=C(B(c1c(F)c(F)c(F)c(F)c1F)c1c(F)c(F)c(F)c(F)c1F)c1c(F)c(F)c(F)c(F)c1F)P(c1ccccc1)c1ccccc1,CCCC(=C(B(c1c(F)c(F)c(F)c(F)c1F)c1c(F)c(F)c(F)c(F)c1F)c1c(F)c(F)c(F)c(F)c1F)P(c1ccccc1)c1ccccc1,keep,True,True,CCCC(=C(B(c1c(F)c(F)c(F)c(F)c1F)c1c(F)c(F)c(F)c(F)c1F)c1c(F)c(F)c(F)c(F)c1F)P(c1ccccc1)c1ccccc1,C35H17BF15P,764.277,52,1,0,0,0,B;C;F;P,1,1,0,0,0,True
81,CCCC(=C(B(c1c(Cl)c(Cl)c(Cl)c(Cl)c1Cl)c1c(Cl)c(Cl)c(Cl)c(Cl)c1Cl)c1c(Cl)c(Cl)c(Cl)c(Cl)c1Cl)P(c1ccccc1)c1ccccc1,CCCC(=C(B(c1c(Cl)c(Cl)c(Cl)c(Cl)c1Cl)c1c(Cl)c(Cl)c(Cl)c(Cl)c1Cl)c1c(Cl)c(Cl)c(Cl)c(Cl)c1Cl)P(c1ccccc1)c1ccccc1,keep,True,True,CCCC(=C(B(c1c(Cl)c(Cl)c(Cl)c(Cl)c1Cl)c1c(Cl)c(Cl)c(Cl)c(Cl)c1Cl)c1c(Cl)c(Cl)c(Cl)c(Cl)c1Cl)P(c1ccccc1)c1ccccc1,C35H17BCl15P,1011.102,52,1,0,0,0,B;C;Cl;P,1,1,0,0,0,True
82,CCCC(=C(B(c1c(F)c(F)c(F)c(F)c1F)c1c(F)c(F)c(F)c(F)c1F)c1c(F)c(F)c(F)c(F)c1F)P(c1c(C)cc(C)cc1C)c1c(C)cc(C)cc1C,CCCC(=C(B(c1c(F)c(F)c(F)c(F)c1F)c1c(F)c(F)c(F)c(F)c1F)c1c(F)c(F)c(F)c(F)c1F)P(c1c(C)cc(C)cc1C)c1c(C)cc(C)cc1C,keep,True,True,CCCC(=C(B(c1c(F)c(F)c(F)c(F)c1F)c1c(F)c(F)c(F)c(F)c1F)c1c(F)c(F)c(F)c(F)c1F)P(c1c(C)cc(C)cc1C)c1c(C)cc(C)cc1C,C41H29BF15P,848.439,58,1,0,0,0,B;C;F;P,1,1,0,0,0,True
83,CCCC(=C(B(c1c(Cl)c(Cl)c(Cl)c(Cl)c1Cl)c1c(Cl)c(Cl)c(Cl)c(Cl)c1Cl)c1c(Cl)c(Cl)c(Cl)c(Cl)c1Cl)P(c1c(C)cc(C)cc1C)c1c(C)cc(C)cc1C,CCCC(=C(B(c1c(Cl)c(Cl)c(Cl)c(Cl)c1Cl)c1c(Cl)c(Cl)c(Cl)c(Cl)c1Cl)c1c(Cl)c(Cl)c(Cl)c(Cl)c1Cl)P(c1c(C)cc(C)cc1C)c1c(C)cc(C)cc1C,keep,True,True,CCCC(=C(B(c1c(Cl)c(Cl)c(Cl)c(Cl)c1Cl)c1c(Cl)c(Cl)c(Cl)c(Cl)c1Cl)c1c(Cl)c(Cl)c(Cl)c(Cl)c1Cl)P(c1c(C)cc(C)cc1C)c1c(C)cc(C)cc1C,C41H29BCl15P,1095.264,58,1,0,0,0,B;C;Cl;P,1,1,0,0,0,True
84,Cc1cc(C)c(P(c2c(C)cc(C)cc2C)C2CC(B(c3c(F)c(F)c(F)c(F)c3F)c3c(F)c(F)c(F)c(F)c3F)c3ccccc32)c(C)c1,Cc1cc(C)c(P(c2c(C)cc(C)cc2C)C2CC(B(c3c(F)c(F)c(F)c(F)c3F)c3c(F)c(F)c(F)c(F)c3F)c3ccccc32)c(C)c1,keep,True,True,Cc1cc(C)c(P(c2c(C)cc(C)cc2C)C2CC(B(c3c(F)c(F)c(F)c(F)c3F)c3c(F)c(F)c(F)c(F)c3F)c3ccccc32)c(C)c1,C39H30BF10P,730.435,51,1,0,0,2,B;C;F;P,1,1,0,0,0,True
85,Cc1cc(C)c(P(c2c(C)cc(C)cc2C)C2CC(B(c3c(Cl)c(Cl)c(Cl)c(Cl)c3Cl)c3c(Cl)c(Cl)c(Cl)c(Cl)c3Cl)c3ccccc32)c(C)c1,Cc1cc(C)c(P(c2c(C)cc(C)cc2C)C2CC(B(c3c(Cl)c(Cl)c(Cl)c(Cl)c3Cl)c3c(Cl)c(Cl)c(Cl)c(Cl)c3Cl)c3ccccc32)c(C)c1,keep,True,True,Cc1cc(C)c(P(c2c(C)cc(C)cc2C)C2CC(B(c3c(Cl)c(Cl)c(Cl)c(Cl)c3Cl)c3c(Cl)c(Cl)c(Cl)c(Cl)c3Cl)c3ccccc32)c(C)c1,C39H30BCl10P,894.985,51,1,0,0,2,B;C;Cl;P,1,1,0,0,0,True
86,Fc1c(F)c(F)c(B(c2c(F)c(F)c(F)c(F)c2F)C2CC(P(c3ccccc3)c3ccccc3)c3ccccc32)c(F)c1F,Fc1c(F)c(F)c(B(c2c(F)c(F)c(F)c(F)c2F)C2CC(P(c3ccccc3)c3ccccc3)c3ccccc32)c(F)c1F,keep,True,True,Fc1c(F)c(F)c(B(c2c(F)c(F)c(F)c(F)c2F)C2CC(P(c3ccccc3)c3ccccc3)c3ccccc32)c(F)c1F,C33H18BF10P,646.273,45,1,0,0,2,B;C;F;P,1,1,0,0,0,True
87,Clc1c(Cl)c(Cl)c(B(c2c(Cl)c(Cl)c(Cl)c(Cl)c2Cl)C2CC(P(c3ccccc3)c3ccccc3)c3ccccc32)c(Cl)c1Cl,Clc1c(Cl)c(Cl)c(B(c2c(Cl)c(Cl)c(Cl)c(Cl)c2Cl)C2CC(P(c3ccccc3)c3ccccc3)c3ccccc32)c(Cl)c1Cl,keep,True,True,Clc1c(Cl)c(Cl)c(B(c2c(Cl)c(Cl)c(Cl)c(Cl)c2Cl)C2CC(P(c3ccccc3)c3ccccc3)c3ccccc32)c(Cl)c1Cl,C33H18BCl10P,810.823,45,1,0,0,2,B;C;Cl;P,1,1,0,0,0,True
88,Cc1cc(C)c(P(c2c(C)cc(C)cc2C)c2cccc3c2oc2c(B(c4c(F)c(F)c(F)c(F)c4F)c4c(F)c(F)c(F)c(F)c4F)cccc23)c(C)c1,Cc1cc(C)c(P(c2c(C)cc(C)cc2C)c2cccc3c2oc2c(B(c4c(F)c(F)c(F)c(F)c4F)c4c(F)c(F)c(F)c(F)c4F)cccc23)c(C)c1,keep,True,True,Cc1cc(C)c(P(c2c(C)cc(C)cc2C)c2cccc3c2oc2c(B(c4c(F)c(F)c(F)c(F)c4F)c4c(F)c(F)c(F)c(F)c4F)cccc23)c(C)c1,C42H28BF10OP,780.451,55,1,0,0,0,B;C;F;O;P,1,1,0,0,0,True
89,Cc1cc(C)c(P(c2c(C)cc(C)cc2C)c2cccc3c2oc2c(B(c4c(Cl)c(Cl)c(Cl)c(Cl)c4Cl)c4c(Cl)c(Cl)c(Cl)c(Cl)c4Cl)cccc23)c(C)c1,Cc1cc(C)c(P(c2c(C)cc(C)cc2C)c2cccc3c2oc2c(B(c4c(Cl)c(Cl)c(Cl)c(Cl)c4Cl)c4c(Cl)c(Cl)c(Cl)c(Cl)c4Cl)cccc23)c(C)c1,keep,True,True,Cc1cc(C)c(P(c2c(C)cc(C)cc2C)c2cccc3c2oc2c(B(c4c(Cl)c(Cl)c(Cl)c(Cl)c4Cl)c4c(Cl)c(Cl)c(Cl)c(Cl)c4Cl)cccc23)c(C)c1,C42H28BCl10OP,945.001,55,1,0,0,0,B;C;Cl;O;P,1,1,0,0,0,True
90,Fc1c(F)c(F)c(B(c2c(F)c(F)c(F)c(F)c2F)c2cccc3c2oc2c(P(c4ccccc4)c4ccccc4)cccc23)c(F)c1F,Fc1c(F)c(F)c(B(c2c(F)c(F)c(F)c(F)c2F)c2cccc3c2oc2c(P(c4ccccc4)c4ccccc4)cccc23)c(F)c1F,keep,True,True,Fc1c(F)c(F)c(B(c2c(F)c(F)c(F)c(F)c2F)c2cccc3c2oc2c(P(c4ccccc4)c4ccccc4)cccc23)c(F)c1F,C36H16BF10OP,696.289,49,1,0,0,0,B;C;F;O;P,1,1,0,0,0,True
91,Clc1c(Cl)c(Cl)c(B(c2c(Cl)c(Cl)c(Cl)c(Cl)c2Cl)c2cccc3c2oc2c(P(c4ccccc4)c4ccccc4)cccc23)c(Cl)c1Cl,Clc1c(Cl)c(Cl)c(B(c2c(Cl)c(Cl)c(Cl)c(Cl)c2Cl)c2cccc3c2oc2c(P(c4ccccc4)c4ccccc4)cccc23)c(Cl)c1Cl,keep,True,True,Clc1c(Cl)c(Cl)c(B(c2c(Cl)c(Cl)c(Cl)c(Cl)c2Cl)c2cccc3c2oc2c(P(c4ccccc4)c4ccccc4)cccc23)c(Cl)c1Cl,C36H16BCl10OP,860.839,49,1,0,0,0,B;C;Cl;O;P,1,1,0,0,0,True
92,Cc1cc(C)c(P(c2cccc3c2Oc2c(B(c4c(F)c(F)c(F)c(F)c4F)c4c(F)c(F)c(F)c(F)c4F)cccc2C3(C)C)c2c(C)cc(C)cc2C)c(C)c1,Cc1cc(C)c(P(c2cccc3c2Oc2c(B(c4c(F)c(F)c(F)c(F)c4F)c4c(F)c(F)c(F)c(F)c4F)cccc2C3(C)C)c2c(C)cc(C)cc2C)c(C)c1,keep,True,True,Cc1cc(C)c(P(c2cccc3c2Oc2c(B(c4c(F)c(F)c(F)c(F)c4F)c4c(F)c(F)c(F)c(F)c4F)cccc2C3(C)C)c2c(C)cc(C)cc2C)c(C)c1,C45H34BF10OP,822.532,58,1,0,0,0,B;C;F;O;P,1,1,0,0,0,True
93,Cc1cc(C)c(P(c2cccc3c2Oc2c(B(c4c(Cl)c(Cl)c(Cl)c(Cl)c4Cl)c4c(Cl)c(Cl)c(Cl)c(Cl)c4Cl)cccc2C3(C)C)c2c(C)cc(C)cc2C)c(C)c1,Cc1cc(C)c(P(c2cccc3c2Oc2c(B(c4c(Cl)c(Cl)c(Cl)c(Cl)c4Cl)c4c(Cl)c(Cl)c(Cl)c(Cl)c4Cl)cccc2C3(C)C)c2c(C)cc(C)cc2C)c(C)c1,keep,True,True,Cc1cc(C)c(P(c2cccc3c2Oc2c(B(c4c(Cl)c(Cl)c(Cl)c(Cl)c4Cl)c4c(Cl)c(Cl)c(Cl)c(Cl)c4Cl)cccc2C3(C)C)c2c(C)cc(C)cc2C)c(C)c1,C45H34BCl10OP,987.082,58,1,0,0,0,B;C;Cl;O;P,1,1,0,0,0,True
94,CC1(C)c2cccc(B(c3c(F)c(F)c(F)c(F)c3F)c3c(F)c(F)c(F)c(F)c3F)c2Oc2c(P(c3ccccc3)c3ccccc3)cccc21,CC1(C)c2cccc(B(c3c(F)c(F)c(F)c(F)c3F)c3c(F)c(F)c(F)c(F)c3F)c2Oc2c(P(c3ccccc3)c3ccccc3)cccc21,keep,True,True,CC1(C)c2cccc(B(c3c(F)c(F)c(F)c(F)c3F)c3c(F)c(F)c(F)c(F)c3F)c2Oc2c(P(c3ccccc3)c3ccccc3)cccc21,C39H22BF10OP,738.37,52,1,0,0,0,B;C;F;O;P,1,1,0,0,0,True
95,CC1(C)c2cccc(B(c3c(Cl)c(Cl)c(Cl)c(Cl)c3Cl)c3c(Cl)c(Cl)c(Cl)c(Cl)c3Cl)c2Oc2c(P(c3ccccc3)c3ccccc3)cccc21,CC1(C)c2cccc(B(c3c(Cl)c(Cl)c(Cl)c(Cl)c3Cl)c3c(Cl)c(Cl)c(Cl)c(Cl)c3Cl)c2Oc2c(P(c3ccccc3)c3ccccc3)cccc21,keep,True,True,CC1(C)c2cccc(B(c3c(Cl)c(Cl)c(Cl)c(Cl)c3Cl)c3c(Cl)c(Cl)c(Cl)c(Cl)c3Cl)c2Oc2c(P(c3ccccc3)c3ccccc3)cccc21,C39H22BCl10OP,902.92,52,1,0,0,0,B;C;Cl;O;P,1,1,0,0,0,True
96,CC(C)P(c1cccc2c1Oc1c(B(c3c(F)c(F)c(F)c(F)c3F)c3c(F)c(F)c(F)c(F)c3F)cccc1C2(C)C)C(C)C,CC(C)P(c1cccc2c1Oc1c(B(c3c(F)c(F)c(F)c(F)c3F)c3c(F)c(F)c(F)c(F)c3F)cccc1C2(C)C)C(C)C,keep,True,True,CC(C)P(c1cccc2c1Oc1c(B(c3c(F)c(F)c(F)c(F)c3F)c3c(F)c(F)c(F)c(F)c3F)cccc1C2(C)C)C(C)C,C33H26BF10OP,670.336,46,1,0,0,0,B;C;F;O;P,1,1,0,0,0,True
97,CC(C)P(c1cccc2c1Oc1c(B(c3c(Cl)c(Cl)c(Cl)c(Cl)c3Cl)c3c(Cl)c(Cl)c(Cl)c(Cl)c3Cl)cccc1C2(C)C)C(C)C,CC(C)P(c1cccc2c1Oc1c(B(c3c(Cl)c(Cl)c(Cl)c(Cl)c3Cl)c3c(Cl)c(Cl)c(Cl)c(Cl)c3Cl)cccc1C2(C)C)C(C)C,keep,True,True,CC(C)P(c1cccc2c1Oc1c(B(c3c(Cl)c(Cl)c(Cl)c(Cl)c3Cl)c3c(Cl)c(Cl)c(Cl)c(Cl)c3Cl)cccc1C2(C)C)C(C)C,C33H26BCl10OP,834.886,46,1,0,0,0,B;C;Cl;O;P,1,1,0,0,0,True
98,CC=C(CP(c1c(C)cc(C)cc1C)c1c(C)cc(C)cc1C)B(c1c(F)c(F)c(F)c(F)c1F)c1c(F)c(F)c(F)c(F)c1F,CC=C(CP(c1c(C)cc(C)cc1C)c1c(C)cc(C)cc1C)B(c1c(F)c(F)c(F)c(F)c1F)c1c(F)c(F)c(F)c(F)c1F,keep,True,True,CC=C(CP(c1c(C)cc(C)cc1C)c1c(C)cc(C)cc1C)B(c1c(F)c(F)c(F)c(F)c1F)c1c(F)c(F)c(F)c(F)c1F,C34H28BF10P,668.364,46,1,0,0,0,B;C;F;P,1,1,0,0,0,True
99,CC=C(CP(c1c(C)cc(C)cc1C)c1c(C)cc(C)cc1C)B(c1c(Cl)c(Cl)c(Cl)c(Cl)c1Cl)c1c(Cl)c(Cl)c(Cl)c(Cl)c1Cl,CC=C(CP(c1c(C)cc(C)cc1C)c1c(C)cc(C)cc1C)B(c1c(Cl)c(Cl)c(Cl)c(Cl)c1Cl)c1c(Cl)c(Cl)c(Cl)c(Cl)c1Cl,keep,True,True,CC=C(CP(c1c(C)cc(C)cc1C)c1c(C)cc(C)cc1C)B(c1c(Cl)c(Cl)c(Cl)c(Cl)c1Cl)c1c(Cl)c(Cl)c(Cl)c(Cl)c1Cl,C34H28BCl10P,832.914,46,1,0,0,0,B;C;Cl;P,1,1,0,0,0,True
100,CC=C(CP(c1ccccc1)c1ccccc1)B(c1c(F)c(F)c(F)c(F)c1F)c1c(F)c(F)c(F)c(F)c1F,CC=C(CP(c1ccccc1)c1ccccc1)B(c1c(F)c(F)c(F)c(F)c1F)c1c(F)c(F)c(F)c(F)c1F,keep,True,True,CC=C(CP(c1ccccc1)c1ccccc1)B(c1c(F)c(F)c(F)c(F)c1F)c1c(F)c(F)c(F)c(F)c1F,C28H16BF10P,584.202,40,1,0,0,0,B;C;F;P,1,1,0,0,0,True
101,CC=C(CP(c1ccccc1)c1ccccc1)B(c1c(Cl)c(Cl)c(Cl)c(Cl)c1Cl)c1c(Cl)c(Cl)c(Cl)c(Cl)c1Cl,CC=C(CP(c1ccccc1)c1ccccc1)B(c1c(Cl)c(Cl)c(Cl)c(Cl)c1Cl)c1c(Cl)c(Cl)c(Cl)c(Cl)c1Cl,keep,True,True,CC=C(CP(c1ccccc1)c1ccccc1)B(c1c(Cl)c(Cl)c(Cl)c(Cl)c1Cl)c1c(Cl)c(Cl)c(Cl)c(Cl)c1Cl,C28H16BCl10P,748.752,40,1,0,0,0,B;C;Cl;P,1,1,0,0,0,True
102,Cc1cc(C)c(P(CC(=C[Si](C)(C)C)B(c2c(F)c(F)c(F)c(F)c2F)c2c(F)c(F)c(F)c(F)c2F)c2c(C)cc(C)cc2C)c(C)c1,Cc1cc(C)c(P(CC(=C[Si](C)(C)C)B(c2c(F)c(F)c(F)c(F)c2F)c2c(F)c(F)c(F)c(F)c2F)c2c(C)cc(C)cc2C)c(C)c1,keep,True,True,Cc1cc(C)c(P(CC(=C[Si](C)(C)C)B(c2c(F)c(F)c(F)c(F)c2F)c2c(F)c(F)c(F)c(F)c2F)c2c(C)cc(C)cc2C)c(C)c1,C36H34BF10PSi,726.52,49,1,0,0,0,B;C;F;P;Si,1,1,0,0,1,True
103,Cc1cc(C)c(P(CC(=C[Si](C)(C)C)B(c2c(Cl)c(Cl)c(Cl)c(Cl)c2Cl)c2c(Cl)c(Cl)c(Cl)c(Cl)c2Cl)c2c(C)cc(C)cc2C)c(C)c1,Cc1cc(C)c(P(CC(=C[Si](C)(C)C)B(c2c(Cl)c(Cl)c(Cl)c(Cl)c2Cl)c2c(Cl)c(Cl)c(Cl)c(Cl)c2Cl)c2c(C)cc(C)cc2C)c(C)c1,keep,True,True,Cc1cc(C)c(P(CC(=C[Si](C)(C)C)B(c2c(Cl)c(Cl)c(Cl)c(Cl)c2Cl)c2c(Cl)c(Cl)c(Cl)c(Cl)c2Cl)c2c(C)cc(C)cc2C)c(C)c1,C36H34BCl10PSi,891.07,49,1,0,0,0,B;C;Cl;P;Si,1,1,0,0,1,True
104,C[Si](C)(C)C=C(CP(c1ccccc1)c1ccccc1)B(c1c(F)c(F)c(F)c(F)c1F)c1c(F)c(F)c(F)c(F)c1F,C[Si](C)(C)C=C(CP(c1ccccc1)c1ccccc1)B(c1c(F)c(F)c(F)c(F)c1F)c1c(F)c(F)c(F)c(F)c1F,keep,True,True,C[Si](C)(C)C=C(CP(c1ccccc1)c1ccccc1)B(c1c(F)c(F)c(F)c(F)c1F)c1c(F)c(F)c(F)c(F)c1F,C30H22BF10PSi,642.358,43,1,0,0,0,B;C;F;P;Si,1,1,0,0,1,True
105,C[Si](C)(C)C=C(CP(c1ccccc1)c1ccccc1)B(c1c(Cl)c(Cl)c(Cl)c(Cl)c1Cl)c1c(Cl)c(Cl)c(Cl)c(Cl)c1Cl,C[Si](C)(C)C=C(CP(c1ccccc1)c1ccccc1)B(c1c(Cl)c(Cl)c(Cl)c(Cl)c1Cl)c1c(Cl)c(Cl)c(Cl)c(Cl)c1Cl,keep,True,True,C[Si](C)(C)C=C(CP(c1ccccc1)c1ccccc1)B(c1c(Cl)c(Cl)c(Cl)c(Cl)c1Cl)c1c(Cl)c(Cl)c(Cl)c(Cl)c1Cl,C30H22BCl10PSi,806.908,43,1,0,0,0,B;C;Cl;P;Si,1,1,0,0,1,True
106,COB(OC)c1ccccc1P(c1ccccc1)c1ccccc1,COB(OC)c1ccccc1P(c1ccccc1)c1ccccc1,keep,True,True,COB(OC)c1ccccc1P(c1ccccc1)c1ccccc1,C20H20BO2P,334.164,24,1,0,0,0,B;C;O;P,1,1,0,0,0,True
107,COB(OC)c1ccccc1P(c1c(C)cc(C)cc1C)c1c(C)cc(C)cc1C,COB(OC)c1ccccc1P(c1c(C)cc(C)cc1C)c1c(C)cc(C)cc1C,keep,True,True,COB(OC)c1ccccc1P(c1c(C)cc(C)cc1C)c1c(C)cc(C)cc1C,C26H32BO2P,418.326,30,1,0,0,0,B;C;O;P,1,1,0,0,0,True
108,CC1(C)OB(c2ccccc2P(c2ccccc2)c2ccccc2)OC1(C)C,CC1(C)OB(c2ccccc2P(c2ccccc2)c2ccccc2)OC1(C)C,keep,True,True,CC1(C)OB(c2ccccc2P(c2ccccc2)c2ccccc2)OC1(C)C,C24H26BO2P,388.256,28,1,0,0,0,B;C;O;P,1,1,0,0,0,True
109,Cc1cc(C)c(P(c2ccccc2B2OC(C)(C)C(C)(C)O2)c2c(C)cc(C)cc2C)c(C)c1,Cc1cc(C)c(P(c2ccccc2B2OC(C)(C)C(C)(C)O2)c2c(C)cc(C)cc2C)c(C)c1,keep,True,True,Cc1cc(C)c(P(c2ccccc2B2OC(C)(C)C(C)(C)O2)c2c(C)cc(C)cc2C)c(C)c1,C30H38BO2P,472.418,34,1,0,0,0,B;C;O;P,1,1,0,0,0,True
110,CC1(C)COB(c2ccccc2P(c2ccccc2)c2ccccc2)OC1,CC1(C)COB(c2ccccc2P(c2ccccc2)c2ccccc2)OC1,keep,True,True,CC1(C)COB(c2ccccc2P(c2ccccc2)c2ccccc2)OC1,C23H24BO2P,374.229,27,1,0,0,0,B;C;O;P,1,1,0,0,0,True
111,Cc1cc(C)c(P(c2ccccc2B2OCC(C)(C)CO2)c2c(C)cc(C)cc2C)c(C)c1,Cc1cc(C)c(P(c2ccccc2B2OCC(C)(C)CO2)c2c(C)cc(C)cc2C)c(C)c1,keep,True,True,Cc1cc(C)c(P(c2ccccc2B2OCC(C)(C)CO2)c2c(C)cc(C)cc2C)c(C)c1,C29H36BO2P,458.391,33,1,0,0,0,B;C;O;P,1,1,0,0,0,True
112,COB(OC)c1ccccc1P(C(C)C)C(C)C,COB(OC)c1ccccc1P(C(C)C)C(C)C,keep,True,True,COB(OC)c1ccccc1P(C(C)C)C(C)C,C14H24BO2P,266.13,18,1,0,0,0,B;C;O;P,1,1,0,0,0,True
113,CC(C)P(c1ccccc1B1Oc2ccccc2O1)C(C)C,CC(C)P(c1ccccc1B1Oc2ccccc2O1)C(C)C,keep,True,True,CC(C)P(c1ccccc1B1Oc2ccccc2O1)C(C)C,C18H22BO2P,312.158,22,1,0,0,0,B;C;O;P,1,1,0,0,0,True
114,CC(C)P(c1ccccc1B1OC(C)(C)C(C)(C)O1)C(C)C,CC(C)P(c1ccccc1B1OC(C)(C)C(C)(C)O1)C(C)C,keep,True,True,CC(C)P(c1ccccc1B1OC(C)(C)C(C)(C)O1)C(C)C,C18H30BO2P,320.222,22,1,0,0,0,B;C;O;P,1,1,0,0,0,True
115,Cc1cc(C)c(P(c2c(C)cc(C)cc2C)C2CCCC2B(c2c(F)c(F)c(F)c(F)c2F)c2c(F)c(F)c(F)c(F)c2F)c(C)c1,Cc1cc(C)c(P(c2c(C)cc(C)cc2C)C2CCCC2B(c2c(F)c(F)c(F)c(F)c2F)c2c(F)c(F)c(F)c(F)c2F)c(C)c1,keep,True,True,Cc1cc(C)c(P(c2c(C)cc(C)cc2C)C2CCCC2B(c2c(F)c(F)c(F)c(F)c2F)c2c(F)c(F)c(F)c(F)c2F)c(C)c1,C35H30BF10P,682.391,47,1,0,0,2,B;C;F;P,1,1,0,0,0,True
116,Cc1cc(C)c(P(c2c(C)cc(C)cc2C)C2CCCC2B(c2c(Cl)c(Cl)c(Cl)c(Cl)c2Cl)c2c(Cl)c(Cl)c(Cl)c(Cl)c2Cl)c(C)c1,Cc1cc(C)c(P(c2c(C)cc(C)cc2C)C2CCCC2B(c2c(Cl)c(Cl)c(Cl)c(Cl)c2Cl)c2c(Cl)c(Cl)c(Cl)c(Cl)c2Cl)c(C)c1,keep,True,True,Cc1cc(C)c(P(c2c(C)cc(C)cc2C)C2CCCC2B(c2c(Cl)c(Cl)c(Cl)c(Cl)c2Cl)c2c(Cl)c(Cl)c(Cl)c(Cl)c2Cl)c(C)c1,C35H30BCl10P,846.941,47,1,0,0,2,B;C;Cl;P,1,1,0,0,0,True
117,Fc1c(F)c(F)c(B(c2c(F)c(F)c(F)c(F)c2F)C2CCCC2P(c2ccccc2)c2ccccc2)c(F)c1F,Fc1c(F)c(F)c(B(c2c(F)c(F)c(F)c(F)c2F)C2CCCC2P(c2ccccc2)c2ccccc2)c(F)c1F,keep,True,True,Fc1c(F)c(F)c(B(c2c(F)c(F)c(F)c(F)c2F)C2CCCC2P(c2ccccc2)c2ccccc2)c(F)c1F,C29H18BF10P,598.229,41,1,0,0,2,B;C;F;P,1,1,0,0,0,True
118,Clc1c(Cl)c(Cl)c(B(c2c(Cl)c(Cl)c(Cl)c(Cl)c2Cl)C2CCCC2P(c2ccccc2)c2ccccc2)c(Cl)c1Cl,Clc1c(Cl)c(Cl)c(B(c2c(Cl)c(Cl)c(Cl)c(Cl)c2Cl)C2CCCC2P(c2ccccc2)c2ccccc2)c(Cl)c1Cl,keep,True,True,Clc1c(Cl)c(Cl)c(B(c2c(Cl)c(Cl)c(Cl)c(Cl)c2Cl)C2CCCC2P(c2ccccc2)c2ccccc2)c(Cl)c1Cl,C29H18BCl10P,762.779,41,1,0,0,2,B;C;Cl;P,1,1,0,0,0,True
119,Cc1cc(C)c(P(CC(C)CB(c2c(F)c(F)c(F)c(F)c2F)c2c(F)c(F)c(F)c(F)c2F)c2c(C)cc(C)cc2C)c(C)c1,Cc1cc(C)c(P(CC(C)CB(c2c(F)c(F)c(F)c(F)c2F)c2c(F)c(F)c(F)c(F)c2F)c2c(C)cc(C)cc2C)c(C)c1,keep,True,True,Cc1cc(C)c(P(CC(C)CB(c2c(F)c(F)c(F)c(F)c2F)c2c(F)c(F)c(F)c(F)c2F)c2c(C)cc(C)cc2C)c(C)c1,C34H30BF10P,670.38,46,1,0,0,1,B;C;F;P,1,1,0,0,0,True
120,Cc1cc(C)c(P(CC(C)CB(c2c(Cl)c(Cl)c(Cl)c(Cl)c2Cl)c2c(Cl)c(Cl)c(Cl)c(Cl)c2Cl)c2c(C)cc(C)cc2C)c(C)c1,Cc1cc(C)c(P(CC(C)CB(c2c(Cl)c(Cl)c(Cl)c(Cl)c2Cl)c2c(Cl)c(Cl)c(Cl)c(Cl)c2Cl)c2c(C)cc(C)cc2C)c(C)c1,keep,True,True,Cc1cc(C)c(P(CC(C)CB(c2c(Cl)c(Cl)c(Cl)c(Cl)c2Cl)c2c(Cl)c(Cl)c(Cl)c(Cl)c2Cl)c2c(C)cc(C)cc2C)c(C)c1,C34H30BCl10P,834.93,46,1,0,0,1,B;C;Cl;P,1,1,0,0,0,True
121,CC(CB(c1c(F)c(F)c(F)c(F)c1F)c1c(F)c(F)c(F)c(F)c1F)CP(c1ccccc1)c1ccccc1,CC(CB(c1c(F)c(F)c(F)c(F)c1F)c1c(F)c(F)c(F)c(F)c1F)CP(c1ccccc1)c1ccccc1,keep,True,True,CC(CB(c1c(F)c(F)c(F)c(F)c1F)c1c(F)c(F)c(F)c(F)c1F)CP(c1ccccc1)c1ccccc1,C28H18BF10P,586.218,40,1,0,0,1,B;C;F;P,1,1,0,0,0,True
122,CC(CB(c1c(Cl)c(Cl)c(Cl)c(Cl)c1Cl)c1c(Cl)c(Cl)c(Cl)c(Cl)c1Cl)CP(c1ccccc1)c1ccccc1,CC(CB(c1c(Cl)c(Cl)c(Cl)c(Cl)c1Cl)c1c(Cl)c(Cl)c(Cl)c(Cl)c1Cl)CP(c1ccccc1)c1ccccc1,keep,True,True,CC(CB(c1c(Cl)c(Cl)c(Cl)c(Cl)c1Cl)c1c(Cl)c(Cl)c(Cl)c(Cl)c1Cl)CP(c1ccccc1)c1ccccc1,C28H18BCl10P,750.768,40,1,0,0,1,B;C;Cl;P,1,1,0,0,0,True
123,Cc1cc(C)c(P(CCCCB(c2c(F)c(F)c(F)c(F)c2F)c2c(F)c(F)c(F)c(F)c2F)c2c(C)cc(C)cc2C)c(C)c1,Cc1cc(C)c(P(CCCCB(c2c(F)c(F)c(F)c(F)c2F)c2c(F)c(F)c(F)c(F)c2F)c2c(C)cc(C)cc2C)c(C)c1,keep,True,True,Cc1cc(C)c(P(CCCCB(c2c(F)c(F)c(F)c(F)c2F)c2c(F)c(F)c(F)c(F)c2F)c2c(C)cc(C)cc2C)c(C)c1,C34H30BF10P,670.38,46,1,0,0,0,B;C;F;P,1,1,0,0,0,True
124,Cc1cc(C)c(P(CCCCB(c2c(Cl)c(Cl)c(Cl)c(Cl)c2Cl)c2c(Cl)c(Cl)c(Cl)c(Cl)c2Cl)c2c(C)cc(C)cc2C)c(C)c1,Cc1cc(C)c(P(CCCCB(c2c(Cl)c(Cl)c(Cl)c(Cl)c2Cl)c2c(Cl)c(Cl)c(Cl)c(Cl)c2Cl)c2c(C)cc(C)cc2C)c(C)c1,keep,True,True,Cc1cc(C)c(P(CCCCB(c2c(Cl)c(Cl)c(Cl)c(Cl)c2Cl)c2c(Cl)c(Cl)c(Cl)c(Cl)c2Cl)c2c(C)cc(C)cc2C)c(C)c1,C34H30BCl10P,834.93,46,1,0,0,0,B;C;Cl;P,1,1,0,0,0,True
125,Fc1c(F)c(F)c(B(CCCCP(c2ccccc2)c2ccccc2)c2c(F)c(F)c(F)c(F)c2F)c(F)c1F,Fc1c(F)c(F)c(B(CCCCP(c2ccccc2)c2ccccc2)c2c(F)c(F)c(F)c(F)c2F)c(F)c1F,keep,True,True,Fc1c(F)c(F)c(B(CCCCP(c2ccccc2)c2ccccc2)c2c(F)c(F)c(F)c(F)c2F)c(F)c1F,C28H18BF10P,586.218,40,1,0,0,0,B;C;F;P,1,1,0,0,0,True
126,Clc1c(Cl)c(Cl)c(B(CCCCP(c2ccccc2)c2ccccc2)c2c(Cl)c(Cl)c(Cl)c(Cl)c2Cl)c(Cl)c1Cl,Clc1c(Cl)c(Cl)c(B(CCCCP(c2ccccc2)c2ccccc2)c2c(Cl)c(Cl)c(Cl)c(Cl)c2Cl)c(Cl)c1Cl,keep,True,True,Clc1c(Cl)c(Cl)c(B(CCCCP(c2ccccc2)c2ccccc2)c2c(Cl)c(Cl)c(Cl)c(Cl)c2Cl)c(Cl)c1Cl,C28H18BCl10P,750.768,40,1,0,0,0,B;C;Cl;P,1,1,0,0,0,True
127,Cc1cc(C)c(P(CCC(C)CB(c2c(F)c(F)c(F)c(F)c2F)c2c(F)c(F)c(F)c(F)c2F)c2c(C)cc(C)cc2C)c(C)c1,Cc1cc(C)c(P(CCC(C)CB(c2c(F)c(F)c(F)c(F)c2F)c2c(F)c(F)c(F)c(F)c2F)c2c(C)cc(C)cc2C)c(C)c1,keep,True,True,Cc1cc(C)c(P(CCC(C)CB(c2c(F)c(F)c(F)c(F)c2F)c2c(F)c(F)c(F)c(F)c2F)c2c(C)cc(C)cc2C)c(C)c1,C35H32BF10P,684.407,47,1,0,0,1,B;C;F;P,1,1,0,0,0,True
128,Cc1cc(C)c(P(CCC(C)CB(c2c(Cl)c(Cl)c(Cl)c(Cl)c2Cl)c2c(Cl)c(Cl)c(Cl)c(Cl)c2Cl)c2c(C)cc(C)cc2C)c(C)c1,Cc1cc(C)c(P(CCC(C)CB(c2c(Cl)c(Cl)c(Cl)c(Cl)c2Cl)c2c(Cl)c(Cl)c(Cl)c(Cl)c2Cl)c2c(C)cc(C)cc2C)c(C)c1,keep,True,True,Cc1cc(C)c(P(CCC(C)CB(c2c(Cl)c(Cl)c(Cl)c(Cl)c2Cl)c2c(Cl)c(Cl)c(Cl)c(Cl)c2Cl)c2c(C)cc(C)cc2C)c(C)c1,C35H32BCl10P,848.957,47,1,0,0,1,B;C;Cl;P,1,1,0,0,0,True
129,CC(CCP(c1ccccc1)c1ccccc1)CB(c1c(F)c(F)c(F)c(F)c1F)c1c(F)c(F)c(F)c(F)c1F,CC(CCP(c1ccccc1)c1ccccc1)CB(c1c(F)c(F)c(F)c(F)c1F)c1c(F)c(F)c(F)c(F)c1F,keep,True,True,CC(CCP(c1ccccc1)c1ccccc1)CB(c1c(F)c(F)c(F)c(F)c1F)c1c(F)c(F)c(F)c(F)c1F,C29H20BF10P,600.245,41,1,0,0,1,B;C;F;P,1,1,0,0,0,True
130,CC(CCP(c1ccccc1)c1ccccc1)CB(c1c(Cl)c(Cl)c(Cl)c(Cl)c1Cl)c1c(Cl)c(Cl)c(Cl)c(Cl)c1Cl,CC(CCP(c1ccccc1)c1ccccc1)CB(c1c(Cl)c(Cl)c(Cl)c(Cl)c1Cl)c1c(Cl)c(Cl)c(Cl)c(Cl)c1Cl,keep,True,True,CC(CCP(c1ccccc1)c1ccccc1)CB(c1c(Cl)c(Cl)c(Cl)c(Cl)c1Cl)c1c(Cl)c(Cl)c(Cl)c(Cl)c1Cl,C29H20BCl10P,764.795,41,1,0,0,1,B;C;Cl;P,1,1,0,0,0,True
131,Cc1cc(C)c(P(c2c(C)cc(C)cc2C)c2c(C)cc(C(C)(C)C)cc2B(c2c(F)c(F)c(F)c(F)c2F)c2c(F)c(F)c(F)c(F)c2F)c(C)c1,Cc1cc(C)c(P(c2c(C)cc(C)cc2C)c2c(C)cc(C(C)(C)C)cc2B(c2c(F)c(F)c(F)c(F)c2F)c2c(F)c(F)c(F)c(F)c2F)c(C)c1,keep,True,True,Cc1cc(C)c(P(c2c(C)cc(C)cc2C)c2c(C)cc(C(C)(C)C)cc2B(c2c(F)c(F)c(F)c(F)c2F)c2c(F)c(F)c(F)c(F)c2F)c(C)c1,C41H36BF10P,760.505,53,1,0,0,0,B;C;F;P,1,1,0,0,0,True
132,Cc1cc(C)c(P(c2c(C)cc(C)cc2C)c2c(C)cc(C(C)(C)C)cc2B(c2c(Cl)c(Cl)c(Cl)c(Cl)c2Cl)c2c(Cl)c(Cl)c(Cl)c(Cl)c2Cl)c(C)c1,Cc1cc(C)c(P(c2c(C)cc(C)cc2C)c2c(C)cc(C(C)(C)C)cc2B(c2c(Cl)c(Cl)c(Cl)c(Cl)c2Cl)c2c(Cl)c(Cl)c(Cl)c(Cl)c2Cl)c(C)c1,keep,True,True,Cc1cc(C)c(P(c2c(C)cc(C)cc2C)c2c(C)cc(C(C)(C)C)cc2B(c2c(Cl)c(Cl)c(Cl)c(Cl)c2Cl)c2c(Cl)c(Cl)c(Cl)c(Cl)c2Cl)c(C)c1,C41H36BCl10P,925.055,53,1,0,0,0,B;C;Cl;P,1,1,0,0,0,True
133,Cc1cc(C(C)(C)C)cc(B(c2c(F)c(F)c(F)c(F)c2F)c2c(F)c(F)c(F)c(F)c2F)c1P(c1ccccc1)c1ccccc1,Cc1cc(C(C)(C)C)cc(B(c2c(F)c(F)c(F)c(F)c2F)c2c(F)c(F)c(F)c(F)c2F)c1P(c1ccccc1)c1ccccc1,keep,True,True,Cc1cc(C(C)(C)C)cc(B(c2c(F)c(F)c(F)c(F)c2F)c2c(F)c(F)c(F)c(F)c2F)c1P(c1ccccc1)c1ccccc1,C35H24BF10P,676.343,47,1,0,0,0,B;C;F;P,1,1,0,0,0,True
134,Cc1cc(C(C)(C)C)cc(B(c2c(Cl)c(Cl)c(Cl)c(Cl)c2Cl)c2c(Cl)c(Cl)c(Cl)c(Cl)c2Cl)c1P(c1ccccc1)c1ccccc1,Cc1cc(C(C)(C)C)cc(B(c2c(Cl)c(Cl)c(Cl)c(Cl)c2Cl)c2c(Cl)c(Cl)c(Cl)c(Cl)c2Cl)c1P(c1ccccc1)c1ccccc1,keep,True,True,Cc1cc(C(C)(C)C)cc(B(c2c(Cl)c(Cl)c(Cl)c(Cl)c2Cl)c2c(Cl)c(Cl)c(Cl)c(Cl)c2Cl)c1P(c1ccccc1)c1ccccc1,C35H24BCl10P,840.893,47,1,0,0,0,B;C;Cl;P,1,1,0,0,0,True
135,Cc1cc(C)c(P(c2c(C)cc(C)cc2C)c2c(C)cc(-c3ccccc3)cc2B(c2c(F)c(F)c(F)c(F)c2F)c2c(F)c(F)c(F)c(F)c2F)c(C)c1,Cc1cc(C)c(P(c2c(C)cc(C)cc2C)c2c(C)cc(-c3ccccc3)cc2B(c2c(F)c(F)c(F)c(F)c2F)c2c(F)c(F)c(F)c(F)c2F)c(C)c1,keep,True,True,Cc1cc(C)c(P(c2c(C)cc(C)cc2C)c2c(C)cc(-c3ccccc3)cc2B(c2c(F)c(F)c(F)c(F)c2F)c2c(F)c(F)c(F)c(F)c2F)c(C)c1,C43H32BF10P,780.495,55,1,0,0,0,B;C;F;P,1,1,0,0,0,True
136,Cc1cc(C)c(P(c2c(C)cc(C)cc2C)c2c(C)cc(-c3ccccc3)cc2B(c2c(Cl)c(Cl)c(Cl)c(Cl)c2Cl)c2c(Cl)c(Cl)c(Cl)c(Cl)c2Cl)c(C)c1,Cc1cc(C)c(P(c2c(C)cc(C)cc2C)c2c(C)cc(-c3ccccc3)cc2B(c2c(Cl)c(Cl)c(Cl)c(Cl)c2Cl)c2c(Cl)c(Cl)c(Cl)c(Cl)c2Cl)c(C)c1,keep,True,True,Cc1cc(C)c(P(c2c(C)cc(C)cc2C)c2c(C)cc(-c3ccccc3)cc2B(c2c(Cl)c(Cl)c(Cl)c(Cl)c2Cl)c2c(Cl)c(Cl)c(Cl)c(Cl)c2Cl)c(C)c1,C43H32BCl10P,945.045,55,1,0,0,0,B;C;Cl;P,1,1,0,0,0,True
137,Cc1cc(-c2ccccc2)cc(B(c2c(F)c(F)c(F)c(F)c2F)c2c(F)c(F)c(F)c(F)c2F)c1P(c1ccccc1)c1ccccc1,Cc1cc(-c2ccccc2)cc(B(c2c(F)c(F)c(F)c(F)c2F)c2c(F)c(F)c(F)c(F)c2F)c1P(c1ccccc1)c1ccccc1,keep,True,True,Cc1cc(-c2ccccc2)cc(B(c2c(F)c(F)c(F)c(F)c2F)c2c(F)c(F)c(F)c(F)c2F)c1P(c1ccccc1)c1ccccc1,C37H20BF10P,696.333,49,1,0,0,0,B;C;F;P,1,1,0,0,0,True
138,Cc1cc(-c2ccccc2)cc(B(c2c(Cl)c(Cl)c(Cl)c(Cl)c2Cl)c2c(Cl)c(Cl)c(Cl)c(Cl)c2Cl)c1P(c1ccccc1)c1ccccc1,Cc1cc(-c2ccccc2)cc(B(c2c(Cl)c(Cl)c(Cl)c(Cl)c2Cl)c2c(Cl)c(Cl)c(Cl)c(Cl)c2Cl)c1P(c1ccccc1)c1ccccc1,keep,True,True,Cc1cc(-c2ccccc2)cc(B(c2c(Cl)c(Cl)c(Cl)c(Cl)c2Cl)c2c(Cl)c(Cl)c(Cl)c(Cl)c2Cl)c1P(c1ccccc1)c1ccccc1,C37H20BCl10P,860.883,49,1,0,0,0,B;C;Cl;P,1,1,0,0,0,True
139,Cc1cc(C)c(-c2cc(C)c(P(c3c(C)cc(C)cc3C)c3c(C)cc(C)cc3C)c(B(c3c(F)c(F)c(F)c(F)c3F)c3c(F)c(F)c(F)c(F)c3F)c2)c(C)c1,Cc1cc(C)c(-c2cc(C)c(P(c3c(C)cc(C)cc3C)c3c(C)cc(C)cc3C)c(B(c3c(F)c(F)c(F)c(F)c3F)c3c(F)c(F)c(F)c(F)c3F)c2)c(C)c1,keep,True,True,Cc1cc(C)c(-c2cc(C)c(P(c3c(C)cc(C)cc3C)c3c(C)cc(C)cc3C)c(B(c3c(F)c(F)c(F)c(F)c3F)c3c(F)c(F)c(F)c(F)c3F)c2)c(C)c1,C46H38BF10P,822.576,58,1,0,0,0,B;C;F;P,1,1,0,0,0,True
140,Cc1cc(C)c(-c2cc(C)c(P(c3c(C)cc(C)cc3C)c3c(C)cc(C)cc3C)c(B(c3c(Cl)c(Cl)c(Cl)c(Cl)c3Cl)c3c(Cl)c(Cl)c(Cl)c(Cl)c3Cl)c2)c(C)c1,Cc1cc(C)c(-c2cc(C)c(P(c3c(C)cc(C)cc3C)c3c(C)cc(C)cc3C)c(B(c3c(Cl)c(Cl)c(Cl)c(Cl)c3Cl)c3c(Cl)c(Cl)c(Cl)c(Cl)c3Cl)c2)c(C)c1,keep,True,True,Cc1cc(C)c(-c2cc(C)c(P(c3c(C)cc(C)cc3C)c3c(C)cc(C)cc3C)c(B(c3c(Cl)c(Cl)c(Cl)c(Cl)c3Cl)c3c(Cl)c(Cl)c(Cl)c(Cl)c3Cl)c2)c(C)c1,C46H38BCl10P,987.126,58,1,0,0,0,B;C;Cl;P,1,1,0,0,0,True
141,CC(C)(C)P(CB(c1cc(C(F)(F)F)cc(C(F)(F)F)c1)c1cc(C(F)(F)F)cc(C(F)(F)F)c1)C(C)(C)C,CC(C)(C)P(CB(c1cc(C(F)(F)F)cc(C(F)(F)F)c1)c1cc(C(F)(F)F)cc(C(F)(F)F)c1)C(C)(C)C,keep,True,True,CC(C)(C)P(CB(c1cc(C(F)(F)F)cc(C(F)(F)F)c1)c1cc(C(F)(F)F)cc(C(F)(F)F)c1)C(C)(C)C,C25H26BF12P,596.245,39,1,0,0,0,B;C;F;P,1,1,0,0,0,True
142,CC(=CCB(c1c(F)c(F)c(F)c(F)c1F)c1c(F)c(F)c(F)c(F)c1F)CP(c1c(C)cc(C)cc1C)c1c(C)cc(C)cc1C,CC(=CCB(c1c(F)c(F)c(F)c(F)c1F)c1c(F)c(F)c(F)c(F)c1F)CP(c1c(C)cc(C)cc1C)c1c(C)cc(C)cc1C,keep,True,True,CC(=CCB(c1c(F)c(F)c(F)c(F)c1F)c1c(F)c(F)c(F)c(F)c1F)CP(c1c(C)cc(C)cc1C)c1c(C)cc(C)cc1C,C35H30BF10P,682.391,47,1,0,0,0,B;C;F;P,1,1,0,0,0,True
143,CC(=CCB(c1c(Cl)c(Cl)c(Cl)c(Cl)c1Cl)c1c(Cl)c(Cl)c(Cl)c(Cl)c1Cl)CP(c1c(C)cc(C)cc1C)c1c(C)cc(C)cc1C,CC(=CCB(c1c(Cl)c(Cl)c(Cl)c(Cl)c1Cl)c1c(Cl)c(Cl)c(Cl)c(Cl)c1Cl)CP(c1c(C)cc(C)cc1C)c1c(C)cc(C)cc1C,keep,True,True,CC(=CCB(c1c(Cl)c(Cl)c(Cl)c(Cl)c1Cl)c1c(Cl)c(Cl)c(Cl)c(Cl)c1Cl)CP(c1c(C)cc(C)cc1C)c1c(C)cc(C)cc1C,C35H30BCl10P,846.941,47,1,0,0,0,B;C;Cl;P,1,1,0,0,0,True
144,CC(=CCB(c1c(F)c(F)c(F)c(F)c1F)c1c(F)c(F)c(F)c(F)c1F)CP(c1ccccc1)c1ccccc1,CC(=CCB(c1c(F)c(F)c(F)c(F)c1F)c1c(F)c(F)c(F)c(F)c1F)CP(c1ccccc1)c1ccccc1,keep,True,True,CC(=CCB(c1c(F)c(F)c(F)c(F)c1F)c1c(F)c(F)c(F)c(F)c1F)CP(c1ccccc1)c1ccccc1,C29H18BF10P,598.229,41,1,0,0,0,B;C;F;P,1,1,0,0,0,True
145,CC(=CCB(c1c(Cl)c(Cl)c(Cl)c(Cl)c1Cl)c1c(Cl)c(Cl)c(Cl)c(Cl)c1Cl)CP(c1ccccc1)c1ccccc1,CC(=CCB(c1c(Cl)c(Cl)c(Cl)c(Cl)c1Cl)c1c(Cl)c(Cl)c(Cl)c(Cl)c1Cl)CP(c1ccccc1)c1ccccc1,keep,True,True,CC(=CCB(c1c(Cl)c(Cl)c(Cl)c(Cl)c1Cl)c1c(Cl)c(Cl)c(Cl)c(Cl)c1Cl)CP(c1ccccc1)c1ccccc1,C29H18BCl10P,762.779,41,1,0,0,0,B;C;Cl;P,1,1,0,0,0,True
146,CC(=CCB(c1c(F)c(F)c(F)c(F)c1F)c1c(F)c(F)c(F)c(F)c1F)CP(C(C)(C)C)C(C)(C)C,CC(=CCB(c1c(F)c(F)c(F)c(F)c1F)c1c(F)c(F)c(F)c(F)c1F)CP(C(C)(C)C)C(C)(C)C,keep,True,True,CC(=CCB(c1c(F)c(F)c(F)c(F)c1F)c1c(F)c(F)c(F)c(F)c1F)CP(C(C)(C)C)C(C)(C)C,C25H26BF10P,558.249,37,1,0,0,0,B;C;F;P,1,1,0,0,0,True
147,CC(=CCB(c1c(Cl)c(Cl)c(Cl)c(Cl)c1Cl)c1c(Cl)c(Cl)c(Cl)c(Cl)c1Cl)CP(C(C)(C)C)C(C)(C)C,CC(=CCB(c1c(Cl)c(Cl)c(Cl)c(Cl)c1Cl)c1c(Cl)c(Cl)c(Cl)c(Cl)c1Cl)CP(C(C)(C)C)C(C)(C)C,keep,True,True,CC(=CCB(c1c(Cl)c(Cl)c(Cl)c(Cl)c1Cl)c1c(Cl)c(Cl)c(Cl)c(Cl)c1Cl)CP(C(C)(C)C)C(C)(C)C,C25H26BCl10P,722.799,37,1,0,0,0,B;C;Cl;P,1,1,0,0,0,True
148,Cc1cc(C)c(P(CCB(c2c(F)c(F)c(F)c(F)c2F)c2c(F)c(F)c(F)c(F)c2F)CCB(c2c(F)c(F)c(F)c(F)c2F)c2c(F)c(F)c(F)c(F)c2F)c(C)c1,Cc1cc(C)c(P(CCB(c2c(F)c(F)c(F)c(F)c2F)c2c(F)c(F)c(F)c(F)c2F)CCB(c2c(F)c(F)c(F)c(F)c2F)c2c(F)c(F)c(F)c(F)c2F)c(C)c1,keep,True,True,Cc1cc(C)c(P(CCB(c2c(F)c(F)c(F)c(F)c2F)c2c(F)c(F)c(F)c(F)c2F)CCB(c2c(F)c(F)c(F)c(F)c2F)c2c(F)c(F)c(F)c(F)c2F)c(C)c1,C37H19B2F20P,896.117,60,1,0,0,0,B;C;F;P,2,1,0,0,0,True
149,Cc1cc(C)c(P(CCB(c2c(Cl)c(Cl)c(Cl)c(Cl)c2Cl)c2c(Cl)c(Cl)c(Cl)c(Cl)c2Cl)CCB(c2c(Cl)c(Cl)c(Cl)c(Cl)c2Cl)c2c(Cl)c(Cl)c(Cl)c(Cl)c2Cl)c(C)c1,Cc1cc(C)c(P(CCB(c2c(Cl)c(Cl)c(Cl)c(Cl)c2Cl)c2c(Cl)c(Cl)c(Cl)c(Cl)c2Cl)CCB(c2c(Cl)c(Cl)c(Cl)c(Cl)c2Cl)c2c(Cl)c(Cl)c(Cl)c(Cl)c2Cl)c(C)c1,keep,True,True,Cc1cc(C)c(P(CCB(c2c(Cl)c(Cl)c(Cl)c(Cl)c2Cl)c2c(Cl)c(Cl)c(Cl)c(Cl)c2Cl)CCB(c2c(Cl)c(Cl)c(Cl)c(Cl)c2Cl)c2c(Cl)c(Cl)c(Cl)c(Cl)c2Cl)c(C)c1,C37H19B2Cl20P,1225.217,60,1,0,0,0,B;C;Cl;P,2,1,0,0,0,True
150,Fc1c(F)c(F)c(B(CCP(CCB(c2c(F)c(F)c(F)c(F)c2F)c2c(F)c(F)c(F)c(F)c2F)c2ccccc2)c2c(F)c(F)c(F)c(F)c2F)c(F)c1F,Fc1c(F)c(F)c(B(CCP(CCB(c2c(F)c(F)c(F)c(F)c2F)c2c(F)c(F)c(F)c(F)c2F)c2ccccc2)c2c(F)c(F)c(F)c(F)c2F)c(F)c1F,keep,True,True,Fc1c(F)c(F)c(B(CCP(CCB(c2c(F)c(F)c(F)c(F)c2F)c2c(F)c(F)c(F)c(F)c2F)c2ccccc2)c2c(F)c(F)c(F)c(F)c2F)c(F)c1F,C34H13B2F20P,854.036,57,1,0,0,0,B;C;F;P,2,1,0,0,0,True
151,Clc1c(Cl)c(Cl)c(B(CCP(CCB(c2c(Cl)c(Cl)c(Cl)c(Cl)c2Cl)c2c(Cl)c(Cl)c(Cl)c(Cl)c2Cl)c2ccccc2)c2c(Cl)c(Cl)c(Cl)c(Cl)c2Cl)c(Cl)c1Cl,Clc1c(Cl)c(Cl)c(B(CCP(CCB(c2c(Cl)c(Cl)c(Cl)c(Cl)c2Cl)c2c(Cl)c(Cl)c(Cl)c(Cl)c2Cl)c2ccccc2)c2c(Cl)c(Cl)c(Cl)c(Cl)c2Cl)c(Cl)c1Cl,keep,True,True,Clc1c(Cl)c(Cl)c(B(CCP(CCB(c2c(Cl)c(Cl)c(Cl)c(Cl)c2Cl)c2c(Cl)c(Cl)c(Cl)c(Cl)c2Cl)c2ccccc2)c2c(Cl)c(Cl)c(Cl)c(Cl)c2Cl)c(Cl)c1Cl,C34H13B2Cl20P,1183.136,57,1,0,0,0,B;C;Cl;P,2,1,0,0,0,True
152,Cc1cc(C)c(B(c2ccccc2P(C2CCCCC2)C2CCCCC2)c2c(C)cc(C)cc2C)c(C)c1,Cc1cc(C)c(B(c2ccccc2P(C2CCCCC2)C2CCCCC2)c2c(C)cc(C)cc2C)c(C)c1,keep,True,True,Cc1cc(C)c(B(c2ccccc2P(C2CCCCC2)C2CCCCC2)c2c(C)cc(C)cc2C)c(C)c1,C36H48BP,522.566,38,1,0,0,0,B;C;P,1,1,0,0,0,True
153,c1ccc(B(c2ccccc2)c2ccccc2P(C2CCCCC2)C2CCCCC2)cc1,c1ccc(B(c2ccccc2)c2ccccc2P(C2CCCCC2)C2CCCCC2)cc1,keep,True,True,c1ccc(B(c2ccccc2)c2ccccc2P(C2CCCCC2)C2CCCCC2)cc1,C30H36BP,438.404,32,1,0,0,0,B;C;P,1,1,0,0,0,True
154,Cc1cc(C)c(B(c2cccc3c2-c2c-3cccc2P(c2ccccc2)c2ccccc2)c2c(C)cc(C)cc2C)c(C)c1,Cc1cc(C)c(B(c2cccc3c2-c2c-3cccc2P(c2ccccc2)c2ccccc2)c2c(C)cc(C)cc2C)c(C)c1,keep,True,True,Cc1cc(C)c(B(c2cccc3c2-c2c-3cccc2P(c2ccccc2)c2ccccc2)c2c(C)cc(C)cc2C)c(C)c1,C42H38BP,584.552,44,1,0,0,0,B;C;P,1,1,0,0,0,True
155,c1ccc(B(c2ccccc2)c2cccc3c2-c2c-3cccc2P(c2ccccc2)c2ccccc2)cc1,c1ccc(B(c2ccccc2)c2cccc3c2-c2c-3cccc2P(c2ccccc2)c2ccccc2)cc1,keep,True,True,c1ccc(B(c2ccccc2)c2cccc3c2-c2c-3cccc2P(c2ccccc2)c2ccccc2)cc1,C36H26BP,500.39,38,1,0,0,0,B;C;P,1,1,0,0,0,True
156,Cc1cc(C)c(B(c2cccc3c2-c2c-3cccc2P(c2c(C)cc(C)cc2C)c2c(C)cc(C)cc2C)c2c(C)cc(C)cc2C)c(C)c1,Cc1cc(C)c(B(c2cccc3c2-c2c-3cccc2P(c2c(C)cc(C)cc2C)c2c(C)cc(C)cc2C)c2c(C)cc(C)cc2C)c(C)c1,keep,True,True,Cc1cc(C)c(B(c2cccc3c2-c2c-3cccc2P(c2c(C)cc(C)cc2C)c2c(C)cc(C)cc2C)c2c(C)cc(C)cc2C)c(C)c1,C48H50BP,668.714,50,1,0,0,0,B;C;P,1,1,0,0,0,True
157,Cc1cc(C)c(P(c2cccc3c2-c2c(B(c4c(F)c(F)c(F)c(F)c4F)c4c(F)c(F)c(F)c(F)c4F)cccc2-3)c2c(C)cc(C)cc2C)c(C)c1,Cc1cc(C)c(P(c2cccc3c2-c2c(B(c4c(F)c(F)c(F)c(F)c4F)c4c(F)c(F)c(F)c(F)c4F)cccc2-3)c2c(C)cc(C)cc2C)c(C)c1,keep,True,True,Cc1cc(C)c(P(c2cccc3c2-c2c(B(c4c(F)c(F)c(F)c(F)c4F)c4c(F)c(F)c(F)c(F)c4F)cccc2-3)c2c(C)cc(C)cc2C)c(C)c1,C42H28BF10P,764.452,54,1,0,0,0,B;C;F;P,1,1,0,0,0,True
158,Cc1cc(C)c(P(c2cccc3c2-c2c(B(c4c(Cl)c(Cl)c(Cl)c(Cl)c4Cl)c4c(Cl)c(Cl)c(Cl)c(Cl)c4Cl)cccc2-3)c2c(C)cc(C)cc2C)c(C)c1,Cc1cc(C)c(P(c2cccc3c2-c2c(B(c4c(Cl)c(Cl)c(Cl)c(Cl)c4Cl)c4c(Cl)c(Cl)c(Cl)c(Cl)c4Cl)cccc2-3)c2c(C)cc(C)cc2C)c(C)c1,keep,True,True,Cc1cc(C)c(P(c2cccc3c2-c2c(B(c4c(Cl)c(Cl)c(Cl)c(Cl)c4Cl)c4c(Cl)c(Cl)c(Cl)c(Cl)c4Cl)cccc2-3)c2c(C)cc(C)cc2C)c(C)c1,C42H28BCl10P,929.002,54,1,0,0,0,B;C;Cl;P,1,1,0,0,0,True
159,Fc1c(F)c(F)c(B(c2cccc3c2-c2c-3cccc2P(c2ccccc2)c2ccccc2)c2c(F)c(F)c(F)c(F)c2F)c(F)c1F,Fc1c(F)c(F)c(B(c2cccc3c2-c2c-3cccc2P(c2ccccc2)c2ccccc2)c2c(F)c(F)c(F)c(F)c2F)c(F)c1F,keep,True,True,Fc1c(F)c(F)c(B(c2cccc3c2-c2c-3cccc2P(c2ccccc2)c2ccccc2)c2c(F)c(F)c(F)c(F)c2F)c(F)c1F,C36H16BF10P,680.29,48,1,0,0,0,B;C;F;P,1,1,0,0,0,True
160,Clc1c(Cl)c(Cl)c(B(c2cccc3c2-c2c-3cccc2P(c2ccccc2)c2ccccc2)c2c(Cl)c(Cl)c(Cl)c(Cl)c2Cl)c(Cl)c1Cl,Clc1c(Cl)c(Cl)c(B(c2cccc3c2-c2c-3cccc2P(c2ccccc2)c2ccccc2)c2c(Cl)c(Cl)c(Cl)c(Cl)c2Cl)c(Cl)c1Cl,keep,True,True,Clc1c(Cl)c(Cl)c(B(c2cccc3c2-c2c-3cccc2P(c2ccccc2)c2ccccc2)c2c(Cl)c(Cl)c(Cl)c(Cl)c2Cl)c(Cl)c1Cl,C36H16BCl10P,844.84,48,1,0,0,0,B;C;Cl;P,1,1,0,0,0,True
161,Cc1cc(C)c(P(Bc2c(C(F)(F)F)cc(C(F)(F)F)cc2C(F)(F)F)c2c(C)cc(C)cc2C)c(C)c1,Cc1cc(C)c(P(Bc2c(C(F)(F)F)cc(C(F)(F)F)cc2C(F)(F)F)c2c(C)cc(C)cc2C)c(C)c1,keep,True,True,Cc1cc(C)c(P(Bc2c(C(F)(F)F)cc(C(F)(F)F)cc2C(F)(F)F)c2c(C)cc(C)cc2C)c(C)c1,C27H25BF9P,562.265,38,1,0,0,0,B;C;F;P,1,1,0,0,0,True
162,FC(F)(F)c1cc(C(F)(F)F)c(BP(c2ccccc2)c2ccccc2)c(C(F)(F)F)c1,FC(F)(F)c1cc(C(F)(F)F)c(BP(c2ccccc2)c2ccccc2)c(C(F)(F)F)c1,keep,True,True,FC(F)(F)c1cc(C(F)(F)F)c(BP(c2ccccc2)c2ccccc2)c(C(F)(F)F)c1,C21H13BF9P,478.103,32,1,0,0,0,B;C;F;P,1,1,0,0,0,True
163,Cc1cc(C)c(P2CCB(c3c(F)c(F)c(F)c(F)c3F)C2C)c(C)c1,Cc1cc(C)c(P2CCB(c3c(F)c(F)c(F)c(F)c3F)C2C)c(C)c1,keep,True,True,Cc1cc(C)c(P2CCB(c3c(F)c(F)c(F)c(F)c3F)C2C)c(C)c1,C19H19BF5P,384.137,26,1,0,0,2,B;C;F;P,1,1,0,0,0,True
164,Cc1cc(C)c(P2CCB(c3c(Cl)c(Cl)c(Cl)c(Cl)c3Cl)C2C)c(C)c1,Cc1cc(C)c(P2CCB(c3c(Cl)c(Cl)c(Cl)c(Cl)c3Cl)C2C)c(C)c1,keep,True,True,Cc1cc(C)c(P2CCB(c3c(Cl)c(Cl)c(Cl)c(Cl)c3Cl)C2C)c(C)c1,C19H19BCl5P,466.412,26,1,0,0,2,B;C;Cl;P,1,1,0,0,0,True
165,CC1B(c2c(F)c(F)c(F)c(F)c2F)CCP1c1ccccc1,CC1B(c2c(F)c(F)c(F)c(F)c2F)CCP1c1ccccc1,keep,True,True,CC1B(c2c(F)c(F)c(F)c(F)c2F)CCP1c1ccccc1,C16H13BF5P,342.056,23,1,0,0,2,B;C;F;P,1,1,0,0,0,True
166,CC1B(c2c(Cl)c(Cl)c(Cl)c(Cl)c2Cl)CCP1c1ccccc1,CC1B(c2c(Cl)c(Cl)c(Cl)c(Cl)c2Cl)CCP1c1ccccc1,keep,True,True,CC1B(c2c(Cl)c(Cl)c(Cl)c(Cl)c2Cl)CCP1c1ccccc1,C16H13BCl5P,424.331,23,1,0,0,2,B;C;Cl;P,1,1,0,0,0,True
167,Cc1cc(C)c(C(=C2B(c3c(F)c(F)c(F)c(F)c3F)C(c3c(F)c(F)c(F)c(F)c3F)=C([Si](C)(C)C)c3ccccc32)P(c2c(C)cc(C)cc2C)c2c(F)c(F)c(F)c(F)c2F)c(C)c1,Cc1cc(C)c(C(=C2B(c3c(F)c(F)c(F)c(F)c3F)C(c3c(F)c(F)c(F)c(F)c3F)=C([Si](C)(C)C)c3ccccc32)P(c2c(C)cc(C)cc2C)c2c(F)c(F)c(F)c(F)c2F)c(C)c1,keep,True,True,Cc1cc(C)c(C(=C2B(c3c(F)c(F)c(F)c(F)c3F)C(c3c(F)c(F)c(F)c(F)c3F)=C([Si](C)(C)C)c3ccccc32)P(c2c(C)cc(C)cc2C)c2c(F)c(F)c(F)c(F)c2F)c(C)c1,C49H35BF15PSi,978.661,67,1,0,0,1,B;C;F;P;Si,1,1,0,0,1,True
168,Cc1cc(C)c(C(=C2B(c3c(Cl)c(Cl)c(Cl)c(Cl)c3Cl)C(c3c(Cl)c(Cl)c(Cl)c(Cl)c3Cl)=C([Si](C)(C)C)c3ccccc32)P(c2c(C)cc(C)cc2C)c2c(Cl)c(Cl)c(Cl)c(Cl)c2Cl)c(C)c1,Cc1cc(C)c(C(=C2B(c3c(Cl)c(Cl)c(Cl)c(Cl)c3Cl)C(c3c(Cl)c(Cl)c(Cl)c(Cl)c3Cl)=C([Si](C)(C)C)c3ccccc32)P(c2c(C)cc(C)cc2C)c2c(Cl)c(Cl)c(Cl)c(Cl)c2Cl)c(C)c1,keep,True,True,Cc1cc(C)c(C(=C2B(c3c(Cl)c(Cl)c(Cl)c(Cl)c3Cl)C(c3c(Cl)c(Cl)c(Cl)c(Cl)c3Cl)=C([Si](C)(C)C)c3ccccc32)P(c2c(C)cc(C)cc2C)c2c(Cl)c(Cl)c(Cl)c(Cl)c2Cl)c(C)c1,C49H35BCl15PSi,1225.486,67,1,0,0,1,B;C;Cl;P;Si,1,1,0,0,1,True
169,C[Si](C)(C)C1=C(c2c(F)c(F)c(F)c(F)c2F)B(c2c(F)c(F)c(F)c(F)c2F)C(=C(c2ccccc2)P(c2ccccc2)c2c(F)c(F)c(F)c(F)c2F)c2ccccc21,C[Si](C)(C)C1=C(c2c(F)c(F)c(F)c(F)c2F)B(c2c(F)c(F)c(F)c(F)c2F)C(=C(c2ccccc2)P(c2ccccc2)c2c(F)c(F)c(F)c(F)c2F)c2ccccc21,keep,True,True,C[Si](C)(C)C1=C(c2c(F)c(F)c(F)c(F)c2F)B(c2c(F)c(F)c(F)c(F)c2F)C(=C(c2ccccc2)P(c2ccccc2)c2c(F)c(F)c(F)c(F)c2F)c2ccccc21,C43H23BF15PSi,894.499,61,1,0,0,1,B;C;F;P;Si,1,1,0,0,1,True
170,C[Si](C)(C)C1=C(c2c(Cl)c(Cl)c(Cl)c(Cl)c2Cl)B(c2c(Cl)c(Cl)c(Cl)c(Cl)c2Cl)C(=C(c2ccccc2)P(c2ccccc2)c2c(Cl)c(Cl)c(Cl)c(Cl)c2Cl)c2ccccc21,C[Si](C)(C)C1=C(c2c(Cl)c(Cl)c(Cl)c(Cl)c2Cl)B(c2c(Cl)c(Cl)c(Cl)c(Cl)c2Cl)C(=C(c2ccccc2)P(c2ccccc2)c2c(Cl)c(Cl)c(Cl)c(Cl)c2Cl)c2ccccc21,keep,True,True,C[Si](C)(C)C1=C(c2c(Cl)c(Cl)c(Cl)c(Cl)c2Cl)B(c2c(Cl)c(Cl)c(Cl)c(Cl)c2Cl)C(=C(c2ccccc2)P(c2ccccc2)c2c(Cl)c(Cl)c(Cl)c(Cl)c2Cl)c2ccccc21,C43H23BCl15PSi,1141.324,61,1,0,0,1,B;C;Cl;P;Si,1,1,0,0,1,True
171,Cc1cc(C)c(PC(=CC(C)(C)C)B(c2c(F)c(F)c(F)c(F)c2F)c2c(F)c(F)c(F)c(F)c2F)c(C)c1,Cc1cc(C)c(PC(=CC(C)(C)C)B(c2c(F)c(F)c(F)c(F)c2F)c2c(F)c(F)c(F)c(F)c2F)c(C)c1,keep,True,True,Cc1cc(C)c(PC(=CC(C)(C)C)B(c2c(F)c(F)c(F)c(F)c2F)c2c(F)c(F)c(F)c(F)c2F)c(C)c1,C27H22BF10P,578.239,39,1,0,0,1,B;C;F;P,1,1,0,0,0,True
172,Cc1cc(C)c(PC(=CC(C)(C)C)B(c2c(Cl)c(Cl)c(Cl)c(Cl)c2Cl)c2c(Cl)c(Cl)c(Cl)c(Cl)c2Cl)c(C)c1,Cc1cc(C)c(PC(=CC(C)(C)C)B(c2c(Cl)c(Cl)c(Cl)c(Cl)c2Cl)c2c(Cl)c(Cl)c(Cl)c(Cl)c2Cl)c(C)c1,keep,True,True,Cc1cc(C)c(PC(=CC(C)(C)C)B(c2c(Cl)c(Cl)c(Cl)c(Cl)c2Cl)c2c(Cl)c(Cl)c(Cl)c(Cl)c2Cl)c(C)c1,C27H22BCl10P,742.789,39,1,0,0,1,B;C;Cl;P,1,1,0,0,0,True
173,CC(C)(C)C=C(Pc1ccccc1)B(c1c(F)c(F)c(F)c(F)c1F)c1c(F)c(F)c(F)c(F)c1F,CC(C)(C)C=C(Pc1ccccc1)B(c1c(F)c(F)c(F)c(F)c1F)c1c(F)c(F)c(F)c(F)c1F,keep,True,True,CC(C)(C)C=C(Pc1ccccc1)B(c1c(F)c(F)c(F)c(F)c1F)c1c(F)c(F)c(F)c(F)c1F,C24H16BF10P,536.158,36,1,0,0,1,B;C;F;P,1,1,0,0,0,True
174,CC(C)(C)C=C(Pc1ccccc1)B(c1c(Cl)c(Cl)c(Cl)c(Cl)c1Cl)c1c(Cl)c(Cl)c(Cl)c(Cl)c1Cl,CC(C)(C)C=C(Pc1ccccc1)B(c1c(Cl)c(Cl)c(Cl)c(Cl)c1Cl)c1c(Cl)c(Cl)c(Cl)c(Cl)c1Cl,keep,True,True,CC(C)(C)C=C(Pc1ccccc1)B(c1c(Cl)c(Cl)c(Cl)c(Cl)c1Cl)c1c(Cl)c(Cl)c(Cl)c(Cl)c1Cl,C24H16BCl10P,700.708,36,1,0,0,1,B;C;Cl;P,1,1,0,0,0,True
175,CC(C)(C)P(CB(c1c(F)c(F)c(F)c(F)c1F)c1c(F)c(F)c(F)c(F)c1F)C(C)(C)C,CC(C)(C)P(CB(c1c(F)c(F)c(F)c(F)c1F)c1c(F)c(F)c(F)c(F)c1F)C(C)(C)C,keep,True,True,CC(C)(C)P(CB(c1c(F)c(F)c(F)c(F)c1F)c1c(F)c(F)c(F)c(F)c1F)C(C)(C)C,C21H20BF10P,504.157,33,1,0,0,0,B;C;F;P,1,1,0,0,0,True
176,CC(C)(C)P(CB(c1c(Cl)c(Cl)c(Cl)c(Cl)c1Cl)c1c(Cl)c(Cl)c(Cl)c(Cl)c1Cl)C(C)(C)C,CC(C)(C)P(CB(c1c(Cl)c(Cl)c(Cl)c(Cl)c1Cl)c1c(Cl)c(Cl)c(Cl)c(Cl)c1Cl)C(C)(C)C,keep,True,True,CC(C)(C)P(CB(c1c(Cl)c(Cl)c(Cl)c(Cl)c1Cl)c1c(Cl)c(Cl)c(Cl)c(Cl)c1Cl)C(C)(C)C,C21H20BCl10P,668.707,33,1,0,0,0,B;C;Cl;P,1,1,0,0,0,True
177,Cc1cc(C)c(P(c2c(C)cc(C)cc2C)c2c(B(c3c(F)c(F)c(F)c(F)c3F)c3c(F)c(F)c(F)c(F)c3F)cc(-c3ccccc3)c3c2CCCC3)c(C)c1,Cc1cc(C)c(P(c2c(C)cc(C)cc2C)c2c(B(c3c(F)c(F)c(F)c(F)c3F)c3c(F)c(F)c(F)c(F)c3F)cc(-c3ccccc3)c3c2CCCC3)c(C)c1,keep,True,True,Cc1cc(C)c(P(c2c(C)cc(C)cc2C)c2c(B(c3c(F)c(F)c(F)c(F)c3F)c3c(F)c(F)c(F)c(F)c3F)cc(-c3ccccc3)c3c2CCCC3)c(C)c1,C46H36BF10P,820.56,58,1,0,0,0,B;C;F;P,1,1,0,0,0,True
178,Cc1cc(C)c(P(c2c(C)cc(C)cc2C)c2c(B(c3c(Cl)c(Cl)c(Cl)c(Cl)c3Cl)c3c(Cl)c(Cl)c(Cl)c(Cl)c3Cl)cc(-c3ccccc3)c3c2CCCC3)c(C)c1,Cc1cc(C)c(P(c2c(C)cc(C)cc2C)c2c(B(c3c(Cl)c(Cl)c(Cl)c(Cl)c3Cl)c3c(Cl)c(Cl)c(Cl)c(Cl)c3Cl)cc(-c3ccccc3)c3c2CCCC3)c(C)c1,keep,True,True,Cc1cc(C)c(P(c2c(C)cc(C)cc2C)c2c(B(c3c(Cl)c(Cl)c(Cl)c(Cl)c3Cl)c3c(Cl)c(Cl)c(Cl)c(Cl)c3Cl)cc(-c3ccccc3)c3c2CCCC3)c(C)c1,C46H36BCl10P,985.11,58,1,0,0,0,B;C;Cl;P,1,1,0,0,0,True
179,Fc1c(F)c(F)c(B(c2cc(-c3ccccc3)c3c(c2P(c2ccccc2)c2ccccc2)CCCC3)c2c(F)c(F)c(F)c(F)c2F)c(F)c1F,Fc1c(F)c(F)c(B(c2cc(-c3ccccc3)c3c(c2P(c2ccccc2)c2ccccc2)CCCC3)c2c(F)c(F)c(F)c(F)c2F)c(F)c1F,keep,True,True,Fc1c(F)c(F)c(B(c2cc(-c3ccccc3)c3c(c2P(c2ccccc2)c2ccccc2)CCCC3)c2c(F)c(F)c(F)c(F)c2F)c(F)c1F,C40H24BF10P,736.398,52,1,0,0,0,B;C;F;P,1,1,0,0,0,True
180,Clc1c(Cl)c(Cl)c(B(c2cc(-c3ccccc3)c3c(c2P(c2ccccc2)c2ccccc2)CCCC3)c2c(Cl)c(Cl)c(Cl)c(Cl)c2Cl)c(Cl)c1Cl,Clc1c(Cl)c(Cl)c(B(c2cc(-c3ccccc3)c3c(c2P(c2ccccc2)c2ccccc2)CCCC3)c2c(Cl)c(Cl)c(Cl)c(Cl)c2Cl)c(Cl)c1Cl,keep,True,True,Clc1c(Cl)c(Cl)c(B(c2cc(-c3ccccc3)c3c(c2P(c2ccccc2)c2ccccc2)CCCC3)c2c(Cl)c(Cl)c(Cl)c(Cl)c2Cl)c(Cl)c1Cl,C40H24BCl10P,900.948,52,1,0,0,0,B;C;Cl;P,1,1,0,0,0,True
181,Cc1cc(C)c(-c2cc(B(c3c(F)c(F)c(F)c(F)c3F)c3c(F)c(F)c(F)c(F)c3F)c(P(c3c(C)cc(C)cc3C)c3c(C)cc(C)cc3C)c3c2CCCC3)c(C)c1,Cc1cc(C)c(-c2cc(B(c3c(F)c(F)c(F)c(F)c3F)c3c(F)c(F)c(F)c(F)c3F)c(P(c3c(C)cc(C)cc3C)c3c(C)cc(C)cc3C)c3c2CCCC3)c(C)c1,keep,True,True,Cc1cc(C)c(-c2cc(B(c3c(F)c(F)c(F)c(F)c3F)c3c(F)c(F)c(F)c(F)c3F)c(P(c3c(C)cc(C)cc3C)c3c(C)cc(C)cc3C)c3c2CCCC3)c(C)c1,C49H42BF10P,862.641,61,1,0,0,0,B;C;F;P,1,1,0,0,0,True
182,Cc1cc(C)c(-c2cc(B(c3c(Cl)c(Cl)c(Cl)c(Cl)c3Cl)c3c(Cl)c(Cl)c(Cl)c(Cl)c3Cl)c(P(c3c(C)cc(C)cc3C)c3c(C)cc(C)cc3C)c3c2CCCC3)c(C)c1,Cc1cc(C)c(-c2cc(B(c3c(Cl)c(Cl)c(Cl)c(Cl)c3Cl)c3c(Cl)c(Cl)c(Cl)c(Cl)c3Cl)c(P(c3c(C)cc(C)cc3C)c3c(C)cc(C)cc3C)c3c2CCCC3)c(C)c1,keep,True,True,Cc1cc(C)c(-c2cc(B(c3c(Cl)c(Cl)c(Cl)c(Cl)c3Cl)c3c(Cl)c(Cl)c(Cl)c(Cl)c3Cl)c(P(c3c(C)cc(C)cc3C)c3c(C)cc(C)cc3C)c3c2CCCC3)c(C)c1,C49H42BCl10P,1027.191,61,1,0,0,0,B;C;Cl;P,1,1,0,0,0,True
183,Cc1cc(C)c(P(C2=C3CCCCC3C(c3ccccc3)C=C2B(c2c(F)c(F)c(F)c(F)c2F)c2c(F)c(F)c(F)c(F)c2F)c2c(C)cc(C)cc2C)c(C)c1,Cc1cc(C)c(P(C2=C3CCCCC3C(c3ccccc3)C=C2B(c2c(F)c(F)c(F)c(F)c2F)c2c(F)c(F)c(F)c(F)c2F)c2c(C)cc(C)cc2C)c(C)c1,keep,True,True,Cc1cc(C)c(P(C2=C3CCCCC3C(c3ccccc3)C=C2B(c2c(F)c(F)c(F)c(F)c2F)c2c(F)c(F)c(F)c(F)c2F)c2c(C)cc(C)cc2C)c(C)c1,C46H38BF10P,822.576,58,1,0,0,2,B;C;F;P,1,1,0,0,0,True
184,Cc1cc(C)c(P(C2=C3CCCCC3C(c3ccccc3)C=C2B(c2c(Cl)c(Cl)c(Cl)c(Cl)c2Cl)c2c(Cl)c(Cl)c(Cl)c(Cl)c2Cl)c2c(C)cc(C)cc2C)c(C)c1,Cc1cc(C)c(P(C2=C3CCCCC3C(c3ccccc3)C=C2B(c2c(Cl)c(Cl)c(Cl)c(Cl)c2Cl)c2c(Cl)c(Cl)c(Cl)c(Cl)c2Cl)c2c(C)cc(C)cc2C)c(C)c1,keep,True,True,Cc1cc(C)c(P(C2=C3CCCCC3C(c3ccccc3)C=C2B(c2c(Cl)c(Cl)c(Cl)c(Cl)c2Cl)c2c(Cl)c(Cl)c(Cl)c(Cl)c2Cl)c2c(C)cc(C)cc2C)c(C)c1,C46H38BCl10P,987.126,58,1,0,0,2,B;C;Cl;P,1,1,0,0,0,True
185,Fc1c(F)c(F)c(B(C2=CC(c3ccccc3)C3CCCCC3=C2P(c2ccccc2)c2ccccc2)c2c(F)c(F)c(F)c(F)c2F)c(F)c1F,Fc1c(F)c(F)c(B(C2=CC(c3ccccc3)C3CCCCC3=C2P(c2ccccc2)c2ccccc2)c2c(F)c(F)c(F)c(F)c2F)c(F)c1F,keep,True,True,Fc1c(F)c(F)c(B(C2=CC(c3ccccc3)C3CCCCC3=C2P(c2ccccc2)c2ccccc2)c2c(F)c(F)c(F)c(F)c2F)c(F)c1F,C40H26BF10P,738.414,52,1,0,0,2,B;C;F;P,1,1,0,0,0,True
186,Clc1c(Cl)c(Cl)c(B(C2=CC(c3ccccc3)C3CCCCC3=C2P(c2ccccc2)c2ccccc2)c2c(Cl)c(Cl)c(Cl)c(Cl)c2Cl)c(Cl)c1Cl,Clc1c(Cl)c(Cl)c(B(C2=CC(c3ccccc3)C3CCCCC3=C2P(c2ccccc2)c2ccccc2)c2c(Cl)c(Cl)c(Cl)c(Cl)c2Cl)c(Cl)c1Cl,keep,True,True,Clc1c(Cl)c(Cl)c(B(C2=CC(c3ccccc3)C3CCCCC3=C2P(c2ccccc2)c2ccccc2)c2c(Cl)c(Cl)c(Cl)c(Cl)c2Cl)c(Cl)c1Cl,C40H26BCl10P,902.964,52,1,0,0,2,B;C;Cl;P,1,1,0,0,0,True
187,Cc1cc(C)c(C2C=C(B(c3c(F)c(F)c(F)c(F)c3F)c3c(F)c(F)c(F)c(F)c3F)C(P(c3c(C)cc(C)cc3C)c3c(C)cc(C)cc3C)=C3CCCCC32)c(C)c1,Cc1cc(C)c(C2C=C(B(c3c(F)c(F)c(F)c(F)c3F)c3c(F)c(F)c(F)c(F)c3F)C(P(c3c(C)cc(C)cc3C)c3c(C)cc(C)cc3C)=C3CCCCC32)c(C)c1,keep,True,True,Cc1cc(C)c(C2C=C(B(c3c(F)c(F)c(F)c(F)c3F)c3c(F)c(F)c(F)c(F)c3F)C(P(c3c(C)cc(C)cc3C)c3c(C)cc(C)cc3C)=C3CCCCC32)c(C)c1,C49H44BF10P,864.657,61,1,0,0,2,B;C;F;P,1,1,0,0,0,True
188,Cc1cc(C)c(C2C=C(B(c3c(Cl)c(Cl)c(Cl)c(Cl)c3Cl)c3c(Cl)c(Cl)c(Cl)c(Cl)c3Cl)C(P(c3c(C)cc(C)cc3C)c3c(C)cc(C)cc3C)=C3CCCCC32)c(C)c1,Cc1cc(C)c(C2C=C(B(c3c(Cl)c(Cl)c(Cl)c(Cl)c3Cl)c3c(Cl)c(Cl)c(Cl)c(Cl)c3Cl)C(P(c3c(C)cc(C)cc3C)c3c(C)cc(C)cc3C)=C3CCCCC32)c(C)c1,keep,True,True,Cc1cc(C)c(C2C=C(B(c3c(Cl)c(Cl)c(Cl)c(Cl)c3Cl)c3c(Cl)c(Cl)c(Cl)c(Cl)c3Cl)C(P(c3c(C)cc(C)cc3C)c3c(C)cc(C)cc3C)=C3CCCCC32)c(C)c1,C49H44BCl10P,1029.207,61,1,0,0,2,B;C;Cl;P,1,1,0,0,0,True
189,C=CP(CCB(c1c(F)c(F)c(F)c(F)c1F)c1c(F)c(F)c(F)c(F)c1F)c1c2c(cc3c1C(CC)(CC)CC3(CC)CC)C(CC)(CC)CC2(CC)CC,C=CP(CCB(c1c(F)c(F)c(F)c(F)c1F)c1c(F)c(F)c(F)c(F)c1F)c1c2c(cc3c1C(CC)(CC)CC3(CC)CC)C(CC)(CC)CC2(CC)CC,keep,True,True,C=CP(CCB(c1c(F)c(F)c(F)c(F)c1F)c1c(F)c(F)c(F)c(F)c1F)c1c2c(cc3c1C(CC)(CC)CC3(CC)CC)C(CC)(CC)CC2(CC)CC,C44H52BF10P,812.666,56,1,0,0,1,B;C;F;P,1,1,0,0,0,True
190,C=CP(CCB(c1c(Cl)c(Cl)c(Cl)c(Cl)c1Cl)c1c(Cl)c(Cl)c(Cl)c(Cl)c1Cl)c1c2c(cc3c1C(CC)(CC)CC3(CC)CC)C(CC)(CC)CC2(CC)CC,C=CP(CCB(c1c(Cl)c(Cl)c(Cl)c(Cl)c1Cl)c1c(Cl)c(Cl)c(Cl)c(Cl)c1Cl)c1c2c(cc3c1C(CC)(CC)CC3(CC)CC)C(CC)(CC)CC2(CC)CC,keep,True,True,C=CP(CCB(c1c(Cl)c(Cl)c(Cl)c(Cl)c1Cl)c1c(Cl)c(Cl)c(Cl)c(Cl)c1Cl)c1c2c(cc3c1C(CC)(CC)CC3(CC)CC)C(CC)(CC)CC2(CC)CC,C44H52BCl10P,977.216,56,1,0,0,1,B;C;Cl;P,1,1,0,0,0,True
191,CCC1(CC)CC(CC)(CC)c2c1cc1c(c2P2CCB(c3c(F)c(F)c(F)c(F)c3F)C2C)C(CC)(CC)CC1(CC)CC,CCC1(CC)CC(CC)(CC)c2c1cc1c(c2P2CCB(c3c(F)c(F)c(F)c(F)c3F)C2C)C(CC)(CC)CC1(CC)CC,keep,True,True,CCC1(CC)CC(CC)(CC)c2c1cc1c(c2P2CCB(c3c(F)c(F)c(F)c(F)c3F)C2C)C(CC)(CC)CC1(CC)CC,C38H53BF5P,646.618,45,1,0,0,2,B;C;F;P,1,1,0,0,0,True
192,CCC1(CC)CC(CC)(CC)c2c1cc1c(c2P2CCB(c3c(Cl)c(Cl)c(Cl)c(Cl)c3Cl)C2C)C(CC)(CC)CC1(CC)CC,CCC1(CC)CC(CC)(CC)c2c1cc1c(c2P2CCB(c3c(Cl)c(Cl)c(Cl)c(Cl)c3Cl)C2C)C(CC)(CC)CC1(CC)CC,keep,True,True,CCC1(CC)CC(CC)(CC)c2c1cc1c(c2P2CCB(c3c(Cl)c(Cl)c(Cl)c(Cl)c3Cl)C2C)C(CC)(CC)CC1(CC)CC,C38H53BCl5P,728.893,45,1,0,0,2,B;C;Cl;P,1,1,0,0,0,True
193,Cc1cc(C)c(-c2cccc(-c3c(C)cc(C)cc3C)c2P2CCC(B(c3c(F)c(F)c(F)c(F)c3F)c3c(F)c(F)c(F)c(F)c3F)C2)c(C)c1,Cc1cc(C)c(-c2cccc(-c3c(C)cc(C)cc3C)c2P2CCC(B(c3c(F)c(F)c(F)c(F)c3F)c3c(F)c(F)c(F)c(F)c3F)C2)c(C)c1,keep,True,True,Cc1cc(C)c(-c2cccc(-c3c(C)cc(C)cc3C)c2P2CCC(B(c3c(F)c(F)c(F)c(F)c3F)c3c(F)c(F)c(F)c(F)c3F)C2)c(C)c1,C40H32BF10P,744.462,52,1,0,0,2,B;C;F;P,1,1,0,0,0,True
194,Cc1cc(C)c(-c2cccc(-c3c(C)cc(C)cc3C)c2P2CCC(B(c3c(Cl)c(Cl)c(Cl)c(Cl)c3Cl)c3c(Cl)c(Cl)c(Cl)c(Cl)c3Cl)C2)c(C)c1,Cc1cc(C)c(-c2cccc(-c3c(C)cc(C)cc3C)c2P2CCC(B(c3c(Cl)c(Cl)c(Cl)c(Cl)c3Cl)c3c(Cl)c(Cl)c(Cl)c(Cl)c3Cl)C2)c(C)c1,keep,True,True,Cc1cc(C)c(-c2cccc(-c3c(C)cc(C)cc3C)c2P2CCC(B(c3c(Cl)c(Cl)c(Cl)c(Cl)c3Cl)c3c(Cl)c(Cl)c(Cl)c(Cl)c3Cl)C2)c(C)c1,C40H32BCl10P,909.012,52,1,0,0,2,B;C;Cl;P,1,1,0,0,0,True
195,Cc1cc(C)c(BC=C(P(c2c(C)cc(C)cc2C)c2c(C)cc(C)cc2C)[Si](C)(C)C)c(C)c1,Cc1cc(C)c(BC=C(P(c2c(C)cc(C)cc2C)c2c(C)cc(C)cc2C)[Si](C)(C)C)c(C)c1,keep,True,True,Cc1cc(C)c(BC=C(P(c2c(C)cc(C)cc2C)c2c(C)cc(C)cc2C)[Si](C)(C)C)c(C)c1,C32H44BPSi,498.576,35,1,0,0,0,B;C;P;Si,1,1,0,0,1,True
196,C[Si](C)(C)C(=CBc1ccccc1)P(c1ccccc1)c1ccccc1,C[Si](C)(C)C(=CBc1ccccc1)P(c1ccccc1)c1ccccc1,keep,True,True,C[Si](C)(C)C(=CBc1ccccc1)P(c1ccccc1)c1ccccc1,C23H26BPSi,372.333,26,1,0,0,0,B;C;P;Si,1,1,0,0,1,True
197,Fc1c(F)c(F)c(B(c2ccccc2N(c2ccccc2)c2ccccc2)c2c(F)c(F)c(F)c(F)c2F)c(F)c1F,Fc1c(F)c(F)c(B(c2ccccc2N(c2ccccc2)c2ccccc2)c2c(F)c(F)c(F)c(F)c2F)c(F)c1F,keep,True,True,Fc1c(F)c(F)c(B(c2ccccc2N(c2ccccc2)c2ccccc2)c2c(F)c(F)c(F)c(F)c2F)c(F)c1F,C30H14BF10N,589.241,42,1,0,0,0,B;C;F;N,1,0,1,0,0,True
198,Clc1c(Cl)c(Cl)c(B(c2ccccc2N(c2ccccc2)c2ccccc2)c2c(Cl)c(Cl)c(Cl)c(Cl)c2Cl)c(Cl)c1Cl,Clc1c(Cl)c(Cl)c(B(c2ccccc2N(c2ccccc2)c2ccccc2)c2c(Cl)c(Cl)c(Cl)c(Cl)c2Cl)c(Cl)c1Cl,keep,True,True,Clc1c(Cl)c(Cl)c(B(c2ccccc2N(c2ccccc2)c2ccccc2)c2c(Cl)c(Cl)c(Cl)c(Cl)c2Cl)c(Cl)c1Cl,C30H14BCl10N,753.791,42,1,0,0,0,B;C;Cl;N,1,0,1,0,0,True
199,Cc1cc(C)c(N(c2ccccc2B(c2c(F)c(F)c(F)c(F)c2F)c2c(F)c(F)c(F)c(F)c2F)c2c(C)cc(C)cc2C)c(C)c1,Cc1cc(C)c(N(c2ccccc2B(c2c(F)c(F)c(F)c(F)c2F)c2c(F)c(F)c(F)c(F)c2F)c2c(C)cc(C)cc2C)c(C)c1,keep,True,True,Cc1cc(C)c(N(c2ccccc2B(c2c(F)c(F)c(F)c(F)c2F)c2c(F)c(F)c(F)c(F)c2F)c2c(C)cc(C)cc2C)c(C)c1,C36H26BF10N,673.403,48,1,0,0,0,B;C;F;N,1,0,1,0,0,True
200,Cc1cc(C)c(N(c2ccccc2B(c2c(Cl)c(Cl)c(Cl)c(Cl)c2Cl)c2c(Cl)c(Cl)c(Cl)c(Cl)c2Cl)c2c(C)cc(C)cc2C)c(C)c1,Cc1cc(C)c(N(c2ccccc2B(c2c(Cl)c(Cl)c(Cl)c(Cl)c2Cl)c2c(Cl)c(Cl)c(Cl)c(Cl)c2Cl)c2c(C)cc(C)cc2C)c(C)c1,keep,True,True,Cc1cc(C)c(N(c2ccccc2B(c2c(Cl)c(Cl)c(Cl)c(Cl)c2Cl)c2c(Cl)c(Cl)c(Cl)c(Cl)c2Cl)c2c(C)cc(C)cc2C)c(C)c1,C36H26BCl10N,837.953,48,1,0,0,0,B;C;Cl;N,1,0,1,0,0,True
201,CC1(C)CCCC(C)(C)N1c1ccccc1B(c1c(F)c(F)c(F)c(F)c1F)c1c(F)c(F)c(F)c(F)c1F,CC1(C)CCCC(C)(C)N1c1ccccc1B(c1c(F)c(F)c(F)c(F)c1F)c1c(F)c(F)c(F)c(F)c1F,keep,True,True,CC1(C)CCCC(C)(C)N1c1ccccc1B(c1c(F)c(F)c(F)c(F)c1F)c1c(F)c(F)c(F)c(F)c1F,C27H22BF10N,561.272,39,1,0,0,0,B;C;F;N,1,0,1,0,0,True
202,CC1(C)CCCC(C)(C)N1c1ccccc1B(c1c(Cl)c(Cl)c(Cl)c(Cl)c1Cl)c1c(Cl)c(Cl)c(Cl)c(Cl)c1Cl,CC1(C)CCCC(C)(C)N1c1ccccc1B(c1c(Cl)c(Cl)c(Cl)c(Cl)c1Cl)c1c(Cl)c(Cl)c(Cl)c(Cl)c1Cl,keep,True,True,CC1(C)CCCC(C)(C)N1c1ccccc1B(c1c(Cl)c(Cl)c(Cl)c(Cl)c1Cl)c1c(Cl)c(Cl)c(Cl)c(Cl)c1Cl,C27H22BCl10N,725.822,39,1,0,0,0,B;C;Cl;N,1,0,1,0,0,True
203,CC1(C)CCCC(C)(C)N1Cc1ccccc1B(c1c(F)c(F)c(F)c(F)c1F)c1c(F)c(F)c(F)c(F)c1F,CC1(C)CCCC(C)(C)N1Cc1ccccc1B(c1c(F)c(F)c(F)c(F)c1F)c1c(F)c(F)c(F)c(F)c1F,keep,True,True,CC1(C)CCCC(C)(C)N1Cc1ccccc1B(c1c(F)c(F)c(F)c(F)c1F)c1c(F)c(F)c(F)c(F)c1F,C28H24BF10N,575.299,40,1,0,0,0,B;C;F;N,1,0,1,0,0,True
204,CC1(C)CCCC(C)(C)N1Cc1ccccc1B(c1c(Cl)c(Cl)c(Cl)c(Cl)c1Cl)c1c(Cl)c(Cl)c(Cl)c(Cl)c1Cl,CC1(C)CCCC(C)(C)N1Cc1ccccc1B(c1c(Cl)c(Cl)c(Cl)c(Cl)c1Cl)c1c(Cl)c(Cl)c(Cl)c(Cl)c1Cl,keep,True,True,CC1(C)CCCC(C)(C)N1Cc1ccccc1B(c1c(Cl)c(Cl)c(Cl)c(Cl)c1Cl)c1c(Cl)c(Cl)c(Cl)c(Cl)c1Cl,C28H24BCl10N,739.849,40,1,0,0,0,B;C;Cl;N,1,0,1,0,0,True
205,Cc1cccc(C)c1B(c1c(C)cccc1C)C1CCCCN1,Cc1cccc(C)c1B(c1c(C)cccc1C)C1CCCCN1,keep,True,True,Cc1cccc(C)c1B(c1c(C)cccc1C)C1CCCCN1,C21H28BN,305.274,23,1,0,0,1,B;C;N,1,0,1,0,0,True
206,CC(C)(C)c1cc(C(C)(C)C)n(B(c2c(F)c(F)c(F)c(F)c2F)c2c(F)c(F)c(F)c(F)c2F)n1,CC(C)(C)c1cc(C(C)(C)C)n(B(c2c(F)c(F)c(F)c(F)c2F)c2c(F)c(F)c(F)c(F)c2F)n1,keep,True,True,CC(C)(C)c1cc(C(C)(C)C)n(B(c2c(F)c(F)c(F)c(F)c2F)c2c(F)c(F)c(F)c(F)c2F)n1,C23H19BF10N2,524.211,36,1,0,0,0,B;C;F;N,1,0,2,0,0,True
207,CC(C)(C)c1cc(C(C)(C)C)n(B(c2c(Cl)c(Cl)c(Cl)c(Cl)c2Cl)c2c(Cl)c(Cl)c(Cl)c(Cl)c2Cl)n1,CC(C)(C)c1cc(C(C)(C)C)n(B(c2c(Cl)c(Cl)c(Cl)c(Cl)c2Cl)c2c(Cl)c(Cl)c(Cl)c(Cl)c2Cl)n1,keep,True,True,CC(C)(C)c1cc(C(C)(C)C)n(B(c2c(Cl)c(Cl)c(Cl)c(Cl)c2Cl)c2c(Cl)c(Cl)c(Cl)c(Cl)c2Cl)n1,C23H19BCl10N2,688.761,36,1,0,0,0,B;C;Cl;N,1,0,2,0,0,True
208,CCN(CC)C(B(c1c(F)c(F)c(F)c(F)c1F)c1c(F)c(F)c(F)c(F)c1F)c1ccccc1,CCN(CC)C(B(c1c(F)c(F)c(F)c(F)c1F)c1c(F)c(F)c(F)c(F)c1F)c1ccccc1,keep,True,True,CCN(CC)C(B(c1c(F)c(F)c(F)c(F)c1F)c1c(F)c(F)c(F)c(F)c1F)c1ccccc1,C23H16BF10N,507.18,35,1,0,0,1,B;C;F;N,1,0,1,0,0,True
209,CCN(CC)C(B(c1c(Cl)c(Cl)c(Cl)c(Cl)c1Cl)c1c(Cl)c(Cl)c(Cl)c(Cl)c1Cl)c1ccccc1,CCN(CC)C(B(c1c(Cl)c(Cl)c(Cl)c(Cl)c1Cl)c1c(Cl)c(Cl)c(Cl)c(Cl)c1Cl)c1ccccc1,keep,True,True,CCN(CC)C(B(c1c(Cl)c(Cl)c(Cl)c(Cl)c1Cl)c1c(Cl)c(Cl)c(Cl)c(Cl)c1Cl)c1ccccc1,C23H16BCl10N,671.73,35,1,0,0,1,B;C;Cl;N,1,0,1,0,0,True
210,CCN(CC)C(B(c1c(F)c(F)c(F)c(F)c1F)c1c(F)c(F)c(F)c(F)c1F)c1c(C)cc(C)cc1C,CCN(CC)C(B(c1c(F)c(F)c(F)c(F)c1F)c1c(F)c(F)c(F)c(F)c1F)c1c(C)cc(C)cc1C,keep,True,True,CCN(CC)C(B(c1c(F)c(F)c(F)c(F)c1F)c1c(F)c(F)c(F)c(F)c1F)c1c(C)cc(C)cc1C,C26H22BF10N,549.261,38,1,0,0,1,B;C;F;N,1,0,1,0,0,True
211,CCN(CC)C(B(c1c(Cl)c(Cl)c(Cl)c(Cl)c1Cl)c1c(Cl)c(Cl)c(Cl)c(Cl)c1Cl)c1c(C)cc(C)cc1C,CCN(CC)C(B(c1c(Cl)c(Cl)c(Cl)c(Cl)c1Cl)c1c(Cl)c(Cl)c(Cl)c(Cl)c1Cl)c1c(C)cc(C)cc1C,keep,True,True,CCN(CC)C(B(c1c(Cl)c(Cl)c(Cl)c(Cl)c1Cl)c1c(Cl)c(Cl)c(Cl)c(Cl)c1Cl)c1c(C)cc(C)cc1C,C26H22BCl10N,713.811,38,1,0,0,1,B;C;Cl;N,1,0,1,0,0,True
212,Fc1c(F)c(F)c(B(CC(c2ccccc2)N2CCCCC2)c2c(F)c(F)c(F)c(F)c2F)c(F)c1F,Fc1c(F)c(F)c(B(CC(c2ccccc2)N2CCCCC2)c2c(F)c(F)c(F)c(F)c2F)c(F)c1F,keep,True,True,Fc1c(F)c(F)c(B(CC(c2ccccc2)N2CCCCC2)c2c(F)c(F)c(F)c(F)c2F)c(F)c1F,C25H18BF10N,533.218,37,1,0,0,1,B;C;F;N,1,0,1,0,0,True
213,Clc1c(Cl)c(Cl)c(B(CC(c2ccccc2)N2CCCCC2)c2c(Cl)c(Cl)c(Cl)c(Cl)c2Cl)c(Cl)c1Cl,Clc1c(Cl)c(Cl)c(B(CC(c2ccccc2)N2CCCCC2)c2c(Cl)c(Cl)c(Cl)c(Cl)c2Cl)c(Cl)c1Cl,keep,True,True,Clc1c(Cl)c(Cl)c(B(CC(c2ccccc2)N2CCCCC2)c2c(Cl)c(Cl)c(Cl)c(Cl)c2Cl)c(Cl)c1Cl,C25H18BCl10N,697.768,37,1,0,0,1,B;C;Cl;N,1,0,1,0,0,True
214,Cc1cc(C)c(C(CB(c2c(F)c(F)c(F)c(F)c2F)c2c(F)c(F)c(F)c(F)c2F)N2CCCCC2)c(C)c1,Cc1cc(C)c(C(CB(c2c(F)c(F)c(F)c(F)c2F)c2c(F)c(F)c(F)c(F)c2F)N2CCCCC2)c(C)c1,keep,True,True,Cc1cc(C)c(C(CB(c2c(F)c(F)c(F)c(F)c2F)c2c(F)c(F)c(F)c(F)c2F)N2CCCCC2)c(C)c1,C28H24BF10N,575.299,40,1,0,0,1,B;C;F;N,1,0,1,0,0,True
215,Cc1cc(C)c(C(CB(c2c(Cl)c(Cl)c(Cl)c(Cl)c2Cl)c2c(Cl)c(Cl)c(Cl)c(Cl)c2Cl)N2CCCCC2)c(C)c1,Cc1cc(C)c(C(CB(c2c(Cl)c(Cl)c(Cl)c(Cl)c2Cl)c2c(Cl)c(Cl)c(Cl)c(Cl)c2Cl)N2CCCCC2)c(C)c1,keep,True,True,Cc1cc(C)c(C(CB(c2c(Cl)c(Cl)c(Cl)c(Cl)c2Cl)c2c(Cl)c(Cl)c(Cl)c(Cl)c2Cl)N2CCCCC2)c(C)c1,C28H24BCl10N,739.849,40,1,0,0,1,B;C;Cl;N,1,0,1,0,0,True
216,CCN(CC)C(CB(c1c(F)c(F)c(F)c(F)c1F)c1c(F)c(F)c(F)c(F)c1F)c1ccccc1,CCN(CC)C(CB(c1c(F)c(F)c(F)c(F)c1F)c1c(F)c(F)c(F)c(F)c1F)c1ccccc1,keep,True,True,CCN(CC)C(CB(c1c(F)c(F)c(F)c(F)c1F)c1c(F)c(F)c(F)c(F)c1F)c1ccccc1,C24H18BF10N,521.207,36,1,0,0,1,B;C;F;N,1,0,1,0,0,True
217,CCN(CC)C(CB(c1c(Cl)c(Cl)c(Cl)c(Cl)c1Cl)c1c(Cl)c(Cl)c(Cl)c(Cl)c1Cl)c1ccccc1,CCN(CC)C(CB(c1c(Cl)c(Cl)c(Cl)c(Cl)c1Cl)c1c(Cl)c(Cl)c(Cl)c(Cl)c1Cl)c1ccccc1,keep,True,True,CCN(CC)C(CB(c1c(Cl)c(Cl)c(Cl)c(Cl)c1Cl)c1c(Cl)c(Cl)c(Cl)c(Cl)c1Cl)c1ccccc1,C24H18BCl10N,685.757,36,1,0,0,1,B;C;Cl;N,1,0,1,0,0,True
218,CCN(CC)C(CB(c1c(F)c(F)c(F)c(F)c1F)c1c(F)c(F)c(F)c(F)c1F)c1c(C)cc(C)cc1C,CCN(CC)C(CB(c1c(F)c(F)c(F)c(F)c1F)c1c(F)c(F)c(F)c(F)c1F)c1c(C)cc(C)cc1C,keep,True,True,CCN(CC)C(CB(c1c(F)c(F)c(F)c(F)c1F)c1c(F)c(F)c(F)c(F)c1F)c1c(C)cc(C)cc1C,C27H24BF10N,563.288,39,1,0,0,1,B;C;F;N,1,0,1,0,0,True
219,CCN(CC)C(CB(c1c(Cl)c(Cl)c(Cl)c(Cl)c1Cl)c1c(Cl)c(Cl)c(Cl)c(Cl)c1Cl)c1c(C)cc(C)cc1C,CCN(CC)C(CB(c1c(Cl)c(Cl)c(Cl)c(Cl)c1Cl)c1c(Cl)c(Cl)c(Cl)c(Cl)c1Cl)c1c(C)cc(C)cc1C,keep,True,True,CCN(CC)C(CB(c1c(Cl)c(Cl)c(Cl)c(Cl)c1Cl)c1c(Cl)c(Cl)c(Cl)c(Cl)c1Cl)c1c(C)cc(C)cc1C,C27H24BCl10N,727.838,39,1,0,0,1,B;C;Cl;N,1,0,1,0,0,True
220,CC(C)(B(c1c(F)c(F)c(F)c(F)c1F)c1c(F)c(F)c(F)c(F)c1F)C(c1ccccc1)N1CCCCC1,CC(C)(B(c1c(F)c(F)c(F)c(F)c1F)c1c(F)c(F)c(F)c(F)c1F)C(c1ccccc1)N1CCCCC1,keep,True,True,CC(C)(B(c1c(F)c(F)c(F)c(F)c1F)c1c(F)c(F)c(F)c(F)c1F)C(c1ccccc1)N1CCCCC1,C27H22BF10N,561.272,39,1,0,0,1,B;C;F;N,1,0,1,0,0,True
221,CC(C)(B(c1c(Cl)c(Cl)c(Cl)c(Cl)c1Cl)c1c(Cl)c(Cl)c(Cl)c(Cl)c1Cl)C(c1ccccc1)N1CCCCC1,CC(C)(B(c1c(Cl)c(Cl)c(Cl)c(Cl)c1Cl)c1c(Cl)c(Cl)c(Cl)c(Cl)c1Cl)C(c1ccccc1)N1CCCCC1,keep,True,True,CC(C)(B(c1c(Cl)c(Cl)c(Cl)c(Cl)c1Cl)c1c(Cl)c(Cl)c(Cl)c(Cl)c1Cl)C(c1ccccc1)N1CCCCC1,C27H22BCl10N,725.822,39,1,0,0,1,B;C;Cl;N,1,0,1,0,0,True
222,Cc1cc(C)c(C(N2CCCCC2)C(C)(C)B(c2c(F)c(F)c(F)c(F)c2F)c2c(F)c(F)c(F)c(F)c2F)c(C)c1,Cc1cc(C)c(C(N2CCCCC2)C(C)(C)B(c2c(F)c(F)c(F)c(F)c2F)c2c(F)c(F)c(F)c(F)c2F)c(C)c1,keep,True,True,Cc1cc(C)c(C(N2CCCCC2)C(C)(C)B(c2c(F)c(F)c(F)c(F)c2F)c2c(F)c(F)c(F)c(F)c2F)c(C)c1,C30H28BF10N,603.353,42,1,0,0,1,B;C;F;N,1,0,1,0,0,True
223,Cc1cc(C)c(C(N2CCCCC2)C(C)(C)B(c2c(Cl)c(Cl)c(Cl)c(Cl)c2Cl)c2c(Cl)c(Cl)c(Cl)c(Cl)c2Cl)c(C)c1,Cc1cc(C)c(C(N2CCCCC2)C(C)(C)B(c2c(Cl)c(Cl)c(Cl)c(Cl)c2Cl)c2c(Cl)c(Cl)c(Cl)c(Cl)c2Cl)c(C)c1,keep,True,True,Cc1cc(C)c(C(N2CCCCC2)C(C)(C)B(c2c(Cl)c(Cl)c(Cl)c(Cl)c2Cl)c2c(Cl)c(Cl)c(Cl)c(Cl)c2Cl)c(C)c1,C30H28BCl10N,767.903,42,1,0,0,1,B;C;Cl;N,1,0,1,0,0,True
224,Fc1c(F)c(F)c(B(c2c(F)c(F)c(F)c(F)c2F)C2CCCCC2N2CCCCC2)c(F)c1F,Fc1c(F)c(F)c(B(c2c(F)c(F)c(F)c(F)c2F)C2CCCCC2N2CCCCC2)c(F)c1F,keep,True,True,Fc1c(F)c(F)c(B(c2c(F)c(F)c(F)c(F)c2F)C2CCCCC2N2CCCCC2)c(F)c1F,C23H20BF10N,511.212,35,1,0,0,2,B;C;F;N,1,0,1,0,0,True
225,Clc1c(Cl)c(Cl)c(B(c2c(Cl)c(Cl)c(Cl)c(Cl)c2Cl)C2CCCCC2N2CCCCC2)c(Cl)c1Cl,Clc1c(Cl)c(Cl)c(B(c2c(Cl)c(Cl)c(Cl)c(Cl)c2Cl)C2CCCCC2N2CCCCC2)c(Cl)c1Cl,keep,True,True,Clc1c(Cl)c(Cl)c(B(c2c(Cl)c(Cl)c(Cl)c(Cl)c2Cl)C2CCCCC2N2CCCCC2)c(Cl)c1Cl,C23H20BCl10N,675.762,35,1,0,0,2,B;C;Cl;N,1,0,1,0,0,True
226,Fc1c(F)c(F)c(B(c2c(F)c(F)c(F)c(F)c2F)C2CCCCC2N2CCCC2)c(F)c1F,Fc1c(F)c(F)c(B(c2c(F)c(F)c(F)c(F)c2F)C2CCCCC2N2CCCC2)c(F)c1F,keep,True,True,Fc1c(F)c(F)c(B(c2c(F)c(F)c(F)c(F)c2F)C2CCCCC2N2CCCC2)c(F)c1F,C22H18BF10N,497.185,34,1,0,0,2,B;C;F;N,1,0,1,0,0,True
227,Clc1c(Cl)c(Cl)c(B(c2c(Cl)c(Cl)c(Cl)c(Cl)c2Cl)C2CCCCC2N2CCCC2)c(Cl)c1Cl,Clc1c(Cl)c(Cl)c(B(c2c(Cl)c(Cl)c(Cl)c(Cl)c2Cl)C2CCCCC2N2CCCC2)c(Cl)c1Cl,keep,True,True,Clc1c(Cl)c(Cl)c(B(c2c(Cl)c(Cl)c(Cl)c(Cl)c2Cl)C2CCCCC2N2CCCC2)c(Cl)c1Cl,C22H18BCl10N,661.735,34,1,0,0,2,B;C;Cl;N,1,0,1,0,0,True
228,CC(C)c1cccc2c1N(Cc1ccccc1B(c1c(F)c(F)c(F)c(F)c1F)c1c(F)c(F)c(F)c(F)c1F)C(c1ccccc1)C2(C)C,CC(C)c1cccc2c1N(Cc1ccccc1B(c1c(F)c(F)c(F)c(F)c1F)c1c(F)c(F)c(F)c(F)c1F)C(c1ccccc1)C2(C)C,keep,True,True,CC(C)c1cccc2c1N(Cc1ccccc1B(c1c(F)c(F)c(F)c(F)c1F)c1c(F)c(F)c(F)c(F)c1F)C(c1ccccc1)C2(C)C,C38H28BF10N,699.441,50,1,0,0,1,B;C;F;N,1,0,1,0,0,True
229,CC(C)c1cccc2c1N(Cc1ccccc1B(c1c(Cl)c(Cl)c(Cl)c(Cl)c1Cl)c1c(Cl)c(Cl)c(Cl)c(Cl)c1Cl)C(c1ccccc1)C2(C)C,CC(C)c1cccc2c1N(Cc1ccccc1B(c1c(Cl)c(Cl)c(Cl)c(Cl)c1Cl)c1c(Cl)c(Cl)c(Cl)c(Cl)c1Cl)C(c1ccccc1)C2(C)C,keep,True,True,CC(C)c1cccc2c1N(Cc1ccccc1B(c1c(Cl)c(Cl)c(Cl)c(Cl)c1Cl)c1c(Cl)c(Cl)c(Cl)c(Cl)c1Cl)C(c1ccccc1)C2(C)C,C38H28BCl10N,863.991,50,1,0,0,1,B;C;Cl;N,1,0,1,0,0,True
230,Cc1cc(C)c(C2N(Cc3ccccc3B(c3c(F)c(F)c(F)c(F)c3F)c3c(F)c(F)c(F)c(F)c3F)c3c(C(C)C)cccc3C2(C)C)c(C)c1,Cc1cc(C)c(C2N(Cc3ccccc3B(c3c(F)c(F)c(F)c(F)c3F)c3c(F)c(F)c(F)c(F)c3F)c3c(C(C)C)cccc3C2(C)C)c(C)c1,keep,True,True,Cc1cc(C)c(C2N(Cc3ccccc3B(c3c(F)c(F)c(F)c(F)c3F)c3c(F)c(F)c(F)c(F)c3F)c3c(C(C)C)cccc3C2(C)C)c(C)c1,C41H34BF10N,741.522,53,1,0,0,1,B;C;F;N,1,0,1,0,0,True
231,Cc1cc(C)c(C2N(Cc3ccccc3B(c3c(Cl)c(Cl)c(Cl)c(Cl)c3Cl)c3c(Cl)c(Cl)c(Cl)c(Cl)c3Cl)c3c(C(C)C)cccc3C2(C)C)c(C)c1,Cc1cc(C)c(C2N(Cc3ccccc3B(c3c(Cl)c(Cl)c(Cl)c(Cl)c3Cl)c3c(Cl)c(Cl)c(Cl)c(Cl)c3Cl)c3c(C(C)C)cccc3C2(C)C)c(C)c1,keep,True,True,Cc1cc(C)c(C2N(Cc3ccccc3B(c3c(Cl)c(Cl)c(Cl)c(Cl)c3Cl)c3c(Cl)c(Cl)c(Cl)c(Cl)c3Cl)c3c(C(C)C)cccc3C2(C)C)c(C)c1,C41H34BCl10N,906.072,53,1,0,0,1,B;C;Cl;N,1,0,1,0,0,True
232,CN(C)c1ccccc1B(c1c(F)c(F)c(F)c(F)c1F)c1c(F)c(F)c(F)c(F)c1F,CN(C)c1ccccc1B(c1c(F)c(F)c(F)c(F)c1F)c1c(F)c(F)c(F)c(F)c1F,keep,True,True,CN(C)c1ccccc1B(c1c(F)c(F)c(F)c(F)c1F)c1c(F)c(F)c(F)c(F)c1F,C20H10BF10N,465.099,32,1,0,0,0,B;C;F;N,1,0,1,0,0,True
233,CN(C)c1ccccc1B(c1c(Cl)c(Cl)c(Cl)c(Cl)c1Cl)c1c(Cl)c(Cl)c(Cl)c(Cl)c1Cl,CN(C)c1ccccc1B(c1c(Cl)c(Cl)c(Cl)c(Cl)c1Cl)c1c(Cl)c(Cl)c(Cl)c(Cl)c1Cl,keep,True,True,CN(C)c1ccccc1B(c1c(Cl)c(Cl)c(Cl)c(Cl)c1Cl)c1c(Cl)c(Cl)c(Cl)c(Cl)c1Cl,C20H10BCl10N,629.649,32,1,0,0,0,B;C;Cl;N,1,0,1,0,0,True
234,Cc1cc(C)c(B(c2ccccc2N(c2c(C)cc(C)cc2C)c2c(C)cc(C)cc2C)c2c(C)cc(C)cc2C)c(C)c1,Cc1cc(C)c(B(c2ccccc2N(c2c(C)cc(C)cc2C)c2c(C)cc(C)cc2C)c2c(C)cc(C)cc2C)c(C)c1,keep,True,True,Cc1cc(C)c(B(c2ccccc2N(c2c(C)cc(C)cc2C)c2c(C)cc(C)cc2C)c2c(C)cc(C)cc2C)c(C)c1,C42H48BN,577.665,44,1,0,0,0,B;C;N,1,0,1,0,0,True
235,c1ccc(B(c2ccccc2)c2ccccc2N(c2ccccc2)c2ccccc2)cc1,c1ccc(B(c2ccccc2)c2ccccc2N(c2ccccc2)c2ccccc2)cc1,keep,True,True,c1ccc(B(c2ccccc2)c2ccccc2N(c2ccccc2)c2ccccc2)cc1,C30H24BN,409.341,32,1,0,0,0,B;C;N,1,0,1,0,0,True
236,Cc1cc(C)c(N(c2ccccc2B(c2cc(C)c(C)cc2C)c2cc(C)cc(C)c2C)c2c(C)cc(C)cc2C)c(C)c1,Cc1cc(C)c(N(c2ccccc2B(c2cc(C)c(C)cc2C)c2cc(C)cc(C)c2C)c2c(C)cc(C)cc2C)c(C)c1,keep,True,True,Cc1cc(C)c(N(c2ccccc2B(c2cc(C)c(C)cc2C)c2cc(C)cc(C)c2C)c2c(C)cc(C)cc2C)c(C)c1,C42H48BN,577.665,44,1,0,0,0,B;C;N,1,0,1,0,0,True
237,Cc1cc(C)c(N(c2ccccc2)c2ccccc2B(c2cc(C)c(C)cc2C)c2cc(C)cc(C)c2C)c(C)c1,Cc1cc(C)c(N(c2ccccc2)c2ccccc2B(c2cc(C)c(C)cc2C)c2cc(C)cc(C)c2C)c(C)c1,keep,True,True,Cc1cc(C)c(N(c2ccccc2)c2ccccc2B(c2cc(C)c(C)cc2C)c2cc(C)cc(C)c2C)c(C)c1,C39H42BN,535.584,41,1,0,0,0,B;C;N,1,0,1,0,0,True
238,CC1(C)C2CCC1C(N1CCCCC1)C2B(c1c(F)c(F)c(F)c(F)c1F)c1c(F)c(F)c(F)c(F)c1F,CC1(C)C2CCC1C(N1CCCCC1)C2B(c1c(F)c(F)c(F)c(F)c1F)c1c(F)c(F)c(F)c(F)c1F,keep,True,True,CC1(C)C2CCC1C(N1CCCCC1)C2B(c1c(F)c(F)c(F)c(F)c1F)c1c(F)c(F)c(F)c(F)c1F,C26H24BF10N,551.277,38,1,0,0,4,B;C;F;N,1,0,1,0,0,True
239,CC1(C)C2CCC1C(N1CCCCC1)C2B(c1c(Cl)c(Cl)c(Cl)c(Cl)c1Cl)c1c(Cl)c(Cl)c(Cl)c(Cl)c1Cl,CC1(C)C2CCC1C(N1CCCCC1)C2B(c1c(Cl)c(Cl)c(Cl)c(Cl)c1Cl)c1c(Cl)c(Cl)c(Cl)c(Cl)c1Cl,keep,True,True,CC1(C)C2CCC1C(N1CCCCC1)C2B(c1c(Cl)c(Cl)c(Cl)c(Cl)c1Cl)c1c(Cl)c(Cl)c(Cl)c(Cl)c1Cl,C26H24BCl10N,715.827,38,1,0,0,4,B;C;Cl;N,1,0,1,0,0,True
240,Fc1c(F)c(F)c(B(c2c(F)c(F)c(F)c(F)c2F)C2CCCC2N2CCCCC2)c(F)c1F,Fc1c(F)c(F)c(B(c2c(F)c(F)c(F)c(F)c2F)C2CCCC2N2CCCCC2)c(F)c1F,keep,True,True,Fc1c(F)c(F)c(B(c2c(F)c(F)c(F)c(F)c2F)C2CCCC2N2CCCCC2)c(F)c1F,C22H18BF10N,497.185,34,1,0,0,2,B;C;F;N,1,0,1,0,0,True
241,Clc1c(Cl)c(Cl)c(B(c2c(Cl)c(Cl)c(Cl)c(Cl)c2Cl)C2CCCC2N2CCCCC2)c(Cl)c1Cl,Clc1c(Cl)c(Cl)c(B(c2c(Cl)c(Cl)c(Cl)c(Cl)c2Cl)C2CCCC2N2CCCCC2)c(Cl)c1Cl,keep,True,True,Clc1c(Cl)c(Cl)c(B(c2c(Cl)c(Cl)c(Cl)c(Cl)c2Cl)C2CCCC2N2CCCCC2)c(Cl)c1Cl,C22H18BCl10N,661.735,34,1,0,0,2,B;C;Cl;N,1,0,1,0,0,True
242,CC1(C)COCC(C)(C)N1Cc1ccccc1B(c1c(F)c(F)c(F)c(F)c1F)c1c(F)c(F)c(F)c(F)c1F,CC1(C)COCC(C)(C)N1Cc1ccccc1B(c1c(F)c(F)c(F)c(F)c1F)c1c(F)c(F)c(F)c(F)c1F,keep,True,True,CC1(C)COCC(C)(C)N1Cc1ccccc1B(c1c(F)c(F)c(F)c(F)c1F)c1c(F)c(F)c(F)c(F)c1F,C27H22BF10NO,577.271,40,1,0,0,0,B;C;F;N;O,1,0,1,0,0,True
243,CC1(C)COCC(C)(C)N1Cc1ccccc1B(c1c(Cl)c(Cl)c(Cl)c(Cl)c1Cl)c1c(Cl)c(Cl)c(Cl)c(Cl)c1Cl,CC1(C)COCC(C)(C)N1Cc1ccccc1B(c1c(Cl)c(Cl)c(Cl)c(Cl)c1Cl)c1c(Cl)c(Cl)c(Cl)c(Cl)c1Cl,keep,True,True,CC1(C)COCC(C)(C)N1Cc1ccccc1B(c1c(Cl)c(Cl)c(Cl)c(Cl)c1Cl)c1c(Cl)c(Cl)c(Cl)c(Cl)c1Cl,C27H22BCl10NO,741.821,40,1,0,0,0,B;C;Cl;N;O,1,0,1,0,0,True
244,CC1(C)c2ccccc2N(Cc2ccccc2B(c2c(F)c(F)c(F)c(F)c2F)c2c(F)c(F)c(F)c(F)c2F)C1c1ccccc1,CC1(C)c2ccccc2N(Cc2ccccc2B(c2c(F)c(F)c(F)c(F)c2F)c2c(F)c(F)c(F)c(F)c2F)C1c1ccccc1,keep,True,True,CC1(C)c2ccccc2N(Cc2ccccc2B(c2c(F)c(F)c(F)c(F)c2F)c2c(F)c(F)c(F)c(F)c2F)C1c1ccccc1,C35H22BF10N,657.36,47,1,0,0,1,B;C;F;N,1,0,1,0,0,True
245,CC1(C)c2ccccc2N(Cc2ccccc2B(c2c(Cl)c(Cl)c(Cl)c(Cl)c2Cl)c2c(Cl)c(Cl)c(Cl)c(Cl)c2Cl)C1c1ccccc1,CC1(C)c2ccccc2N(Cc2ccccc2B(c2c(Cl)c(Cl)c(Cl)c(Cl)c2Cl)c2c(Cl)c(Cl)c(Cl)c(Cl)c2Cl)C1c1ccccc1,keep,True,True,CC1(C)c2ccccc2N(Cc2ccccc2B(c2c(Cl)c(Cl)c(Cl)c(Cl)c2Cl)c2c(Cl)c(Cl)c(Cl)c(Cl)c2Cl)C1c1ccccc1,C35H22BCl10N,821.91,47,1,0,0,1,B;C;Cl;N,1,0,1,0,0,True
246,Cc1cc(C)c(C2N(Cc3ccccc3B(c3c(F)c(F)c(F)c(F)c3F)c3c(F)c(F)c(F)c(F)c3F)c3ccccc3C2(C)C)c(C)c1,Cc1cc(C)c(C2N(Cc3ccccc3B(c3c(F)c(F)c(F)c(F)c3F)c3c(F)c(F)c(F)c(F)c3F)c3ccccc3C2(C)C)c(C)c1,keep,True,True,Cc1cc(C)c(C2N(Cc3ccccc3B(c3c(F)c(F)c(F)c(F)c3F)c3c(F)c(F)c(F)c(F)c3F)c3ccccc3C2(C)C)c(C)c1,C38H28BF10N,699.441,50,1,0,0,1,B;C;F;N,1,0,1,0,0,True
247,Cc1cc(C)c(C2N(Cc3ccccc3B(c3c(Cl)c(Cl)c(Cl)c(Cl)c3Cl)c3c(Cl)c(Cl)c(Cl)c(Cl)c3Cl)c3ccccc3C2(C)C)c(C)c1,Cc1cc(C)c(C2N(Cc3ccccc3B(c3c(Cl)c(Cl)c(Cl)c(Cl)c3Cl)c3c(Cl)c(Cl)c(Cl)c(Cl)c3Cl)c3ccccc3C2(C)C)c(C)c1,keep,True,True,Cc1cc(C)c(C2N(Cc3ccccc3B(c3c(Cl)c(Cl)c(Cl)c(Cl)c3Cl)c3c(Cl)c(Cl)c(Cl)c(Cl)c3Cl)c3ccccc3C2(C)C)c(C)c1,C38H28BCl10N,863.991,50,1,0,0,1,B;C;Cl;N,1,0,1,0,0,True
248,CC1CC(C)(C)N(Cc2ccccc2B(c2c(F)c(F)c(F)c(F)c2F)c2c(F)c(F)c(F)c(F)c2F)c2ccccc21,CC1CC(C)(C)N(Cc2ccccc2B(c2c(F)c(F)c(F)c(F)c2F)c2c(F)c(F)c(F)c(F)c2F)c2ccccc21,keep,True,True,CC1CC(C)(C)N(Cc2ccccc2B(c2c(F)c(F)c(F)c(F)c2F)c2c(F)c(F)c(F)c(F)c2F)c2ccccc21,C31H22BF10N,609.316,43,1,0,0,1,B;C;F;N,1,0,1,0,0,True
249,CC1CC(C)(C)N(Cc2ccccc2B(c2c(Cl)c(Cl)c(Cl)c(Cl)c2Cl)c2c(Cl)c(Cl)c(Cl)c(Cl)c2Cl)c2ccccc21,CC1CC(C)(C)N(Cc2ccccc2B(c2c(Cl)c(Cl)c(Cl)c(Cl)c2Cl)c2c(Cl)c(Cl)c(Cl)c(Cl)c2Cl)c2ccccc21,keep,True,True,CC1CC(C)(C)N(Cc2ccccc2B(c2c(Cl)c(Cl)c(Cl)c(Cl)c2Cl)c2c(Cl)c(Cl)c(Cl)c(Cl)c2Cl)c2ccccc21,C31H22BCl10N,773.866,43,1,0,0,1,B;C;Cl;N,1,0,1,0,0,True
250,CC(C)C1CCC2(C)c3ccccc3N(Cc3ccccc3B(c3c(F)c(F)c(F)c(F)c3F)c3c(F)c(F)c(F)c(F)c3F)C2(c2ccccc2)C1,CC(C)C1CCC2(C)c3ccccc3N(Cc3ccccc3B(c3c(F)c(F)c(F)c(F)c3F)c3c(F)c(F)c(F)c(F)c3F)C2(c2ccccc2)C1,keep,True,True,CC(C)C1CCC2(C)c3ccccc3N(Cc3ccccc3B(c3c(F)c(F)c(F)c(F)c3F)c3c(F)c(F)c(F)c(F)c3F)C2(c2ccccc2)C1,C41H32BF10N,739.506,53,1,0,0,3,B;C;F;N,1,0,1,0,0,True
251,CC(C)C1CCC2(C)c3ccccc3N(Cc3ccccc3B(c3c(Cl)c(Cl)c(Cl)c(Cl)c3Cl)c3c(Cl)c(Cl)c(Cl)c(Cl)c3Cl)C2(c2ccccc2)C1,CC(C)C1CCC2(C)c3ccccc3N(Cc3ccccc3B(c3c(Cl)c(Cl)c(Cl)c(Cl)c3Cl)c3c(Cl)c(Cl)c(Cl)c(Cl)c3Cl)C2(c2ccccc2)C1,keep,True,True,CC(C)C1CCC2(C)c3ccccc3N(Cc3ccccc3B(c3c(Cl)c(Cl)c(Cl)c(Cl)c3Cl)c3c(Cl)c(Cl)c(Cl)c(Cl)c3Cl)C2(c2ccccc2)C1,C41H32BCl10N,904.056,53,1,0,0,3,B;C;Cl;N,1,0,1,0,0,True
252,Cc1cc(C)c(C23CC(C(C)C)CCC2(C)c2ccccc2N3Cc2ccccc2B(c2c(F)c(F)c(F)c(F)c2F)c2c(F)c(F)c(F)c(F)c2F)c(C)c1,Cc1cc(C)c(C23CC(C(C)C)CCC2(C)c2ccccc2N3Cc2ccccc2B(c2c(F)c(F)c(F)c(F)c2F)c2c(F)c(F)c(F)c(F)c2F)c(C)c1,keep,True,True,Cc1cc(C)c(C23CC(C(C)C)CCC2(C)c2ccccc2N3Cc2ccccc2B(c2c(F)c(F)c(F)c(F)c2F)c2c(F)c(F)c(F)c(F)c2F)c(C)c1,C44H38BF10N,781.587,56,1,0,0,3,B;C;F;N,1,0,1,0,0,True
253,Cc1cc(C)c(C23CC(C(C)C)CCC2(C)c2ccccc2N3Cc2ccccc2B(c2c(Cl)c(Cl)c(Cl)c(Cl)c2Cl)c2c(Cl)c(Cl)c(Cl)c(Cl)c2Cl)c(C)c1,Cc1cc(C)c(C23CC(C(C)C)CCC2(C)c2ccccc2N3Cc2ccccc2B(c2c(Cl)c(Cl)c(Cl)c(Cl)c2Cl)c2c(Cl)c(Cl)c(Cl)c(Cl)c2Cl)c(C)c1,keep,True,True,Cc1cc(C)c(C23CC(C(C)C)CCC2(C)c2ccccc2N3Cc2ccccc2B(c2c(Cl)c(Cl)c(Cl)c(Cl)c2Cl)c2c(Cl)c(Cl)c(Cl)c(Cl)c2Cl)c(C)c1,C44H38BCl10N,946.137,56,1,0,0,3,B;C;Cl;N,1,0,1,0,0,True
254,CC1(C)CCCC(C)(C)N1c1ccccc1B1C2CCCC1CCC2,CC1(C)CCCC(C)(C)N1c1ccccc1B1C2CCCC1CCC2,keep,True,True,CC1(C)CCCC(C)(C)N1c1ccccc1B1C2CCCC1CCC2,C23H36BN,337.36,25,1,0,0,0,B;C;N,1,0,1,0,0,True
255,CC(C)N(C)c1ccc2ccccc2c1-c1c(B(c2c(F)c(F)c(F)c(F)c2F)c2c(F)c(F)c(F)c(F)c2F)ccc2ccccc12,CC(C)N(C)c1ccc2ccccc2c1-c1c(B(c2c(F)c(F)c(F)c(F)c2F)c2c(F)c(F)c(F)c(F)c2F)ccc2ccccc12,keep,True,True,CC(C)N(C)c1ccc2ccccc2c1-c1c(B(c2c(F)c(F)c(F)c(F)c2F)c2c(F)c(F)c(F)c(F)c2F)ccc2ccccc12,C36H22BF10N,669.371,48,1,0,0,0,B;C;F;N,1,0,1,0,0,True
256,CC(C)N(C)c1ccc2ccccc2c1-c1c(B(c2c(Cl)c(Cl)c(Cl)c(Cl)c2Cl)c2c(Cl)c(Cl)c(Cl)c(Cl)c2Cl)ccc2ccccc12,CC(C)N(C)c1ccc2ccccc2c1-c1c(B(c2c(Cl)c(Cl)c(Cl)c(Cl)c2Cl)c2c(Cl)c(Cl)c(Cl)c(Cl)c2Cl)ccc2ccccc12,keep,True,True,CC(C)N(C)c1ccc2ccccc2c1-c1c(B(c2c(Cl)c(Cl)c(Cl)c(Cl)c2Cl)c2c(Cl)c(Cl)c(Cl)c(Cl)c2Cl)ccc2ccccc12,C36H22BCl10N,833.921,48,1,0,0,0,B;C;Cl;N,1,0,1,0,0,True
257,Cc1cccc(CB(c2c(F)c(F)c(F)c(F)c2F)c2c(F)c(F)c(F)c(F)c2F)n1,Cc1cccc(CB(c2c(F)c(F)c(F)c(F)c2F)c2c(F)c(F)c(F)c(F)c2F)n1,keep,True,True,Cc1cccc(CB(c2c(F)c(F)c(F)c(F)c2F)c2c(F)c(F)c(F)c(F)c2F)n1,C19H8BF10N,451.072,31,1,0,0,0,B;C;F;N,1,0,1,0,0,True
258,Cc1cccc(CB(c2c(Cl)c(Cl)c(Cl)c(Cl)c2Cl)c2c(Cl)c(Cl)c(Cl)c(Cl)c2Cl)n1,Cc1cccc(CB(c2c(Cl)c(Cl)c(Cl)c(Cl)c2Cl)c2c(Cl)c(Cl)c(Cl)c(Cl)c2Cl)n1,keep,True,True,Cc1cccc(CB(c2c(Cl)c(Cl)c(Cl)c(Cl)c2Cl)c2c(Cl)c(Cl)c(Cl)c(Cl)c2Cl)n1,C19H8BCl10N,615.622,31,1,0,0,0,B;C;Cl;N,1,0,1,0,0,True
259,Fc1c(F)c(F)c(B(Cc2ccccn2)c2c(F)c(F)c(F)c(F)c2F)c(F)c1F,Fc1c(F)c(F)c(B(Cc2ccccn2)c2c(F)c(F)c(F)c(F)c2F)c(F)c1F,keep,True,True,Fc1c(F)c(F)c(B(Cc2ccccn2)c2c(F)c(F)c(F)c(F)c2F)c(F)c1F,C18H6BF10N,437.045,30,1,0,0,0,B;C;F;N,1,0,1,0,0,True
260,Clc1c(Cl)c(Cl)c(B(Cc2ccccn2)c2c(Cl)c(Cl)c(Cl)c(Cl)c2Cl)c(Cl)c1Cl,Clc1c(Cl)c(Cl)c(B(Cc2ccccn2)c2c(Cl)c(Cl)c(Cl)c(Cl)c2Cl)c(Cl)c1Cl,keep,True,True,Clc1c(Cl)c(Cl)c(B(Cc2ccccn2)c2c(Cl)c(Cl)c(Cl)c(Cl)c2Cl)c(Cl)c1Cl,C18H6BCl10N,601.595,30,1,0,0,0,B;C;Cl;N,1,0,1,0,0,True
261,Cc1cc(N(C)C)cc(CB(c2c(F)c(F)c(F)c(F)c2F)c2c(F)c(F)c(F)c(F)c2F)n1,Cc1cc(N(C)C)cc(CB(c2c(F)c(F)c(F)c(F)c2F)c2c(F)c(F)c(F)c(F)c2F)n1,keep,True,True,Cc1cc(N(C)C)cc(CB(c2c(F)c(F)c(F)c(F)c2F)c2c(F)c(F)c(F)c(F)c2F)n1,C21H13BF10N2,494.141,34,1,0,0,0,B;C;F;N,1,0,2,0,0,True
262,Cc1cc(N(C)C)cc(CB(c2c(Cl)c(Cl)c(Cl)c(Cl)c2Cl)c2c(Cl)c(Cl)c(Cl)c(Cl)c2Cl)n1,Cc1cc(N(C)C)cc(CB(c2c(Cl)c(Cl)c(Cl)c(Cl)c2Cl)c2c(Cl)c(Cl)c(Cl)c(Cl)c2Cl)n1,keep,True,True,Cc1cc(N(C)C)cc(CB(c2c(Cl)c(Cl)c(Cl)c(Cl)c2Cl)c2c(Cl)c(Cl)c(Cl)c(Cl)c2Cl)n1,C21H13BCl10N2,658.691,34,1,0,0,0,B;C;Cl;N,1,0,2,0,0,True
263,CC(C)(C)c1cccc(CCCCB(c2c(F)c(F)c(F)c(F)c2F)c2c(F)c(F)c(F)c(F)c2F)n1,CC(C)(C)c1cccc(CCCCB(c2c(F)c(F)c(F)c(F)c2F)c2c(F)c(F)c(F)c(F)c2F)n1,keep,True,True,CC(C)(C)c1cccc(CCCCB(c2c(F)c(F)c(F)c(F)c2F)c2c(F)c(F)c(F)c(F)c2F)n1,C25H20BF10N,535.234,37,1,0,0,0,B;C;F;N,1,0,1,0,0,True
264,CC(C)(C)c1cccc(CCCCB(c2c(Cl)c(Cl)c(Cl)c(Cl)c2Cl)c2c(Cl)c(Cl)c(Cl)c(Cl)c2Cl)n1,CC(C)(C)c1cccc(CCCCB(c2c(Cl)c(Cl)c(Cl)c(Cl)c2Cl)c2c(Cl)c(Cl)c(Cl)c(Cl)c2Cl)n1,keep,True,True,CC(C)(C)c1cccc(CCCCB(c2c(Cl)c(Cl)c(Cl)c(Cl)c2Cl)c2c(Cl)c(Cl)c(Cl)c(Cl)c2Cl)n1,C25H20BCl10N,699.784,37,1,0,0,0,B;C;Cl;N,1,0,1,0,0,True
265,Bc1ccccc1N1C(C)(C)CCCC1(C)C,Bc1ccccc1N1C(C)(C)CCCC1(C)C,keep,True,True,Bc1ccccc1N1C(C)(C)CCCC1(C)C,C15H24BN,229.176,17,1,0,0,0,B;C;N,1,0,1,0,0,True
266,CC1(C)CCCC(C)(C)N1c1ccccc1B(Cl)Cl,CC1(C)CCCC(C)(C)N1c1ccccc1B(Cl)Cl,keep,True,True,CC1(C)CCCC(C)(C)N1c1ccccc1B(Cl)Cl,C15H22BCl2N,298.066,19,1,0,0,0,B;C;Cl;N,1,0,1,0,0,True
267,CC1(C)CCCC(C)(C)N1c1ccccc1BCl,CC1(C)CCCC(C)(C)N1c1ccccc1BCl,keep,True,True,CC1(C)CCCC(C)(C)N1c1ccccc1BCl,C15H23BClN,263.621,18,1,0,0,0,B;C;Cl;N,1,0,1,0,0,True
268,CC1(C)CCCC(C)(C)N1c1ccccc1B(Cl)c1c(F)c(F)c(F)c(F)c1F,CC1(C)CCCC(C)(C)N1c1ccccc1B(Cl)c1c(F)c(F)c(F)c(F)c1F,keep,True,True,CC1(C)CCCC(C)(C)N1c1ccccc1B(Cl)c1c(F)c(F)c(F)c(F)c1F,C21H22BClF5N,429.669,29,1,0,0,0,B;C;Cl;F;N,1,0,1,0,0,True
269,CC1(C)CCCC(C)(C)N1c1ccccc1B(Cl)c1c(Cl)c(Cl)c(Cl)c(Cl)c1Cl,CC1(C)CCCC(C)(C)N1c1ccccc1B(Cl)c1c(Cl)c(Cl)c(Cl)c(Cl)c1Cl,keep,True,True,CC1(C)CCCC(C)(C)N1c1ccccc1B(Cl)c1c(Cl)c(Cl)c(Cl)c(Cl)c1Cl,C21H22BCl6N,511.944,29,1,0,0,0,B;C;Cl;N,1,0,1,0,0,True
270,CN(C)c1ccccc1B(Cl)Cl,CN(C)c1ccccc1B(Cl)Cl,keep,True,True,CN(C)c1ccccc1B(Cl)Cl,C8H10BCl2N,201.893,12,1,0,0,0,B;C;Cl;N,1,0,1,0,0,True
271,Bc1ccccc1N(C)C,Bc1ccccc1N(C)C,keep,True,True,Bc1ccccc1N(C)C,C8H12BN,133.003,10,1,0,0,0,B;C;N,1,0,1,0,0,True
272,CC(C)C1CCCC(C(C)C)N1CCB(c1c(F)c(F)c(F)c(F)c1F)c1c(F)c(F)c(F)c(F)c1F,CC(C)C1CCCC(C(C)C)N1CCB(c1c(F)c(F)c(F)c(F)c1F)c1c(F)c(F)c(F)c(F)c1F,keep,True,True,CC(C)C1CCCC(C(C)C)N1CCB(c1c(F)c(F)c(F)c(F)c1F)c1c(F)c(F)c(F)c(F)c1F,C25H26BF10N,541.282,37,1,0,0,2,B;C;F;N,1,0,1,0,0,True
273,CC(C)C1CCCC(C(C)C)N1CCB(c1c(Cl)c(Cl)c(Cl)c(Cl)c1Cl)c1c(Cl)c(Cl)c(Cl)c(Cl)c1Cl,CC(C)C1CCCC(C(C)C)N1CCB(c1c(Cl)c(Cl)c(Cl)c(Cl)c1Cl)c1c(Cl)c(Cl)c(Cl)c(Cl)c1Cl,keep,True,True,CC(C)C1CCCC(C(C)C)N1CCB(c1c(Cl)c(Cl)c(Cl)c(Cl)c1Cl)c1c(Cl)c(Cl)c(Cl)c(Cl)c1Cl,C25H26BCl10N,705.832,37,1,0,0,2,B;C;Cl;N,1,0,1,0,0,True
274,CC(C)C1CCCC(C(C)C)N1C(C)CB(c1c(F)c(F)c(F)c(F)c1F)c1c(F)c(F)c(F)c(F)c1F,CC(C)C1CCCC(C(C)C)N1C(C)CB(c1c(F)c(F)c(F)c(F)c1F)c1c(F)c(F)c(F)c(F)c1F,keep,True,True,CC(C)C1CCCC(C(C)C)N1C(C)CB(c1c(F)c(F)c(F)c(F)c1F)c1c(F)c(F)c(F)c(F)c1F,C26H28BF10N,555.309,38,1,0,0,3,B;C;F;N,1,0,1,0,0,True
275,CC(C)C1CCCC(C(C)C)N1C(C)CB(c1c(Cl)c(Cl)c(Cl)c(Cl)c1Cl)c1c(Cl)c(Cl)c(Cl)c(Cl)c1Cl,CC(C)C1CCCC(C(C)C)N1C(C)CB(c1c(Cl)c(Cl)c(Cl)c(Cl)c1Cl)c1c(Cl)c(Cl)c(Cl)c(Cl)c1Cl,keep,True,True,CC(C)C1CCCC(C(C)C)N1C(C)CB(c1c(Cl)c(Cl)c(Cl)c(Cl)c1Cl)c1c(Cl)c(Cl)c(Cl)c(Cl)c1Cl,C26H28BCl10N,719.859,38,1,0,0,3,B;C;Cl;N,1,0,1,0,0,True
276,CC1CCCC(C)N1CCCB(c1c(F)c(F)c(F)c(F)c1F)c1c(F)c(F)c(F)c(F)c1F,CC1CCCC(C)N1CCCB(c1c(F)c(F)c(F)c(F)c1F)c1c(F)c(F)c(F)c(F)c1F,keep,True,True,CC1CCCC(C)N1CCCB(c1c(F)c(F)c(F)c(F)c1F)c1c(F)c(F)c(F)c(F)c1F,C22H20BF10N,499.201,34,1,0,0,2,B;C;F;N,1,0,1,0,0,True
277,CC1CCCC(C)N1CCCB(c1c(Cl)c(Cl)c(Cl)c(Cl)c1Cl)c1c(Cl)c(Cl)c(Cl)c(Cl)c1Cl,CC1CCCC(C)N1CCCB(c1c(Cl)c(Cl)c(Cl)c(Cl)c1Cl)c1c(Cl)c(Cl)c(Cl)c(Cl)c1Cl,keep,True,True,CC1CCCC(C)N1CCCB(c1c(Cl)c(Cl)c(Cl)c(Cl)c1Cl)c1c(Cl)c(Cl)c(Cl)c(Cl)c1Cl,C22H20BCl10N,663.751,34,1,0,0,2,B;C;Cl;N,1,0,1,0,0,True
278,CC(C)(C)c1cccc(OB(c2c(F)c(F)c(F)c(F)c2F)c2c(F)c(F)c(F)c(F)c2F)n1,CC(C)(C)c1cccc(OB(c2c(F)c(F)c(F)c(F)c2F)c2c(F)c(F)c(F)c(F)c2F)n1,keep,True,True,CC(C)(C)c1cccc(OB(c2c(F)c(F)c(F)c(F)c2F)c2c(F)c(F)c(F)c(F)c2F)n1,C21H12BF10NO,495.125,34,1,0,0,0,B;C;F;N;O,1,0,1,0,0,True
279,CC(C)(C)c1cccc(OB(c2c(Cl)c(Cl)c(Cl)c(Cl)c2Cl)c2c(Cl)c(Cl)c(Cl)c(Cl)c2Cl)n1,CC(C)(C)c1cccc(OB(c2c(Cl)c(Cl)c(Cl)c(Cl)c2Cl)c2c(Cl)c(Cl)c(Cl)c(Cl)c2Cl)n1,keep,True,True,CC(C)(C)c1cccc(OB(c2c(Cl)c(Cl)c(Cl)c(Cl)c2Cl)c2c(Cl)c(Cl)c(Cl)c(Cl)c2Cl)n1,C21H12BCl10NO,659.675,34,1,0,0,0,B;C;Cl;N;O,1,0,1,0,0,True
280,CCC[CH2][Al]([CH2]CCC)[C](=CN1CCN(C)CC1)[Si](C)(C)C,CCC[CH2][Al]([CH2]CCC)[C](=CN1CCN(C)CC1)[Si](C)(C)C,keep,True,True,CCC[CH2][Al]([CH2]CCC)[C](=CN1CCN(C)CC1)[Si](C)(C)C,C18H39AlN2Si,338.592,22,1,0,0,0,Al;C;N;Si,0,0,2,1,1,True
281,CC(C)(C)C=[C](Pc1ccccc1)[Al]([CH]([Si](C)(C)C)[Si](C)(C)C)[CH]([Si](C)(C)C)[Si](C)(C)C,CC(C)(C)C=[C](Pc1ccccc1)[Al]([CH]([Si](C)(C)C)[Si](C)(C)C)[CH]([Si](C)(C)C)[Si](C)(C)C,keep,True,True,CC(C)(C)C=[C](Pc1ccccc1)[Al]([CH]([Si](C)(C)C)[Si](C)(C)C)[CH]([Si](C)(C)C)[Si](C)(C)C,C26H54AlPSi4,537.018,32,1,0,0,1,Al;C;P;Si,0,1,0,1,4,True
282,C[CH2][Al]([CH2]C)[C](=CC(C)(C)C)P(CC)c1ccccc1,C[CH2][Al]([CH2]C)[C](=CC(C)(C)C)P(CC)c1ccccc1,keep,True,True,C[CH2][Al]([CH2]C)[C](=CC(C)(C)C)P(CC)c1ccccc1,C18H30AlP,304.394,20,1,0,0,1,Al;C;P,0,1,0,1,0,True
283,C[CH2][Al]([CH2]C)[C](=CC(C)(C)C)P(CC)c1c(C)cc(C)cc1C,C[CH2][Al]([CH2]C)[C](=CC(C)(C)C)P(CC)c1c(C)cc(C)cc1C,keep,True,True,C[CH2][Al]([CH2]C)[C](=CC(C)(C)C)P(CC)c1c(C)cc(C)cc1C,C21H36AlP,346.475,23,1,0,0,1,Al;C;P,0,1,0,1,0,True
284,Cc1cc(C)c(P([C](=CC(C)(C)C)[Al]([C](C)(C)C)[C](C)(C)C)c2c(C)cc(C)cc2C)c(C)c1,Cc1cc(C)c(P([C](=CC(C)(C)C)[Al]([C](C)(C)C)[C](C)(C)C)c2c(C)cc(C)cc2C)c(C)c1,keep,True,True,Cc1cc(C)c(P([C](=CC(C)(C)C)[Al]([C](C)(C)C)[C](C)(C)C)c2c(C)cc(C)cc2C)c(C)c1,C32H50AlP,492.708,34,1,0,0,0,Al;C;P,0,1,0,1,0,True
285,CC(C)(C)C=[C]([Al]([C](C)(C)C)[C](C)(C)C)P(c1ccccc1)c1ccccc1,CC(C)(C)C=[C]([Al]([C](C)(C)C)[C](C)(C)C)P(c1ccccc1)c1ccccc1,keep,True,True,CC(C)(C)C=[C]([Al]([C](C)(C)C)[C](C)(C)C)P(c1ccccc1)c1ccccc1,C26H38AlP,408.546,28,1,0,0,0,Al;C;P,0,1,0,1,0,True
286,Cc1cc(C)c(P([C](=Cc2ccccc2)[Al]([C](C)(C)C)[C](C)(C)C)c2c(C)cc(C)cc2C)c(C)c1,Cc1cc(C)c(P([C](=Cc2ccccc2)[Al]([C](C)(C)C)[C](C)(C)C)c2c(C)cc(C)cc2C)c(C)c1,keep,True,True,Cc1cc(C)c(P([C](=Cc2ccccc2)[Al]([C](C)(C)C)[C](C)(C)C)c2c(C)cc(C)cc2C)c(C)c1,C34H46AlP,512.698,36,1,0,0,0,Al;C;P,0,1,0,1,0,True
287,C[C](C)(C)[Al]([C](=Cc1ccccc1)P(c1ccccc1)c1ccccc1)[C](C)(C)C,C[C](C)(C)[Al]([C](=Cc1ccccc1)P(c1ccccc1)c1ccccc1)[C](C)(C)C,keep,True,True,C[C](C)(C)[Al]([C](=Cc1ccccc1)P(c1ccccc1)c1ccccc1)[C](C)(C)C,C28H34AlP,428.536,30,1,0,0,0,Al;C;P,0,1,0,1,0,True
288,Cc1cc(C)c(C=[C]([Al]([C](C)(C)C)[C](C)(C)C)P(c2c(C)cc(C)cc2C)c2c(C)cc(C)cc2C)c(C)c1,Cc1cc(C)c(C=[C]([Al]([C](C)(C)C)[C](C)(C)C)P(c2c(C)cc(C)cc2C)c2c(C)cc(C)cc2C)c(C)c1,keep,True,True,Cc1cc(C)c(C=[C]([Al]([C](C)(C)C)[C](C)(C)C)P(c2c(C)cc(C)cc2C)c2c(C)cc(C)cc2C)c(C)c1,C37H52AlP,554.779,39,1,0,0,0,Al;C;P,0,1,0,1,0,True
289,Cc1cc(C)c(P([C](=Cc2ccccc2)[Al]([CH2]C(C)(C)C)[CH2]C(C)(C)C)c2c(C)cc(C)cc2C)c(C)c1,Cc1cc(C)c(P([C](=Cc2ccccc2)[Al]([CH2]C(C)(C)C)[CH2]C(C)(C)C)c2c(C)cc(C)cc2C)c(C)c1,keep,True,True,Cc1cc(C)c(P([C](=Cc2ccccc2)[Al]([CH2]C(C)(C)C)[CH2]C(C)(C)C)c2c(C)cc(C)cc2C)c(C)c1,C36H50AlP,540.752,38,1,0,0,0,Al;C;P,0,1,0,1,0,True
290,CC(C)(C)[CH2][Al]([CH2]C(C)(C)C)[C](=Cc1ccccc1)P(c1ccccc1)c1ccccc1,CC(C)(C)[CH2][Al]([CH2]C(C)(C)C)[C](=Cc1ccccc1)P(c1ccccc1)c1ccccc1,keep,True,True,CC(C)(C)[CH2][Al]([CH2]C(C)(C)C)[C](=Cc1ccccc1)P(c1ccccc1)c1ccccc1,C30H38AlP,456.59,32,1,0,0,0,Al;C;P,0,1,0,1,0,True
291,Cc1cc(C)c(C=[C]([Al]([CH2]C(C)(C)C)[CH2]C(C)(C)C)P(c2c(C)cc(C)cc2C)c2c(C)cc(C)cc2C)c(C)c1,Cc1cc(C)c(C=[C]([Al]([CH2]C(C)(C)C)[CH2]C(C)(C)C)P(c2c(C)cc(C)cc2C)c2c(C)cc(C)cc2C)c(C)c1,keep,True,True,Cc1cc(C)c(C=[C]([Al]([CH2]C(C)(C)C)[CH2]C(C)(C)C)P(c2c(C)cc(C)cc2C)c2c(C)cc(C)cc2C)c(C)c1,C39H56AlP,582.833,41,1,0,0,0,Al;C;P,0,1,0,1,0,True
292,CC[C](=C(CC)P(c1c(C)cc(C)cc1C)c1c(C)cc(C)cc1C)[Al]([C](C)(C)C)[C](C)(C)C,CC[C](=C(CC)P(c1c(C)cc(C)cc1C)c1c(C)cc(C)cc1C)[Al]([C](C)(C)C)[C](C)(C)C,keep,True,True,CC[C](=C(CC)P(c1c(C)cc(C)cc1C)c1c(C)cc(C)cc1C)[Al]([C](C)(C)C)[C](C)(C)C,C32H50AlP,492.708,34,1,0,0,0,Al;C;P,0,1,0,1,0,True
293,CC[C](=C(CC)P(c1ccccc1)c1ccccc1)[Al]([C](C)(C)C)[C](C)(C)C,CC[C](=C(CC)P(c1ccccc1)c1ccccc1)[Al]([C](C)(C)C)[C](C)(C)C,keep,True,True,CC[C](=C(CC)P(c1ccccc1)c1ccccc1)[Al]([C](C)(C)C)[C](C)(C)C,C26H38AlP,408.546,28,1,0,0,0,Al;C;P,0,1,0,1,0,True
294,CN1c2c(B(c3cc(C(F)(F)F)cc(C(F)(F)F)c3)c3cc(C(F)(F)F)cc(C(F)(F)F)c3)cccc2C(C)(C)c2cccc(B(c3cc(C(F)(F)F)cc(C(F)(F)F)c3)c3cc(C(F)(F)F)cc(C(F)(F)F)c3)c21,CN1c2c(B(c3cc(C(F)(F)F)cc(C(F)(F)F)c3)c3cc(C(F)(F)F)cc(C(F)(F)F)c3)cccc2C(C)(C)c2cccc(B(c3cc(C(F)(F)F)cc(C(F)(F)F)c3)c3cc(C(F)(F)F)cc(C(F)(F)F)c3)c21,keep,True,True,CN1c2c(B(c3cc(C(F)(F)F)cc(C(F)(F)F)c3)c3cc(C(F)(F)F)cc(C(F)(F)F)c3)cccc2C(C)(C)c2cccc(B(c3cc(C(F)(F)F)cc(C(F)(F)F)c3)c3cc(C(F)(F)F)cc(C(F)(F)F)c3)c21,C48H27B2F24N,1095.327,75,1,0,0,0,B;C;F;N,2,0,1,0,0,True
295,CN1c2c(B(c3c(F)c(F)c(F)c(F)c3F)c3c(F)c(F)c(F)c(F)c3F)cccc2C(C)(C)c2cccc(B(c3c(F)c(F)c(F)c(F)c3F)c3c(F)c(F)c(F)c(F)c3F)c21,CN1c2c(B(c3c(F)c(F)c(F)c(F)c3F)c3c(F)c(F)c(F)c(F)c3F)cccc2C(C)(C)c2cccc(B(c3c(F)c(F)c(F)c(F)c3F)c3c(F)c(F)c(F)c(F)c3F)c21,keep,True,True,CN1c2c(B(c3c(F)c(F)c(F)c(F)c3F)c3c(F)c(F)c(F)c(F)c3F)cccc2C(C)(C)c2cccc(B(c3c(F)c(F)c(F)c(F)c3F)c3c(F)c(F)c(F)c(F)c3F)c21,C40H15B2F20N,911.151,63,1,0,0,0,B;C;F;N,2,0,1,0,0,True
296,CN1c2c(B(c3c(Cl)c(Cl)c(Cl)c(Cl)c3Cl)c3c(Cl)c(Cl)c(Cl)c(Cl)c3Cl)cccc2C(C)(C)c2cccc(B(c3c(Cl)c(Cl)c(Cl)c(Cl)c3Cl)c3c(Cl)c(Cl)c(Cl)c(Cl)c3Cl)c21,CN1c2c(B(c3c(Cl)c(Cl)c(Cl)c(Cl)c3Cl)c3c(Cl)c(Cl)c(Cl)c(Cl)c3Cl)cccc2C(C)(C)c2cccc(B(c3c(Cl)c(Cl)c(Cl)c(Cl)c3Cl)c3c(Cl)c(Cl)c(Cl)c(Cl)c3Cl)c21,keep,True,True,CN1c2c(B(c3c(Cl)c(Cl)c(Cl)c(Cl)c3Cl)c3c(Cl)c(Cl)c(Cl)c(Cl)c3Cl)cccc2C(C)(C)c2cccc(B(c3c(Cl)c(Cl)c(Cl)c(Cl)c3Cl)c3c(Cl)c(Cl)c(Cl)c(Cl)c3Cl)c21,C40H15B2Cl20N,1240.251,63,1,0,0,0,B;C;Cl;N,2,0,1,0,0,True
297,ClB(c1ccccc1Cl)c1ccccc1P(C1CCCCC1)C1CCCCC1,ClB(c1ccccc1Cl)c1ccccc1P(C1CCCCC1)C1CCCCC1,keep,True,True,ClB(c1ccccc1Cl)c1ccccc1P(C1CCCCC1)C1CCCCC1,C24H30BCl2P,431.196,28,1,0,0,0,B;C;Cl;P,1,1,0,0,0,True
298,Clc1cccc(Cl)c1B(c1ccccc1P(C1CCCCC1)C1CCCCC1)c1c(Cl)cccc1Cl,Clc1cccc(Cl)c1B(c1ccccc1P(C1CCCCC1)C1CCCCC1)c1c(Cl)cccc1Cl,keep,True,True,Clc1cccc(Cl)c1B(c1ccccc1P(C1CCCCC1)C1CCCCC1)c1c(Cl)cccc1Cl,C30H32BCl4P,576.184,36,1,0,0,0,B;C;Cl;P,1,1,0,0,0,True
