generated_smiles,reached_max_length
Cc1cc(C)c1,False
Clc1c(F)c(F)c(F)c(F)c(F)c1F,False
CC(C)(C)C)c(Cl)c(Cl)c(Cl)c(Cl)c(Cl)c(C)c1,False
Cc1cccc3cccc1,False
Cc1ccccccc(c34)P2c2cccc2)c2cccc2)c(Cl)c(Cl)c(Cl)c4c(Cl)c3cc(C)c1,False
CC1(C)CB(c1c(F)c(F)c(F)c(F)c(F)c(F)c2cccc2N(c2c(Cl)c(C)c(Cl)c(Cl)c1Cl,False
CC(CC)CCCC(B(c2c(F)c(F)c(F)c(F)c2F)c2F)c(F)c(F)c(B(c3cc(C)c(P(c2c(F)c(F)c(F)c(F)c(F)c(F)c(F)c(F)c(F)c3)cc1)c1c(F)c(F)c3c(Cl)c1c(Cl)c(C)c1,False
Cc1cccc3)c3c(F)c2c(Cl)c2cccc2)c2c(Cl)c2c(Cl)c(B(c1c(Cl)c(Cl)c(Cl)c(Cl)c(Cl)c(Cl)c1Cl,False
Cc1cc(C)c1,False
Clc1c(F)c(F)c(C)c1,False
Bc1ccccc3c2-c2c(Cl)c(Cl)c(Cl)c1Cl)c(Cl)c1Cl)c(C)c1,False
Cc1cc(C)cc(B(c2c(F)c(F)c3cccc2N(c2ccccccccc23)ccc2B(c2c(C)cc(C(F)(F)F)cccccc2cccc3cccc21,False
Fc1c(Cl)c2c(F)c(F)c2F)c2F)P(c2c(Cl)c(Cl)c3Cl)(c3cccc3)c3c(F)c(F)c1cc(C)cc2C)c2c(Cl)c(C)c(P(c2c(Cl)c3Cl)c(Cl)c(Cl)c2Cl)P(c1c(Cl)c(Cl)c(C)c1,False
Cc1cc(C)c(P(c2c(B(c2c(Cl)c3Cl)c1Cl)c(Cl)c(Cl)c(Cl)c(Cl)c(Cl)c(Cl)c(Cl)c(C)c1,False
Cc1cc(C(F)(F)F)cc(C)c2c(Cl)c(Cl)c(Cl)c(Cl)c(Cl)c1Cl)c2Cl)c(Cl)c1Cl,False
Fc1c(F)c(F)c(F)c(F)c(F)c2c(C)cc2C)c(P(c3cccc2B(c2c(F)c(B(C3CCCCCB(c1cccc(C)c(Cl)c(B(c2c(Cl)c3c(C)cc(C)cc(C(N2CCC(=C(B(c2c(Cl)c(Cl)c(Cl)c(C)c(P(c3c(Cl)c1c(F)c2F)c(F)c(F)c,True
Clc1c(F)c(F)c(F)c(F)c3F)cc(C)c(P(c2c(F)c(F)c(F)c(F)c(F)c(F)c(F)c2ccc3)[P+]1(c1cccc2)c2c(Cl)c(Cl)c(Cl)c(Cl)c(Cl)c3Cl)c(Cl)c(Cl)c1Cl)c(Cl)c(Cl)c(Cl)c(Cl)c(Cl)c3Cl)c1Cl)P(c,True
CCN(CC)C(CB(c1c(Cl)c(Cl)c(C)cc2C)c(Cl)c(C)c1,False
Cc1ccccc2)c(F)c1F,False
Cc1cc(C)cc(C)c1c(Cl)c3Cl)c(Cl)c(C)c(Cl)c1Cl)C1c1ccccc2-3)c2c(C)cc2C)c(P(c2c(C)cc(C)cc(C)c(N(c2cccc1)C(CB(c2c(Cl)c(Cl)c(Cl)c(Cl)c2c(C)cc2C)c2c(F)c2ccccc1B(c1ccc(C)c(C)cc(,True
CC1B(c1cccc2)cc1C,False
Fc1c(Cl)c(C)cc(C)c1,False
c1ccc2)c2c(F)c(F)c(F)c(F)c(F)c2F)c(F)c2F)C2CC(P(c2cccc3O2)cc1,False
Clc1c(F)c1F)c1c(Cl)c(Cl)c(Cl)c2Cl)c1c(F)c(F)c3c(C(C)(C)c(P(c3c(F)c(F)c1F)c1cc(C)cc(C)c1,False
Cc1ccc(P(c2c(F)c2F)c2F)C2(C)CCCCC3)c(Cl)c1Cl,False
Cc1cc(C)cc(C(=C(B(c4c(ccc(P(c2cccc2-3)c2c(Cl)c(Cl)c(Cl)c(Cl)c(C)c1c(F)c2F)c(F)c(B(Cc2cccc1B(c1c(Cl)c(Cl)c2Cl)P(c2c(Cl)c1Cl,False
Cc1cc(C)cc2C(C)(C)C)n(B(c1c(Cl)c(Cl)c1Cl)c(Cl)c(Cl)c2Cl)c(Cl)c1Cl,False
CC1(C)C)CCCCCC2)c(F)c(F)c(F)c(F)c(F)c(F)c(F)c(F)c(F)c(F)c(F)c(F)c(F)c(F)c2F)c(F)c(F)c(F)c(F)c(F)c(F)c(F)c(F)c(F)c(F)c3)ccccccc3)cc2B(c2c(C)c1,False
Cc1cc(C)c(Cl)c(Cl)c(Cl)c(Cl)c1Cl)c(C)ccccccc2B2OCC(C)(C)N(C)COCC(C)C,False
c1cc(C)c1,False
Cc1cc(C)cc2B(c2c(F)c(F)c(B(c2c(C)cc(CCCCB(c1c(F)c(F)c2c(Cl)c(Cl)c(Cl)c2Cl)c(Cl)c2Cl)c(Cl)c2Cl)C2CCCC2B(c2cccc1)CB(c1cc(-c3c(F)c(B(CCCC(B(c2c(Cl)c2Cl)P(c1c(Cl)c2Cl)c(Cl)c,True
Cc1ccc(P(c3cc(C)c1,False
Cc1cc(C)cc2C)c2cccc1B(c1c(F)c(F)c1F)c1F)(c1c(C)cc(C)cc(CB(c2c(C)c1cccc4)ccccc(P(c3c(Cl)c1Cl,False
COB(OC)c1,False
CC(C)(C)B(c2cccccc1N1C(C)(CC)C(CB(c2cccc2)c2cccccc2)c2cccc1C)c1,False
Clc1c(C)cc2C)c2cccc2P(c2c(Cl)c1Cl)P(c1c(Cl)c1Cl)C2C3CCCCCC2N2CCCC2)c(F)c(F)c(B(c1cc(C(F)(F)c(F)c(F)c(F)c(F)c(F)c(F)c(F)c2F)c2F)c(F)c1F)C(C)C1CCCC(C)CB(c2c(Cl)c(C2N(Cc3cc,True
CC(C)C)C(B(c2c(Cl)c(Cl)c(Cl)c(C=C(CP(c1c(F)c(F)c(F)c3F)c3)c3c(C(F)(F)F)cc(C)cc1C)c1,False
c1cccc2B(c2c(Cl)c3ccccc2P(c2c(F)c(B(c3ccccc(B(c3cccc2O1)C(C)CCCCC(C)(C)N1c1cc(C(=C(B(c1c(F)c(F)c(F)c2F)c2F)c2F)c2F)c2F)P(c1c(Cl)c(Cl)c2c(F)c1c(Cl)c3c(Cl)c1Cl)=C(c2cccccc,True
Cc1ccccc2)c2cccc2)c2c(Cl)c(Cl)c(Cl)c(Cl)c(Cl)c(Cl)c(B(c2c(C)cc1,False
CC1(C)c(P(C2CC(P(c2c(Cl)c2c(F)c(F)c1F,False
CC(CB(c2c(C)cc1)B(c2cccc1B(c2cccc3O2)c2c(Cl)c(Cl)c(B(c3c(Cl)c(Cl)c(Cl)c(Cl)c1Cl,False
Cc1cc(C)c1c(F)c2c(Cl)c2Cl)c(C)cc(C)c3ccccccc3C2(C)C,False
CC=C(B(c2c(Cl)c(B(CCCC3)c12)C(C)(C)CCCCCCC(C)C1CCCCB(c1cc(C)cc2C)c2c(C)c3cccccc3)c3c(C)cc2C)c(Cl)c(Cl)c(Cl)c(Cl)c(Cl)c(B2c3ccccc3C2(C)C)cc2C3(C)C1CCC2N2CCCC2)c2cccc(B(c3,True
CCN(CC)C(C)(C)C)CC1(C)c2c(Cl)c2)c2c(Cl)c(Cl)c4Cl)c(Cl)c1Cl)c(Cl)c(C)c([P+]2(c2c(F)c(F)c(F)c(F)c(F)c(F)c1F,False
Cc1ccccccc3O2)cc1,False
Cc1cc(C(=C(B(c2c(Cl)c2c(C)c1c(Cl)c(Cl)c2Cl)c(Cl)C(CB(c2cccccc23)c(Cl)c(Cl)c2Cl)n1,False
CC1(C)cc(C)c1,False
Cc1ccc(B(c1ccc(OB(c2c(Cl)c1cc(C)c(P(C(=C(B(c3c(Cl)c(Cl)c3Cl)c(Cl)c3Cl)c(Cl)c(Cl)c(Cl)c2c(Cl)c(Cl)c1Cl)C(c1ccccccc32)c(F)c(F)c(F)c(F)c3F)cc(C)c(Cl)c(C)c1ccccc2)c2cccc2)c2,True
CC(C)(C)P(B(c2cccc3c2-c2c-3cccc3B(c3cccccc3cccc(B(c3c(Cl)c1c(F)c(F)c(F)c1F,False
CC1(C)C)c(Cl)c1Cl,False
CC1B(c1c(C)cc2C)c2c(P(c2cccc1,False
Cc1cc(C)c([B-]2(c2c(Cl)c3Cl)c(Cl)c(Cl)c2Cl)n1,False
Cc1ccccc3c2-c2c-3cccc1)c1cc(C)cc(C)cc2C)C(C)(C)C)cc2C)c2c(Cl)c(C)cc2C(C)(C)c(P(c2cccc3B(c3ccccc3c2CCCC2B(c2c(C)c2c(C)c1,False
CC1(C)C2C)C(C)C,False
c1ccccc3c2-c2ccccc2P(c2c(F)c(F)c(F)c(F)c(F)c(F)c(F)c(F)c(F)c2F)c(F)c(F)c(F)c(F)c(B(c2c(C)cc(B(c2cccc2)cc(C)cc(C)c(P(CCCCC(C)(C)P(B(c2c(C)c(Cl)c1Cl,False
Cc1cc(C)c1,False
CC(C)C)CCCC2N2CCC1C[B-]2(c2cccc2)c2c(Cl)c2c(F)c(F)c(F)c(F)c(F)c1F)c1F)c1c(F)c(F)c(F)c(F)c(F)c1F)C(c3ccccc(P(c2cccccc3)C[B-](c2cccc2)P(c1cccc2)c2cccc3C)C(C)(C)C)c(P(C(C)(,True
CC1(C)c1,False
CC=C(Pc1cccccc1)CB(c2c(F)c(F)c(F)c(F)c(F)c(F)c2F)C2CCCCCC(C)P(c1c(F)c(F)c2F)c2F)c2cccccc4)c4c(F)c(F)c1c(C)cc3C)c3cccc4ccccc2)C1,False
c1cccc1B(Cl)c1cc(C(F)(F)F)c3F)c3)cc1Cl,False
Cc1cccc2)c2c(Cl)c(Cl)c(Cl)c(Cl)c(C2N(Cc3cccc2c1N(C)C1CCCC2)c2c(F)c(F)c(F)c(F)c(Cl)c2Cl)c1Cl)C2)c(F)c(F)c(F)c2F)P(c2c(F)c(F)c(F)c(F)c1c(F)c2F)c2F)C2CC(P(c2c(F)c(F)c(F)c(F,True
Cc1cc(C)c1c(F)c2F)c2F)c2c(F)c2c(C)c1,False
CC1(C)C,False
Cc1cccc1)c1c(Cl)c(Cl)c(Cl)c2c(F)c(F)c(B(c2c(F)c1F)CP(c1c(Cl)c(Cl)c(Cl)c2Cl)C2CCC1(C)C)N1c1cc(C)c1,False
Cc1cc(C)c(P(CCCC3)c(Cl)c1Cl,False
Cc1cc(C(=C(B(c1c(Cl)c(Cl)c(Cl)c1Cl)c(Cl)c(C2N(Cc3cc(C(F)(F)F)c3F)c3F)C2CCC1,False
Fc1c(F)c(F)c(F)c(F)c(F)c2F)n1,False
Cc1ccc(-c3cccccc(P(c2c(F)c3F)c3F)c3F)c3F)cccc3)[P+]2(c2c(F)c(F)c(F)c(F)c(F)c(F)c(F)c(F)c(F)c(F)c(F)c(F)c1c(F)c(F)c(F)c(B(c2cccc2B(c2c(Cl)C2CCCC2B(c2c(F)c1c(F)c(F)c(F)c1F,True
Cc1ccccccc21,False
Cc1cc(C)c1,False
Cc1cccccc2)c2c(Cl)c(C)c(Cl)c1cc(C)cc(C)cc(C)c(Cl)c(Cl)c(Cl)c(Cl)c2cc(C)cc(C)c(N(C)C)CCCC(C)(CC)c2c1cc(C)cc2C)c(C(N2CCC1C(c1c(Cl)c(Cl)c(C)c(N(c2cccc3C2(C)CB(c1ccccc2B(c1c,True
CC(=C(B(c2cc(-c3c(F)c(F)c(F)c(B(c2c(Cl)c(Cl)c(C)cc2C)c(P(c3cccccc2P(c2c(Cl)c4c(F)c(F)c(F)c(F)c1F,False
CC1(C)COCC(C)(C)N1c1cc(C)c3c(C)c(N(c2cc(C)cc(C)c1,False
CN(CC)c2Cl)c(C)cc1C,False
CC(C)C[B-]2(c2c(C)c(B(c2c(Cl)c(Cl)c(Cl)c(Cl)c(Cl)c(Cl)c2Cl)P(c1ccc(B(c2cccc1)c1c(Cl)c1Cl,False
CC(=C(B(c3c(Cl)c(Cl)c1Cl)c(Cl)c(Cl)c(Cl)c(C(F)(F)F)cccc2c1Oc1c(Cl)c3Cl)c(Cl)c(C)c(Cl)c(Cl)c(Cl)c1P(C(=C(B(c4cccccn2)c2c(F)c(F)c(F)c(F)c(F)c(F)c2F)c(F)c(F)c(F)c(F)c(F)c(F,True
Fc1c(Cl)c(Cl)c(Cl)c(Cl)c(Cl)c(C)c1c(Cl)c2Cl)c(Cl)c2Cl)c2Cl)c(Cl)c(Cl)c(Cl)c(Cl)c(Cl)c(Cl)c(Cl)c(Cl)c(B(c2cccc(P(C2=CC(c3c(F)c(F)c(F)c1c(Cl)c1c(F)c(F)c(F)c(F)c(F)c(F)c(F),True
Cc1ccc(-c3cccc3c2-c2ccccc2)c2cccc3)[P+]1(c1c(F)c(F)c(F)c(F)c(F)c(F)c(F)c2F)n1,False
Fc1c(Cl)c(Cl)c(Cl)c(Cl)c(Cl)c(Cl)c2Cl)c2c(F)c(F)c(F)c(F)c1F,False
Cc1cccc2-3)c21,False
CC(C)(C)C)c(N(c2c(F)c4F)ccccc2C)c2ccc3)c3c(F)c(F)c(F)c(F)c(F)c(F)c(F)c(B(c2c(Cl)c(Cl)c(Cl)c(Cl)c1Cl)c(B(CCP(c1ccccc2)c2cccc2)c(F)c(F)c(F)c(F)c2F)N2CCC1(C)C,False
Fc1c(C)cc(C)cc2C(C)(C)B(c1c(F)c2c(F)c(F)c1c(Cl)c(Cl)c2Cl)c2c(Cl)c4Cl)c(Cl)c(Cl)c(C)cc1,False
Clc1c(Cl)c(Cl)c(Cl)c(Cl)c(Cl)c(Cl)c(Cl)c3Cl)c(Cl)c(Cl)c2c(Cl)c2c(Cl)c(B(C2=C3CCCCC2)C2CCC1,False
Cc1cccc2)C1,False
CC(B(c2c(Cl)c3Cl)c2Oc2cccc3B(c3c(F)c1ccc(c34)P2c2c(F)c2c(Cl)c(Cl)c2Cl)c2Cl)c1Cl)c(Cl)c(C)cc(C)cc2C)c(BP(c2ccccc(P(CCCCCCC3)c(Cl)c(Cl)c(C)cc(C)cc(C)cc2C)c2c(F)c(F)c(F)c(F,True
Cc1cccc21,False
Cc1cc(C)cc4C)c2P2CCCC1(C)C)C(B(c3c(F)c(F)c(F)c(F)c(F)c(F)c(F)c(F)c(F)c(F)c2F)c2c(C)cc(C)cc(C(=CCB(c2cccc2B(c2c(Cl)c(Cl)c(Cl)c(Cl)c2Cl)c(Cl)c(C)c1,False
Cc1cc(C)c1,False
Cc1ccccc2B2Oc3ccccc3c2oc2c(Cl)c(Cl)c(Cl)c(C)cc1C,False
Cc1ccc(B(c2ccccc2P(c2c(Cl)c(Cl)c2Cl)c2)c2c(C)c1,False
Cc1cc(C)c1,False
Cc1ccc(OB(c2cccc3B(c3c(F)c2F)c21,False
Cc1cc(C)c1,False
Cc1cc(C)cc(C)c([P+]2(c3cc(C)cc3C)c3c(F)c(F)c(F)c(F)c(F)c2F)c2c(F)c(F)c(Cl)c(B(CCC(C)CCCC2)c(Cl)c(Cl)c1Cl)c(Cl)c3Cl)c2Cl)c2Cl)c(Cl)c(Cl)c(Cl)c(Cl)c(Cl)c(C2CCCC(C(C)(C)N1c,True
Cc1cc(C(N2CCC1C(c1cc(C)cc2C)c2c(Cl)c2Cl)c(Cl)c(Cl)c(Cl)c(Cl)c1c(F)c(F)c(F)c(F)c1F)c1F)(c2c(F)c(F)c1c(C)c(Cl)c(Cl)c(B(c2c(F)c(Cl)c(Cl)c(Cl)c(Cl)c(Cl)c(Cl)c2Cl)c(Cl)c(Cl)c,True
Clc1c(Cl)c(Cl)c(Cl)c1Cl)c(Cl)c1Cl,False
Cc1cc(C)cc(C)cc3C)c2P2CCB(c1c(F)c(F)c(F)c(F)c(F)c(F)c(B(c2c(F)c(F)c(F)c2F)N2CCCC2)c(Cl)c(Cl)c(C2N(Cc3cccccccc3c2oc2c(C)cc(C)cc(B3c4cccc2c1N(C)cc(C)c1,False
CC(CCP(c1c(F)c(F)c(F)c(F)c(F)c(F)c2c(Cl)c3c(F)c(F)c(F)c(F)c(F)c2c(F)c(F)c(F)c(F)c(F)c(F)c(F)c2F)C2(c2cccc2cccc1,False
Cc1ccccc2-3)c2ccccc3)c3c(Cl)c(Cl)c(Cl)c(Cl)c(Cl)c2cccc1)C2(c2c(C)c(P(c5ccccc2c1ccccc3c2CCCC3C(c3c(C)cc(C)c(Cl)c(Cl)c(Cl)c(Cl)c(Cl)c(Cl)c(Cl)c2Cl)c(C)c(P(c4c(F)c2F)c2c(Cl,True
Cc1cccc2)c2c(Cl)c(Cl)c2c(C)cc2C)C2CCCCB(c1cc(N(c2c(F)c(PC(=CCB(c2c(B(c3c(F)c3F)c3c(C(F)(F)F)cccc3B(c3c(F)c(F)c(F)c(F)c(F)c(F)c(F)c3F)C(C)C1CCCC(C)(C)N1C(C)C,False
FC(F)(F)F)c3c(Cl)c(Cl)c1c(F)c2F)c1F)c1F)=C(c2c(C)c([P+]2(c2cccccc1,False
CC(C)(C)C,False
CC(CC)c2ccccccccc3B(c3cccc2O1)C(C)C,False
Cc1cc(N(C)cc(C)c1,False
CC(C)(C)C,False
Cc1cc(C)c(Cl)c(B(Cc2cccc1)N1Cc1cccc1B(c1cccc3c2-c2cccc2c1N(C)cc(C)c1,False
Cc1cc(C)cc(C)cc(C(F)(F)F)cccccc2)c2c(C)c1,False
Cc1cc(C)c1,False
Cc1cc(C)cc2C)c(Cl)c(Cl)c1c(F)c1F)CP(c1c(F)c(F)c(F)c(F)c(F)c2F)c2F)c(F)c(F)c(F)c(F)c1)C2B(c2c(Cl)c2Cl)c(Cl)c(Cl)c1ccccn2)c2c(F)c(F)c(F)c(F)c(Cl)c2c(Cl)c3Cl)c4Cl)c(C)cc(C),True
CC(C)C)N1Cc1cccc2)c(F)c(F)c1F)c1F,False
Fc1c(Cl)c(Cl)c(Cl)c2Cl)c(C)cc(C)c(Cl)c(Cl)c(Cl)c(Cl)c(Cl)c(Cl)c(B(c3c(Cl)c(Cl)c(Cl)c(Cl)c1c(F)c(F)c(F)c(F)c(F)c(B(c2c(Cl)c(Cl)c(Cl)c(Cl)c(C)ccccc3O2)cc1C,False
CC(C)C,False
Fc1c(F)c(F)c(F)c2c(C)cc2C)c2c(Cl)c2Cl)c(C)cc1,False
CC=C(B(c1c(Cl)c2Cl)c(C)c1,False
Cc1cc(C(N2CCCCCC1)C2B(c2c(B(c2ccccc2B(c2ccccc3)C3CCCC2)cc1,False
Fc1c(Cl)c2Cl)c(Cl)c(Cl)c(Cl)c(Cl)c(Cl)c(C(F)(F)F)cccc2cccc12,False
Cc1cc(C)cc3C2(C)C)c(C)cc(B(c2c(Cl)c(Cl)c(Cl)c(Cl)c(Cl)c1c(C)cc2C)c([P+]2(c2c(F)c(F)c(F)c(F)c(F)c(F)c2F)c1F,False
CC(C)C,False
CCN(CC)C(B(c2cc(C)cc2C)c2cccc2)c2c(Cl)c(Cl)c(Cl)c(C)c2c(C)c1,False
Fc1c(F)c(F)c1F,False
CC(CCP(c1c(C)cc(C)c1,False
CC(C)(C)C)c(Cl)c(Cl)c(C)c1,False
CC(C)cc(C)c(B(c2ccccc1N(Cc3ccccccc2P(c2c(Cl)c2Cl)c(Cl)c(Cl)c3c(C)cc(C)c(P(c4c(F)c(F)c1c(Cl)c2c(C)cc4C)c2cccc3O2)c2cccccc3)C=C(CP(c1c(Cl)c(Cl)c(Cl)c1Cl)c(Cl)c(C)cc(C)cc(C,True
Clc1c(F)c2cccc1,False
Bc1cc(C)cc2C(C)CB(c2c(C)c2Cl)c4c(F)c(F)c(F)c(F)c(F)c(Cl)c(Cl)c(B(c1c(Cl)c(Cl)c(Cl)c(Cl)c(Cl)c(Cl)c(C)cc2C)c2cccc1)B(c2c(Cl)c2Cl)c(Cl)c(Cl)c3c(F)c(F)c(F)c4c(F)c(F)c(B(c1c,True
CC(=CCB(c2c(F)c3c(Cl)ccccc1,False
Cc1cccc3)c(Cl)c1c(F)c(F)c2c(C)cc(C)c1,False
Cc1cccc3c2oc2c(Cl)c(B(Cc2cccccc(C(F)(F)F)cccc2P(c2c(Cl)c2C)c(P(c2cccccc1,False
Cc1cc(C)c(C)c1,False
CN1c2c(F)c(F)c(F)c(F)c2cc(C)cc(C)c(Cl)c(Cl)c1cc(C)c1c(Cl)c(Cl)c(Cl)c(Cl)c2Cl)c(Cl)c(Cl)c(Cl)c(Cl)c2Cl)c3Cl)c1Cl,False
Cc1cccc1,False
Cc1cccc2)C1,False
Cc1cccc3)C[B-](c3c(C)c1,False
CC1(C)COCC(C)P(c1c(F)c2c(Cl)c(Cl)c(Cl)c2Cl)c2cccc3c2-c2cccccc3)c3c(F)c2F)c2c(Cl)c(Cl)c(C)cc1C)c1,False
Cc1cccc1B1Oc2cccccccc(B(c3c(C)c1cc(C)c(N(C)C)C(CCP(CCC(C)c(Cl)c(C(N2CCC1C[B-]2(c2ccc(B(c3c(Cl)c1Cl)c4c(F)c3F)CC(c3c(C)c(Cl)c(Cl)c(Cl)c3c(F)c(F)c1F)c1F)(c1cc(C(F)(F)F)ccc,True
Clc1c(F)c(F)c(F)c(F)c(F)c(F)c(F)c1F)c1F,False
Cc1ccc(B(c2ccccccccc1B(c1c(F)c(F)c(F)c(Cl)c(Cl)c(Cl)c(Cl)c3c(F)c(F)c(F)c2F)P(c1cc(C(=C(B(c2c(Cl)c(Cl)c(Cl)c3Cl)c(Cl)c(Cl)c(C)c(P(c4c(C)c(Cl)c(C)c(P(C(C)(C)C,False
CC1(C)C,False
Fc1c(C)cc2C)c(C)c(Cl)c(Cl)c1ccc(c34)P2c2ccccc(P(c2c(Cl)c(Cl)c(Cl)c(Cl)c(Cl)c(Cl)c(Cl)c(C)c(Cl)c(C2N(Cc3cccc2C)c(Cl)c(Cl)c(Cl)c(Cl)c(Cl)c2c(C)cc3C)C(B(c2c(Cl)c(Cl)c(Cl)c(,True
Cc1cc(C(F)(F)F)cccc1)c1c(F)c(F)c(F)c(F)c(F)c(F)c(F)c21,False
CC1(CC)(C)P(c2c(Cl)c(C)c(P(CCB(c2c(Cl)c(Cl)c2Cl)c2Cl)c2Cl)c1Cl,False
Fc1c(F)c(F)c(F)c(F)c(F)c1cc(C)c(P(c4ccccc3N(Cc2cccc2)c2c(F)c3cccc2)c2c(C)cc(-c3cccc4cccc2)c2ccccc(C)cc2C)c2cccc2)N2CCCCC1)C1CCC2)C(C)C)n(B(c3c(Cl)c(Cl)c2Cl)c(Cl)c(Cl)c1c,True
CN1c2c(C)cc1C)c1,False
Cc1cc(C)c2c(Cl)c(Cl)c(Cl)c(Cl)c(Cl)c(Cl)c(C)cc(C)cc1C)B(c1c(Cl)c4Cl)c1Cl)c(Cl)c(Cl)c1Cl)c(Cl)c(Cl)c(Cl)c(Cl)c(Cl)c(Cl)c3Cl)c(Cl)c(C=C(CP(c1c(F)c(F)c(F)c(F)c2c(F)c(F)c(F),True
CCN(C)C1CCC2B(c2c(Cl)c(Cl)c1Cl)c(Cl)c(Cl)c(Cl)c(C)cc(C)cc(C)c1,False
Cc1cc(C)cc(C)c(Cl)c1P(c1cccccccc2B(c2ccccc2P(c2ccc3)c3c(F)c(F)c1F)c1F)c1F,False
CC(C3)C3CCC(C)(C)P(c1c(Cl)c2c(B(C2=CC(c3c(F)c1c(F)c(F)c(F)c1F)c1)c1c(Cl)c3Cl)c(Cl)c(Cl)c(Cl)c(Cl)c(Cl)c(Cl)c(Cl)c(Cl)c(C)c1cc(C(C)(C)c(B(c1c(Cl)c(Cl)c(Cl)c2Cl)C2C3CCC(C),True
Cc1cc(C)c1,False
Cc1cc(C)cc(C)c(N(c2c(Cl)c(Cl)c(Cl)c(Cl)c1cccc2)c2ccccc2c1Oc1c(F)c(F)c2c(F)c(F)c(F)c(F)c(F)c2F)c(F)c(F)c2F)N2CCCC(B(c3c(F)c2F)C2(C)CB(c2c(Cl)c2Cl)c(Cl)c(Cl)c1ccccc(c34)P2,True
CC(C)P(CB(c1cccc2N3Cc2ccccc(OB(c2c(Cl)c(Cl)c(Cl)c(Cl)c(Cl)c(Cl)c(Cl)c3Cl)c1Cl,False
Cc1cc(C)c1,False
CC(C)(C)C1CCCC(C)(C)N(Cc3cccc4)c23)c(C(F)(F)F)c1F)c1F,False
CC(C)(C)P(c2c(F)c(F)c2F)c2c(F)c(F)c(F)c(B(c3c(Cl)c(C(=C(B(c2c(C)cc2B(c1c(F)c(F)c(F)c(F)c(F)c(F)c1F,False
Cc1ccc(C)cc1)c1c(Cl)c(Cl)c(Cl)c(Cl)c2cccc1,False
CC(C)C)C(C)(C)C=C(CP(c1c(F)c(F)c(F)c(F)c2c(C)cc2C)c(Cl)c(Cl)c2Cl)c(Cl)c1Cl)c1c(Cl)c2c(Cl)c(Cl)c2c(C)c(Cl)c(Cl)c(Cl)c(Cl)c2c(F)c2ccccc2)cc1,False
CC1(C)c1,False
Fc1c(Cl)c(Cl)c(Cl)c2Cl)c(Cl)c2cccc2B(c2c(F)c(F)c(F)c(F)c2F)c2F)P(c2c(F)c(P(c2c(Cl)c2Cl)c(Cl)c(Cl)c(Cl)c(Cl)c(Cl)c3Cl)c1Cl)c(Cl)c(Cl)c1Cl)c(Cl)c2Cl)c1Cl)c(C2CCCC2N2CCCC2(,True
CC(=C(B(c3c(Cl)c(C)c(Cl)c3Cl)C2CCCC1,False
CC1(C)C)CCCCC2)C(C)C1CCCC2P(c2c(F)c(F)c(F)c(F)c(F)c(F)c2c(C)c(C(C)(C)cc1C2(C)c(Cl)c(Cl)c1c(Cl)c(C(=C(B(c3c(F)c1F,False
Cc1cc(C)c(Cl)c(Cl)c1Cl,False
CC(=C(B(c3c(Cl)c(Cl)c1Cl)c2ccccc3)cc1C)c1,False
Cc1cc(C)cc(C)cc2C)c2cccc(B(c4cccc2)c(F)c(F)c(B(c1c(Cl)c(C(F)(F)c(F)c2c(F)c(F)c(F)c(F)c(F)c(F)c(F)c(F)c2c(F)c(F)c(F)c2cccc3c2-c2c(Cl)c4Cl)c2c(F)c1F)c1F)=C(c1c(F)c(F)c(F)c,True
Cc1cc(C)c2c(Cl)c(B(c3cccc32)c(F)c(F)c3F)c3F)C2CCCCC2)C(C)(C)B(c1c(Cl)c(Cl)c(Cl)c(Cl)c1Cl,False
CC(B(c3cccc2)C1,False
Cc1ccc2N(Cc1cccc2P(c2c(Cl)c(Cl)c(Cl)c(Cl)c(Cl)c(Cl)c3Cl)c2Cl)c(Cl)c(C)cc2C3(C)C=C2B(c2c(F)c(F)c3)cc2C)c(P(c3c(F)c(F)c2F)c(F)c(F)c(F)c(F)c(F)c(F)c(F)c2c(C)cc2C)c2c(Cl)c(C,True
Cc1ccc2)c2c(F)c(F)c(F)c(F)c1F)CP(c1c(F)c(F)c(F)c(B(c2ccccccc(B(c3c(F)c(F)c(F)c(F)c(F)c(F)c(F)c(F)c(F)c(F)c(F)c(F)c(F)c(Cl)c(Cl)c1Cl,False
Cc1cccc(C)cc2C)c2cccc2)c2c(Cl)c(Cl)c(Cl)c3cccc3)c3cccc2)c2c(Cl)c(Cl)c(Cl)c3Cl)c3Cl)c1Cl,False
Cc1cc(C)c1,False
Clc1c(F)c(F)c1F)=C(c2c(C)cc(-c3ccccn2)c2c(Cl)c1cc(N(c2cccc2)c2c(F)c(F)c(F)c(F)c(F)c(F)c(F)c(F)c(F)c(F)c2F)c2c(F)c(F)c(F)c(F)c(F)c(F)c(F)c(F)c2c(Cl)c(C)cc2C)c2c(F)c(F)c(F,True
CC(C)(C)N1c1cc(C)cc1C)c1c(F)c(F)c1F)c1F)c1F)c1)c1c(C)cc(C(C)C)C(C)C)cc(-c3cccc2)c2c(B(CCCC1(C)C,False
ClB(c1cc(C)cc2C)c(B(c2c(F)c(F)c(F)c(F)c3F)cccc4-c4cccc23)c(Cl)c(Cl)c2Cl)c(Cl)c(C)cc(C)cc2C)C2C3CCC(C)C)cc(C)cc(C)cc3C2(C)CCCCC2P(c2c(Cl)c(Cl)c(C)cc(C(F)(F)F)cc(C)cc1C)c1,True
Cc1cccc2C)c(Cl)c(Cl)c2c(Cl)c1Cl)c(Cl)c(Cl)c(C(CB(c2c(Cl)c2Cl)c(Cl)c(Cl)c(Cl)c2c(B(c4c(F)c3F)c(F)c(F)c(F)c(F)c(F)c(F)c(F)c(F)c(F)c(F)c(F)c1F)C(P(c2c(B(c2c(C)c3c(Cl)c(Cl)c,True
Cc1ccccc3)c3c(F)c(B(c3c(F)c(F)c(F)c(F)c1c(Cl)c1c(F)c1F,False
Cc1cc(C)c(P(C(=C(B(c3cccc3B(c3c(C)cc1,False
Cc1ccccc2)c(Cl)c(Cl)c(Cl)c(Cl)c3Cl)c(Cl)c(C)cc2C)c2c(Cl)c1Cl)c(Cl)c(Cl)c(Cl)c(B(c1c(Cl)c(Cl)c1Cl,False
Cc1cc(C)cc(C)c(Cl)c(Cl)c(C)cc2C)c(Cl)c2Cl)c(C)c2c(F)c(F)c(F)c2F)n1,False
CC=C(Pc1cc(C)cc(C(=C(B(c3c(C(F)(F)F)ccccc2)c2cccc2P(c2c(F)c(F)c1P(C(C)CCC2)c(F)c(F)c(F)c(F)c(F)c(B(c1cc(C)c1,False
c1ccc(B(CCP(C(=C(B(c3c(F)c(F)c(F)c(F)c2F)n1,False
Fc1c(Cl)c1Cl,False
Clc1c(C)cc(C)cc(C)cc1C,False
CCN(CC)CCCCCB(c1c(Cl)c(Cl)c(Cl)c(Cl)c3Cl)C(C)(C)c(P(c5cccc2B(c1c(F)c2c(P(c2c(C)cc(C)cc2C)c2c(F)c(F)c(F)c(Cl)c(Cl)c(Cl)c(Cl)c(C)c(P(c2c(Cl)c(Cl)c(Cl)c(Cl)c(Cl)c(Cl)c(C)c(,True
CC(C(CB(c2c(F)c(Cl)c3Cl)c(Cl)c(Cl)c(C)cc3C)c2cccc(B(c3cccccc2B(c2cccc2P(c2c(F)c(F)c(F)c(F)c1F)C(P(c4cccc(P(c2c(F)c(F)c(F)c3cccc2c1N(C)c(P(c2c(F)c(F)c1F)C(C)(C)N1C(C)(C)N,True
CC(C)P(CB(c1c(Cl)c(Cl)c2Cl)P(c2cccc2)c2ccccc1)c1ccc(P(CCB(c2c(F)c3cccc3)C[B-]2(c2c(F)c4F)cc(C(F)(F)F)c3F)c3F)CCCC1C[B-](c3c(F)c2cc(C(C)(C)c1,False
CC(C)P(c1c(Cl)c(Cl)c(C2C=C(Pc1cc(C)cc2C)c([P+]1(C(CB(c1c(C)cc2C)c2c(C)cc3C)=C3CCCCC3C(c3cc(C)c2c(C)c1,False
CC(C)C)N1Cc1cc(C)cc(C)cc2C3(C)C2CCCC2(C)c(Cl)c(C)cc1C)c1,False
Cc1cccc1P(C1CCCCC2)C(CCP(CCB(c1c(c2P(c2c(F)c(F)c2F)c(F)c(F)c(F)c(F)c3)c3ccccc2)OC1(C)c2cc(C)cc(C)c1,False
CC(C)(C)cc(C)c2c(Cl)c(Cl)c(Cl)c(Cl)c(C)c1c(F)c(F)c1F,False
CN1c2c(Cl)c(Cl)c(Cl)c(Cl)c(Cl)c(C)c1c(Cl)c(Cl)c1Cl)P(c2c(Cl)c1Cl)P(c2cccc4)c23)c(Cl)c(Cl)c(Cl)c(Cl)c(Cl)c(Cl)c(Cl)c(Cl)c2c1N(C)C)cc2C)cc3C)C(C)(C)[P+]1(C(C)(C)P(c1c(F)c(,True
CC(C)P(c2cccc1)C2B(c2c(Cl)c2Cl)c(Cl)c(Cl)c(Cl)c(Cl)c(C)cc2C)c(P(CCB(c1c(F)c(F)c(F)c(F)c(F)c(F)c2c(Cl)c(Cl)c3c(F)c(F)c(F)c(F)c(B(c2c(C)c(P(c4c(Cl)c2Cl)C2(c2cccccc2)c(F)c(,True
Cc1ccccc3)C[B-](c3c(F)c(F)c(F)c(F)c(F)c2c(C)c(-c2c-3cccc2P(C2=C3CCCC2)C(C)(C)C)B(c2c(F)c(F)c(F)c(F)c2c(C)c1,False
CC(C)(C)B(c1ccc(OB(c2ccccccc3)C=C2B(c2cccc3B(c3c(Cl)c(Cl)c(C)cc(C)cc(C)c2cccc3N(Cc3cccc1B(c1cccc3C2(C)cc3C)c2c(Cl)c(Cl)c(Cl)c1Cl,False
Cc1cccc2)c2c(C)cc3C)c3c(F)c1c(F)c(B(Cc2ccccccc2)c2c(Cl)c(Cl)c2Cl)c(Cl)c(Cl)c2C)c2c(Cl)c(C)cc1,False
Cc1cc(C)cc(-c3ccccc23)c(C)cc1C)c1,False
CC(C)C)cc(C(=CCB(c1c(Cl)c(B(c4c(Cl)c(Cl)c(Cl)c3cccc(B(c2c(Cl)c(Cl)c1Cl,False
Fc1c(F)c(F)c(F)c3c(F)c(F)c(F)c2c(F)c(F)c(F)c(F)c(F)c1F,False
Cc1cc(C)c(P(c2c(Cl)c1Cl)c(C)cc2C)c2c(Cl)c(Cl)c2Cl)c(Cl)c(Cl)c(Cl)c(Cl)c(Cl)c(Cl)c(Cl)c(C)cc(C)cc2C)c(B(c2c(F)c(F)c(F)c(F)c(F)c2F)c(F)c(F)c(F)c(F)c3ccccc3c4c(F)c2c(Cl)c(C,True
CC(C)(C)CB(c2c(F)c3F)C2CCCC2)c(F)c(F)c(F)c(F)c(F)c(F)c(F)c(F)c(F)c(F)c(F)c1F,False
Cc1ccc(P(c3c(Cl)c(Cl)c(B(c2cccc2N3Cc2cccc2N(Cc3ccccc3c2-c2cccc3B(c3cccc2c1-c1c(Cl)c(Cl)c(Cl)c2Cl)C(c3c(Cl)c(Cl)c2cccc3)cc2C)c(P(CCB(c2c(F)c(F)c(F)c(F)c(F)c(F)c(F)c(B(c2c,True
CC(C)(C)P(c1cccccc3B(c3c(F)c(F)c(F)c(F)c1F,False
Bc1ccccc3C)c(B(c2c(F)c(F)c(F)c(F)c1c(Cl)c2c1-c1c(F)c(F)c(F)c(F)c(F)c(F)c2F)C2CCC1(C)COCC(C)(C)N(C)C)CCCC(C)(C)C)N1C(C)(C)P(CB(c1c(F)c4F)c4F)cc(C)c1,False
c1cc(C)c1,False
Cc1cc(C)cc(C)c1,False
Cc1cccc4)c23)c(C)c(Cl)c3c(Cl)c3Cl)c3cccccc2)c(F)c(F)c2F)ccccc21,False
Fc1c(F)c(F)c(F)c(F)c(B(c2cc(C)cc(C)cc(C)c(Cl)c(Cl)c(Cl)c2Cl)c1c(F)c(F)c(F)c(B(c4c(Cl)c(Cl)c3Cl)c(C)c1,False
CC1(C)C,False
CC(C)(C)C,False
CC1(C)C)cccc2N(Cc3ccccc2)C1,False
CC(C)N1Cc1cc(C)cc2C)C2CCCC1(C)CCCCCP(c1c(F)c2ccccc2N3Cc2ccccccc(B(C(=C(B(c3c(Cl)c(Cl)c3c(Cl)c(Cl)c2cccc2-3)c2cccc(C)cc(C)c1,False
Cc1cccc2)c2cccc1)CB(c2c(F)c(F)c(F)c(F)c(F)c(BP(c2c(F)c(F)c(F)c1F)c1F)CP(c2cccc32)c(Cl)c(Cl)c1Cl,False
CCC1C[B-](c1c(Cl)c3cccc1)c1cccc3C2(C)C)n(B(c2c(F)c(F)c2c(C)cc2C)c(Cl)c(Cl)c2Cl)c(C)cc(C)cc1C,False
CC(C)C)B(c2c(F)c(F)c(F)c(F)c(F)c(F)c(F)c(B(c1c(F)c([P+]1(c1c(Cl)c(Cl)c(Cl)c(Cl)c(Cl)c(Cl)c(Cl)c(Cl)c2Cl)c(Cl)c2Cl)c(Cl)c(Cl)c(Cl)c3Cl)c(C)cc(C(F)(F)F)c1F,False
CC1(C)cc(C)c1c(F)c(F)c(F)c(F)c(F)c(F)c(F)c(F)c(F)c(F)c(F)c(F)c(F)c3F)c3c2CCCC3)c2c(Cl)c(Cl)c2Cl)P(c2c(F)c(F)c1)C(CB(c1cc(C)cc(C(F)(F)F)c1)C2B(c2cccc32)c(C)cc(C)cc(C)c1,False
Fc1c(F)c2c(F)c(F)c(F)c(F)c(F)c(F)c(F)c2F)n1,False
Clc1c(F)c(F)c(F)c3F)c3F)ccccc3)c2c(C)c2c(Cl)c(Cl)c(Cl)c(Cl)c3Cl)[P+]1(C(C)(B(c2c(Cl)c(Cl)c(Cl)c2ccccc1,False
Cc1ccc2)P(c2cccc4)c4c(Cl)c(Cl)c1Cl)C2CCCCCC2P(c2c(Cl)c2c(C)cc2C)c(Cl)c(Cl)c(B(c2cccc3cccc1)P(c1c(B(c3c(F)c(F)c(F)c(F)c(F)c(F)c(F)c(Cl)c1Cl)c(Cl)c(Cl)c2c(Cl)c(Cl)c(Cl)c2C,True
CC1(C)c1c(F)c2cccc4ccccc1)c1cccc(C)c1c(F)c(F)c3c(C)cc(C)cc2C)c(Cl)c(Cl)c(Cl)c(Cl)c(Cl)c(Cl)c(Cl)c(Cl)c(Cl)c(C)cc(C)c(Cl)c(Cl)c(Cl)c(Cl)c3c(F)c(F)c(F)c(F)c(F)c(F)c(F)c2F),True
CC(C)(C)C)cc1)P(c1c(C)cc2C)c2ccccc2)c2cccc2B2Oc3cccc1)B(c2c(F)c1)CB(c2c(Cl)c(Cl)c(Cl)c(Cl)c(Cl)c2Cl)c1Cl,False
Cc1cccc2)C1,False
Clc1c(F)c(B(c3c(F)c(F)c(F)c(F)c(F)c4cccc3)c3cccc1P(c1c(C)c1,False
Fc1c(F)c(F)c1F)CP(c1c(Cl)c(Cl)c2Cl)c(Cl)c(C)cc1)c1c(F)c2F)c2F)[P+]2(c3c(F)c(F)c(F)c(B(c3c(F)c(F)c2cccc2)c2c(Cl)c(C)cc2C)c(BP(c2c(F)c(F)c2F)C2CC(P(c2cccc3C)C(B(c2c(Cl)c(C,True
CC(C)(C)C,False
Cc1ccc(C)cc(C)cc(C)cc(B(c1c(Cl)c2cc(C)cc(C)c1,False
Clc1c(Cl)c(Cl)c(Cl)c(Cl)c(Cl)c(Cl)c(Cl)c(Cl)c(Cl)c1Cl)c(Cl)c2Cl)CP(c1c(Cl)c(Cl)c(Cl)c3Cl)c(Cl)c(Cl)c(Cl)c1Cl)c(C)c1,False
Cc1cc(C)c(P(c2cccccc3)c3c2-c2cccc2)c2c(F)c(F)c1F,False
CC(C)(C)N1Cc1cc(C)c(Cl)c(C(F)(F)F)cc(C)c1,False
CC(C)(C)C)B(c1c(Cl)c(Cl)c2c(C)cc2C)c2ccccc1,False
CC(C)C2CC(P(c2c(C)c(Cl)c(Cl)c1Cl)c(Cl)c(Cl)c(Cl)c2c(C)cc2C)c(Cl)c(Cl)c(Cl)c1c(F)c(F)c(F)c(F)c(F)c(F)c(F)c(F)c(F)c2F)c(F)c(F)c(F)c(F)c(F)c2c(F)c(F)c(F)c(F)c1F,False
Cc1cccc2C)c2P2CCCC2N2CCCC2N2CCCC3C(c3c(F)c(F)c(F)c(F)c(B(c2ccccc2N(c2c(F)c(F)c(F)c(Cl)c(C)c(P(c2c(F)c(F)c(F)c(F)c(F)c(F)c1F)c1F,False
Clc1c(F)c(F)c3)c3c(Cl)c(B(Cc2cccc2)CCCC3)c2c(F)c(F)c2F)c2F)c2ccccc2P(C2=CC(c3cccc4)c23)c(Cl)c(Cl)c(Cl)c1c(F)c(F)c2c1Oc1c(Cl)c1Cl,False
Cc1cc(C(F)(F)F)cccccc3)c3cccccc(B(c3ccccc2B2OCC(C)(C)[P+]2(c2cccc3c2-c2c-3cccc(c34)P2c2c(C)c(Cl)c2Cl)c(Cl)c3Cl)c1Cl,False
Cc1cc(C)cc(C)cc2C)c(-c2cccc3c2-c2c-3cccc1,False
Clc1c(C)cc2C)c(Cl)c(Cl)c(Cl)c1c(Cl)c(Cl)c2c(C)c(P(C2=CC(C3)C2P(c2c(Cl)c(Cl)c(Cl)c2Cl)c2Cl)n1,False
Cc1ccccc1)c1c(C)c(Cl)c(Cl)c(C)cc2C)c(Cl)c3ccccc2)c2c(Cl)c(C)cc1)c1c(F)c3)c3c(Cl)c2cccc1B(c1c(C)c1c(Cl)c2cccc3)c3cccc2)cc(C)c1,False
Cc1ccc(c34)P2c2c(Cl)c(Cl)c1Cl)c(Cl)c(Cl)c3Cl)c(Cl)c2Cl)c(Cl)c(Cl)c(Cl)c(Cl)c1P(C1CC(C)C,False
Cc1cc(C)cc(C(C)(C)c(Cl)c(Cl)c2Cl)n1,False
CC1C(c1c(F)c(F)c(F)c(Cl)c(Cl)c(Cl)c(Cl)c(Cl)c(Cl)c1c(F)c(F)c2F)cc(-c2cccc3B(c3c(F)c2cccc2)c2c(Cl)c(Cl)c(Cl)c(B(c2c(F)c(F)c(F)c(F)c(F)c(F)c(F)c(F)c(F)c(F)c(F)c(F)c1)C(C)(,True
CC(C)(C)CCCCCC(C)C)cc1,False
Cc1cccc3)c3c(C)c1,False
CC(C)(C)c1,False
CC(B(c2c(F)c1F)C(C)(C)c(-c2c(C)cc(C)cc(B(CCP(CCCC(C)(C)C[B-]2(c2c(Cl)c2cccc4)c4c(Cl)c(Cl)c(Cl)c(Cl)c2Cl)c(C)cc2C)cc(C(F)(F)F)c1F,False
CC1(C)cc(C(C)P(CB(c1c(F)c(F)c(F)c(F)c(F)c(F)c(F)c3c(C)cc2B2Oc3ccccc1,False
CC1(C)cc(CCC(C(CB(c2cccc3c2-c2c-3cccc2)c2c(F)c1F,False
Clc1c(Cl)c(Cl)c1Cl)c(Cl)c3Cl)c2c(Cl)c(Cl)c2Cl)c(Cl)c(Cl)c2cccc1,False
Cc1ccc(C)cc2C)c2c(F)c(F)c2F)c2F)n1,False
CC1(C)C,False
Fc1c(F)c(F)c2F)c2c(C)cc(C)cc(-c3cccccc3c2oc2c(C)cc(C)cc2C)c23)c(Cl)c(Cl)c2Cl)c2Cl)c(Cl)c(Cl)c(Cl)c(Cl)c(C)cc(C)cc3C)=C3CCCCCCC2(C)C)B(c1c(F)c2ccccc3)c3c(Cl)c2Cl)n1,False
Cc1ccccc5)c24)CC3)C2P(c2cccc3)c3c(Cl)c(C)cc(C)c(P(CC(c2c(Cl)c(Cl)c(Cl)c(Cl)c(Cl)c(Cl)c2Cl)c(C)cc(C)cc1C,False
CC(C)(C)B(c2c(Cl)c1Cl,False
Cc1cc(C)cc1C)c1,False
Cc1cccc2)c(Cl)c2Cl)c(Cl)c(Cl)c(Cl)c(Cl)c(Cl)c(Cl)c(Cl)c1Cl,False
Fc1c(Cl)c(Cl)c(Cl)c2Cl)c(C)c1,False
Cc1ccccc4cccccccc3C)c3c(Cl)c2Cl)c(Cl)c(Cl)c(Cl)c(Cl)c(Cl)c(C)c([P+]2(c3c(c2P(c2c(C)c1,False
Cc1cccc2C)c2c(C)c(Cl)c3Cl)c2cccccc(B(c2c(B(CC(C)CB(c1c(Cl)c(Cl)c1c(Cl)c(Cl)c(Cl)c(Cl)c(Cl)c(Cl)c(Cl)c1cccc1P(C(C)(C)C)cc(C)c(C)c(P(CCB(c2c(Cl)c(Cl)c(Cl)c(C)c1,False
CC(CCP(c1c(F)c([B-]2(c2c(Cl)c(Cl)c(Cl)c(Cl)c(Cl)c(Cl)c2Cl)c(Cl)c(Cl)c(B(c2c(C)c2c(Cl)c4Cl)c(Cl)c(Cl)c4ccccccc3ccccc2)c2c(C)cc2C)c(Cl)c(Cl)c3Cl)CP(C(C)C,False
Cc1cc(C)cc2C)c2c(F)c(F)c(F)c(F)c3F)c3F)c(F)c3F)cc(C)c1,False
Cc1cccc2B2Oc3cccc2)c2c(F)c(F)c(F)c(F)c(F)c(F)c(B(c3c(F)c(F)c(F)c2F)c2F)c(F)c(F)c(F)c(F)c3F)c(F)c(F)c(F)c2F)c(F)c(F)c(F)c(F)c(F)c2c(Cl)c(Cl)c(Cl)c2c(Cl)c2Cl)c(Cl)c(Cl)c3c,True
c1cccc2)c2c(C)cc(C(CB(c1c(Cl)c(Cl)c1ccc(P(c2c(C)cc(C)cc(B(c1cc(C)c2cccccccc2)OC1(C)c1,False
CC(C3)C2P(c2c(F)c(B(c3ccccc3)c3c(C(F)(F)F)c1cc(C)cc(C)c(Cl)c2Cl)C2(C)C)C(c1cc(CCCC2(C)c(Cl)c(Cl)c(Cl)c(Cl)c(Cl)c2cccccccc1,False
Cc1cc(C)c1,False
CC(C)(C)P(B(c1c(F)c(F)c(F)c(C)cc(C)cc2C)c2c(F)c(F)c(F)c1F,False
Cc1ccc(C)cc(C)c(Cl)c(Cl)c(Cl)c3Cl)c(Cl)c(Cl)cc(C)c1,False
Cc1cc(C)c1,False
COB(OC)c1,False
CC(B(c2c(F)c(F)c(F)c(F)c(F)c4ccccn2)c2c(F)c1)C2B(c1c(F)c(F)c(F)c(F)c2c(Cl)c(Cl)c2Cl)c(Cl)c(Cl)c(Cl)c(Cl)c(Cl)c(Cl)c2Cl)c(Cl)c2c(C)cc2C)c23)c(Cl)c3cccccccccc2)C1,False
Fc1c(F)c(F)c(F)c(F)c(F)c(F)c(F)c(F)c(F)c(F)c1F,False
Cc1cc(C)cc2C)c2cccccc3B(c3ccccc2)c2c(Cl)c(C)c1ccccc(C(=C(B(c2c(Cl)c(Cl)c(Cl)c2Cl)c(Cl)c(Cl)c2c(Cl)c(Cl)c2Cl)c(Cl)c(C)c1,False
Cc1cc(C)cc(C)cc1C,False
CC1(C)C,False
Cc1ccc(B(c3c(F)c(F)c(F)c2c(Cl)c2Cl)N2CCCC(C)P(CB(c1cc(C)cc(C)cc(C(=C(B(c2c(Cl)c(Cl)c2Cl)c(Cl)c(Cl)c1Cl,False
CC1(C)C,False
Cc1cccc21,False
Cc1cccc2)cc1)C2B(c2ccccc3)C[B-]2(c2c(Cl)c2Cl)c(Cl)c(Cl)c(Cl)c(Cl)c2c(F)c(F)c1F,False
Cc1cccc1,False
CC(B(c2c(Cl)c(Cl)c2Cl)c3Cl)C(c1cc(C)cc4C)c2c(F)c(F)c2F)n1,False
Cc1cc(C)cc(C)c(C)c(P(c2c(B(c2c(Cl)c(C)cc2C)c2c(F)c(F)c(F)c(F)c2F)c2cccc1B(c2c(Cl)c3c(Cl)c2c(C)c(Cl)c(Cl)c(Cl)c(Cl)c(Cl)c2c(C)cc2C(C)C,False
Fc1c(F)c(F)c2c(F)c(F)c(F)c4F)cccc2)c2c(F)c(F)c(Cl)c(Cl)c(C)cc(C(F)(F)F)c3F)c3)cccccc2)c2cc(C)c1,False
CC1(C)C)cc(C)c1ccccccc3)C=C2B(c2c(C)c2c(B(c2cccc2)P(c2c(F)c(F)c(F)c(F)c(F)c(F)c(F)c(F)c(F)c(F)c(F)c4F)cccc1)c1cc(C)cc2C)c2Cl)C2)c(Cl)c(Cl)c1cccccc1N(Cc3cccc1)c1cc(C)c1,False
Cc1cc(C)cc(C)cc2C)c2c(F)c(F)c(F)c(F)c2F)C2CCCCC(C3)C2P(c2cccc2N(Cc1cc(C)cc2C)c(P(c2cc(C)cc(C)cc2C)c2cccccc1)C2B(c2ccccc3)C[B-](c1c(Cl)c2cccccc32)c(Cl)c(Cl)c(Cl)c2Cl)c(Cl,True
c1ccc(C)cc2C(C)C)B(c1ccccc1)B(c1c(C)cc(C)c(Cl)c(Cl)c(Cl)c(Cl)c(Cl)c(Cl)c(B(c3cccc3)C3CCCC3)c2cccc2)c2cccc4)c23)c(Cl)c(Cl)c2c(F)c2F)c(F)c([B-]2(c2c(Cl)c(Cl)c1Cl,False
Cc1cc(C)cc2C)c(Cl)c1Cl,False
CC(C)(CC)CCCC3)C2P(c2c(Cl)c(C)c(C)c(Cl)c(Cl)c2Cl)c(Cl)c(Cl)c(C)c1,False
CN1c2c(F)c2F)c2F)c(F)c(Cl)c(Cl)c(C=C(CP(c1c(Cl)c(Cl)c(Cl)c1cccc1P(C1CCCCC3)C2B(c2cccc2)c(Cl)c(Cl)c(Cl)c(Cl)c3c(Cl)c(Cl)c2Cl)c(Cl)c(Cl)c(Cl)c(Cl)c2Cl)c(Cl)c(Cl)c1Cl)P(c1c,True
CC=C(CP(c1c(F)c(F)c(F)c3c(C)c2c(Cl)c(Cl)c(Cl)c(Cl)c(Cl)c(Cl)c(C)c(N(c2c(Cl)c(Cl)c(C)c1,False
Cc1cc(C)cc2C)c2c(F)c(F)c(F)c(F)c1F)c1c(Cl)c(Cl)c(Cl)c(C)cc1,False
CC(C)(C)C1CCCCC3C(c3c(F)c(F)c(F)c2F)c(F)c2F)c(F)c(F)c(F)c(F)c(F)c(F)c(F)c(F)c(F)c(F)c(B(c2cccccc2N(Cc3cccc2)N2CCCC1)C2B(c2c(C)cc2C)C(C)COCC(CC)(C)P(B(c2c(Cl)c(Cl)c2Cl)c(,True
Cc1cccc1B(Cl)c(Cl)c(Cl)c1Cl)c4Cl)c(Cl)c(Cl)c(Cl)c(Cl)c(Cl)c(C)c1,False
Fc1c(F)c(F)c(F)c(F)c(F)c1F,False
COB(OC)c1,False
Cc1cc(C)cc(C)cc(C)cc(C(=CCB(c2c(F)c1c(F)c(F)c(F)c(F)c3F)c3c(F)c(F)c(F)c(F)c(F)c(F)c1F)c1F,False
Cc1cc(C)cc(C)cc1)CB(c1cc(C(N2CCCCCC2)c(Cl)c1Cl,False
Fc1c(F)c(F)c(F)c(F)c2F)c2F)c(F)c(F)c(F)c(F)c(F)c(F)c(F)c(F)c2F)c2F)c2F)c2c(Cl)c(B(Cc2cccccc3B(c3cccccccc3c2Oc2c(F)c(F)c(F)c1cccc2B(c2c(Cl)c1c(Cl)c(Cl)c2Cl)c2c(Cl)c(C)c1c,True
COB(OC)c1,False
Clc1c(F)c(F)c(F)c(B(C(=CCB(c1c(C)cc(C)c1,False
CC(C)(C)C)cc(C)c(C)c(Cl)c(Cl)c(Cl)c(Cl)c(Cl)c(C=C(CP(c1c(Cl)c(Cl)c(Cl)c(Cl)c(Cl)c(Cl)c(Cl)c3Cl)c(Cl)c1ccccc12,False
Cc1ccc2)c2c(Cl)c2Cl)CP(CCB(c1c(Cl)c(Cl)c2Cl)c(Cl)c(Cl)c2Cl)c(C)cc2C)c2c(Cl)c(Cl)c(Cl)c(Cl)c2c(Cl)c(Cl)c1Cl)c(Cl)c(C)cc(C)c2c(B(c1c(F)c3c(Cl)c(C)cc(C)c1,False
Cc1cccc2)c2cccc2)c2c(Cl)c(Cl)c2Cl)c(Cl)c(Cl)c2c(F)c(F)c2F)c2F)c2F)P(c2c(Cl)c(Cl)c1c(Cl)c2cccc(OB(c2c(Cl)c(Cl)c(Cl)c(Cl)c(Cl)c(Cl)c(Cl)c(Cl)c(Cl)c1Cl)c(Cl)c(Cl)c(Cl)c(Cl),True
Fc1c(F)c2F)c2F)c2F)n1,False
Cc1cccc3N(Cc3cccccc2P(c2c(C)c1,False
Fc1c(Cl)c(Cl)c2c(Cl)c(Cl)c1c(F)c(F)c2F)c2F)c2F)c2F)C2CCCCCCC1(C)OB(c2cccc2)cc1,False
Cc1cc(C)cc2C(C)(C)[P+]2(c2ccccc1)c1c(F)c(F)c2F)c(F)c2F)c2F)c(F)c2c(C)cc(C)cc2C)c([P+]2(c3c(F)c1cc(CB(c1c(Cl)c2c(B(c4c(Cl)c2c(F)c(F)c(F)c(F)c(B(c1cccc2O1)C(CB(c2c(B(c2ccc,True
CC1(C)C)C(C)(C)C,False
Cc1cc(CB(c1ccc(C)cc(C)c(P(c2cccc3)[P+]2(c2c(C)c1,False
CC(=C(B(c1c(F)c(F)c1F,False
Fc1c(Cl)c(Cl)c(Cl)c(Cl)c(Cl)c(C)cc(C)cc2C)c(Cl)c1Cl,False
Fc1c(F)c1F)CP(c1c(Cl)c(Cl)c2Cl)C2C3CCCC(C)C,False
CC1(C)C)c2c(C)c1,False
Cc1ccccc1)c1ccc(C(C)(C)CO2)c2cccc1,False
CC(C)(C)P(c1c(Cl)c(Cl)c(Cl)c1Cl)P(c1c(Cl)c2c(B(c2cccc2)c(Cl)c(B2c3cccc1B(Cl)c(Cl)c3c(Cl)c2c(Cl)c(Cl)c1cccccc2)c2cccc2B(c1cccc(C)cc(C)cc(C)cc2C)c(N(C)C)c(P(c2c(F)c(F)c(F),True
CC1(C)C)N1c1cccc23)cccccc2c1Oc1c(F)c(F)c3F)c3F)c3F)CC(c3cccc1,False
CC(C)C)cc2C)c(Cl)c(Cl)c(C)c1c(F)c(F)c(F)c(F)c(F)c(F)c(F)c(F)c(F)c(F)c(F)c(F)c(F)c(F)c(F)c(F)c1F)c1F)c1cc(C)c(Cl)c(Cl)c(Cl)c(Cl)c(C)cc(C)c1,False
CC=C(CP(c1c(F)c3F)C(c3c(C)c2cccc(B(c4c(Cl)c2Cl)P(c2cccccc2)c(Cl)c(Cl)c2Cl)c(Cl)c1c(F)c(B(c3c(F)c(F)c(F)c(F)c(F)c(F)c(F)c(F)c(F)c(F)c(F)c(F)c(F)c(F)c(F)c(F)c(F)c(F)c1c(Cl,True
CCN(C)C,False
Cc1cccc2)c(F)c(F)c(B(c2cccc4ccccc2c1cc(C)c(Cl)c2Cl)n1,False
Cc1cc(C)c1,False
Cc1cc(C)cc2C(C)(C)N1C(C)C,False
Cc1ccc(C)cc(C)c1,False
CC(C(C)(C)CB(c1cccc2)c(Cl)c(B(c3c(c2P(c2c(F)c(F)c1F)c1F,False
Cc1cc(C)c(B(c1ccccc3)C3CCCC2N2CCCC2)c(Cl)c(Cl)c(Cl)c(Cl)c(C)cc2C)c(P(c2c(F)c4c(F)c(F)c1F)=C(c2c(Cl)c(Cl)c2Cl)C2)c(Cl)c1c(F)c(F)c2F)c(F)c2F)c2c(F)c(Cl)c(Cl)c2cccccccc4-c4,True
CCN(C)C,False
Cc1cccc1P(C(C)C)cc(C(F)(F)F)c3c(F)c(F)c(F)c(F)c(F)c2F)c(F)c(F)c2F)P(c2cccc2B(c2cccc(C)c(P(c3cccc(-c2cccc2cccc1B(c1c(C)c2cccc(C)cc(C)c1,False
CC(C)C)C(B(c1c(Cl)c(C)cc2C)c(Cl)c(Cl)c(Cl)c(Cl)c3c(Cl)c(Cl)c2c(F)c(F)c(F)c(B(c3c(Cl)c(Cl)c2C)c(Cl)c(Cl)c(Cl)c2c(C)cc(-c3ccccc2O1)C(C)(C)C)n(B(c3cccc1,False
Cc1cc(C)c(P(C2CC(P(c2cccc4)c23)c(Cl)c(Cl)c(Cl)c1c(F)c(F)c(F)c(F)c(F)c(F)c(F)c2F)c2F)c(F)c(F)c(F)c(F)c3F)c3F)cc(C(F)(F)F)cc(C)cc4C)c2cccccc1)c1c(F)c(F)c(F)c2F)c2F)c(F)c(F,True
c1cccc2)cc1C,False
Clc1c(Cl)c(Cl)c(Cl)c(B(c2c(F)c2F)c(F)c3)c21,False
Cc1cccc2)c(Cl)c(Cl)c2Cl)c(C)c2c(Cl)c(Cl)c(Cl)c2C)c2c(F)c(F)c(F)c(F)c(F)c(F)c(F)c(F)c(F)c(F)c(F)c(F)c1cc(C)cc(C)c(P(CCCCP(CCB(c1c(F)c(F)c1F)c1F,False
Fc1c(Cl)c(Cl)c(Cl)c2Cl)c(Cl)c(C)cc2C)c(P(c3c(Cl)c(Cl)c(Cl)c(Cl)c(Cl)c1Cl)P(c1c(Cl)c3c(F)c3F)cccc3cccc4)c4cccc1B(Cl)c2ccccc3)c2c(Cl)c(Cl)c3Cl)c2Cl)c(C)cc1C,False
Cc1ccccccc1N1C(C)(CC)(C)N1c1ccc(C)c1,False
Cc1ccccccc2B(c2c(Cl)c(Cl)c2ccccc4cccc2B(c2c(F)c(Cl)c2Cl)c(Cl)c2Cl)c(Cl)c(Cl)c1Cl,False
Cc1cccc2C)c([P+]2(c3c(F)c(F)c(F)c(F)c2cccccc2cccccc1)c1cccc3N(Cc1cccc4)c4c(Cl)c(Cl)c(Cl)c3Cl)c(C)cc2B(c2c(C)cc(C)cc2C3(C)C2CCCC2N2CCC1)C2(C)c1,False
Fc1c(F)c(F)c4c(F)c(F)c(B(CCP(CC(c2c(Cl)c2cccc2N3Cc2cccccc2)c2cccc1,False
Cc1ccccccc(C(F)(F)F)c3F)c3c(Cl)c(Cl)c(Cl)c2c(B(c3c(C)cc(C)c1c(F)c3F)C(c3cccc1)c1c(Cl)c(C)c2ccccc23)c(C)cc(CCCC(C)(C)C1CCC2)c2c(C)c1,False
c1cccccc4cccc3B(c3c(Cl)c1Cl,False
Fc1c(Cl)c2c(F)c(F)c4c(Cl)c(C)c(P(c3c(C)c1c(F)c2F)c(F)c2ccccc3)c3cccc1,False
Clc1c(Cl)c(Cl)c1c(Cl)c(Cl)c(C(C)C)CCC2(C)C)cc(C)c(Cl)c(Cl)c(Cl)c1Cl)c(Cl)c(Cl)c2cccc1B(c1c(C)c(Cl)c2C)c2Cl)c2Cl)Cl,False
Cc1cccc2c1-c1c(Cl)c2Cl)c2Cl)c(Cl)c2c(C)cc1,False
CC(CB(c1cccc2)c(F)c(F)c(F)c2F)c2F)c(F)c(F)c2F)P(c2c(Cl)c(C)c(C)c1,False
Clc1c(F)c(Cl)c(Cl)c(Cl)c2c(Cl)c(Cl)c(Cl)c3Cl)c(Cl)c(C)cc(C)cc(C)c1,False
CC(C)(C)CB(c2c(Cl)c(Cl)c(Cl)c(Cl)c(Cl)c(C)cc(C)cc2C)c(Cl)c(Cl)c(C(C)(C)C)C(c1c(Cl)c(Cl)c2Cl)c2c(Cl)c2Cl)c(C(F)(F)F)c3F)c3cccc3B(c3ccccc5)c5cccc2N3Cc2cccccccc12,False
Cc1cc(C)cc(C)c(Cl)c(Cl)c3Cl)C(c1c(Cl)c2Cl)CCP1c1ccc(C)c(P(CC(c3c(Cl)c(Cl)c(Cl)c(Cl)c1Cl)CP(c1c(F)c(F)c(B(c2c(C)c1,False
CC(C)CB(c1c(F)c2c(B(c3c(C)cc2C)c(Cl)c(Cl)c(C)cc(C)cc2C)c(Cl)c(Cl)c(Cl)c(Cl)c(Cl)c(C)c2cccc2-3)c2c(C)c1,False
c1cc(C)cc3C)C(B(c2c(C)cc2C(C)C)N1c1cccc3)cccc1C,False
Clc1c(F)c(F)c(F)c1F,False
Cc1cc(C)cc(C)cc(CB(c2c(F)c1F)c1F,False
Cc1ccccc3c2-c2c-3ccccccc2)c2c(C)cc2C)c(Cl)c2c(F)c(F)c(F)c(F)c(F)c(F)c2c(Cl)c(Cl)c(Cl)c3c(Cl)c1Cl)c(Cl)c(Cl)c2Cl)c2Cl)c(C)cc2C)c2c(F)c2c(Cl)c1c(Cl)c(Cl)c3c(F)c(F)c(F)c(F),True
CC(C)(C)CC,False
Fc1c(F)c(F)c1F)CP(c1c(Cl)c(Cl)c(Cl)c(Cl)c(Cl)c(Cl)c(Cl)c(Cl)c(Cl)c1Cl)c2Cl)n1,False
Cc1cccc4cccc(C)cc(C(N2CCCC32)c(Cl)c(Cl)c(Cl)c4c(F)c2F)c2cccc2c1N(Cc3cccc2)c2ccccccc2)C1,False
CC1(C)C)C(B(c3c(F)c(F)c(C)c(Cl)c3c(C(C)C=C(CP(c1c(F)c(F)c(F)c(F)c2F)ccccccc23)c(Cl)c2c(F)c(F)c(F)c(F)c1F,False
Clc1c(Cl)c(Cl)c2Cl)c2Cl)c2Cl)C2CC(P(c4cccc2B(c2c(C)cc2C)c(P(c2c(Cl)c(Cl)c2c(F)c(F)c1cccc2B(c2c(C)c1,False
CC(C)(C)C)C(c3c(F)c(F)c2F)c2F)[P+]2(c2c(Cl)c(Cl)c2Cl)c(Cl)c2Cl)Cl,False
Fc1c(F)c(F)c(F)c(F)c2F)c2F)P(c1cc(C)c(P(c2c(F)c(F)c2F)c2c(Cl)c(Cl)c(C)c(C)cc(C)c(Cl)c(Cl)c(C)c1,False
CC(C)(C)cc(C)cc(C)cc(C)cc2C)c2c(F)c(F)c(F)c1F,False
Cc1ccc(c34)P2c2cc(-c3ccccccc2)c2cccc1)c1ccc2N(c2c(C)c1c(F)c(F)c(F)c1P(c1c(F)c(F)c(F)c2F)c2F)c2F)c1ccccn2)c2c(Cl)c(Cl)c(Cl)c(Cl)c(Cl)c(Cl)c1Cl)c(Cl)c(Cl)c(Cl)c2Cl)c3c(C)c,True
Cc1ccccccc1)P(c2c(F)c2cccc2ccccc4-c4ccccc2B(c2c(F)c(F)c(F)c(F)c(F)c(F)c(F)c(F)c1F)CP(c1c(C)c(Cl)c2c(F)c(F)c(F)c(F)c(F)c(F)c(F)c2F)c(F)c1c(C)c2cccc2B(c2c(Cl)c3c(F)c(F)c(F,True
Clc1c(Cl)c(Cl)c2c(F)c1F)c1F)CP(c1c(F)c(F)c(F)c(F)c1F,False
CC1CCCC2N2CCCCC3=C2P(c2c(C)cc(CCCC1(C)OB(c2cccc1)c1c(Cl)c(Cl)c3ccccc3O2)c2ccccc1,False
Cc1cc(C)cc2C)c2c(F)c(F)c(F)c(F)c(F)c(F)c(F)c2cccc1BCl,False
CC(=CCB(c1c(Cl)c(F)c(F)c1F)c1c(C)cc2C)c2c(Cl)c2Cl)n1,False
Cc1ccc(P(C(C)(C)c3cc(C)cc2C)c(Cl)c(C)c1c(F)c1F)c1F,False
Cc1ccccc3cccc3B(c3c(C)c1,False
Fc1c(Cl)c(Cl)c(Cl)c3Cl)c(Cl)c(C)cc(C)c(P(c2cccc2C)c2c(Cl)c(Cl)c(Cl)c1Cl,False
CC1(C)c1,False
Cc1cc(C)c1c(F)c2F)c2F)c(F)c2F)c(F)c(F)c2F)c2F)C2CCC1)C1CCCC2)C(C)(C)P(CB(c1c(F)c(F)c(F)c(F)c3F)c3F)c3ccccc3ccccccc3)cc1C)c1c(C)c(B(c3c(Cl)c(Cl)c2Cl)c(Cl)c1Cl,False
Clc1c(F)c2c(P(C(C)c1,False
Cc1cccc4cccc3C)C(C)(C)N(C)C=C(B(c2c(F)c(F)c1F)c1F)c1c(F)c2cccccc1)c1c(F)c(F)c3F)cc(B(c2ccccc1B(Cl)c(Cl)c(Cl)c1c(F)c(F)c(F)c(F)c(F)c(F)c(F)c(F)c2F)c2F)c(F)c2F)n1,False
Cc1cc(C)c(Cl)c(Cl)c1Cl)c2c(F)c(F)c(F)c(F)c2c(C)c1,False
Cc1cc(C)cc1C)c1,False
CC1(C)CCCC1C(N1CCCCCCC2)C(CB(c1c(Cl)c1Cl)P(c2c(C)c([P+]2(c3c(C)c1,False
Clc1c(Cl)c(Cl)c(Cl)c(Cl)c1Cl)c(C)cc(C)c1,False
Fc1c(F)c(F)c(F)c(F)c(F)c(F)c2F)c2c(Cl)c(Cl)c(Cl)c(Cl)c1Cl)c2Cl)c2c(C)cc2C)c2P2CCCCC(C)C,False
Fc1c(c2P2CCB(c2cccc3c2-c2c(Cl)c2Cl)n1,False
CC(C3)C2P(c2cccc1BCl,False
Fc1c(Cl)c(Cl)c1Cl)c(Cl)c(Cl)c(Cl)c(Cl)c(Cl)c2Cl)n1,False
Fc1c(F)c(F)c(F)c2c(C)c1,False
Cc1cc(C)cc(C)c(B(c2c(C)cc2C)c(Cl)c2Cl)n1,False
Cc1ccccc4)c4c(F)c(F)c(F)c2c(C)cc(C)c1,False
CC(C)(C)C)c(P(C(=C(B(c1cccc2N3Cc2cccc2)c2c(C)cc3C)C(C)CO2)cc1,False
CC(C)(C)C)c(Cl)c(B(c3ccccc1)c1cc(CB(c3c(F)c(B(c1cccc1B(c1c(F)c(F)c(F)c(F)c1c(Cl)c2c(Cl)c(C23CC(C)c(P(c2ccccc2)c2c(Cl)c(Cl)c(Cl)c(Cl)c(Cl)c(B(c4ccccc2P(c2c(Cl)c3Cl)c(Cl)c,True
ClB(c1c(F)c(F)c2c(Cl)c(Cl)c(Cl)c(Cl)c(Cl)c(Cl)c(Cl)c(Cl)c1P(c1c(Cl)c2c(B(Cc2ccccc1B(c1c(F)c(F)c(F)c3c2-c2c-3cccc2B(c2c(F)c(F)c(F)c(F)c(F)c2c(Cl)c(Cl)c(Cl)c1c(Cl)c(Cl)c2C,True
Cc1ccc(C)cc(C)c1c(F)c(F)c(F)c(F)c(F)c(Cl)c(Cl)c(Cl)c(Cl)c(Cl)c2Cl)c(Cl)c(Cl)c(Cl)c2Cl)c(Cl)c(Cl)c(Cl)c(Cl)c2c(C)c(B(c2c(F)c(F)c(F)c1P(c1c(F)c(B(CCC(C)(C)C,False
CC1(CC)C(C)P(c1cc(C)cc1C,False
Clc1c(Cl)c(Cl)c(Cl)c(Cl)c(C)cc(C)c(C)c1,False
CC(C)(C)cc(C)c([B-]2(c3c(Cl)c(Cl)c3Cl)c(C)cc2C)c2c(F)c3F)cc(C(F)(F)F)cc(C)c1,False
Cc1ccc(B(c1cc(C)cc(C(F)(F)c(F)c(F)c(F)c(B(c2ccccc1,False
Fc1c(F)c2F)C2CCCC1)C1CCCC2)c(Cl)c(Cl)c3c(c2P(C2CCCCCP(CCB(c2c(F)c(F)c1F,False
CC(C)(C)C2CCC1,False
Cc1cc(C)cc2C)c2cccccc3ccccn2)c2c(F)c(F)c(F)c(B(c3c(Cl)c(Cl)c(Cl)c(Cl)c(Cl)c(Cl)c(C)cc2C)c(P(CCB(c1cccc4)cccccc(B(c3c(Cl)c2c(Cl)c(Cl)c(Cl)c(Cl)c(Cl)c(Cl)c4Cl)c(Cl)c2cccc2,True
CC1(C)C[B-]2(c3c(Cl)c(Cl)c2Cl)P(c1c(F)c(F)c(B(c2cc(C(C)P(c1c(F)c1cc(C)cc(C)cc2C)c2cccc2P(C2C[B-]2(c3c(F)c1F)c1F)c1c(C)cc2C)c2cccc2N3Cc2cccc3c2Oc2ccccc4)c4c(F)c(F)c1F,False
Cc1cccc3cccc3c2-c2cccc(C)c([P+]2(c2c(Cl)c1Cl,False
Fc1c(Cl)c(C)cc2C3(C)C,False
Cc1ccc(C(F)(F)F)cc(C)cc2C)c(Cl)c(Cl)c(Cl)c(Cl)c(Cl)c(Cl)c(Cl)c2Cl)C2CCCCCC(C)C)B(c1cc(C)c1,False
Cc1cc(C)ccccccc3B(c3c(Cl)c2c(C)cc(C)cc(C)c3cccc1N1C(C)(C)C,False
CC(C)(C)P(B(c3ccccccc2-3)c2cccc(P(c2c(Cl)c(Cl)c(C)c1,False
Cc1cccc2P(C2=C3CCCC3)c(Cl)c(Cl)c(Cl)c1cc(C)cc2C(C)(C)C)c(Cl)c(C)cc1,False
Fc1c(F)c21,False
CCN(CC)(C)P(c1cccc3B(c3c(Cl)c(Cl)c(Cl)c(Cl)c(Cl)c(C)c(Cl)c(Cl)c(Cl)c(Cl)c1Cl)c(Cl)c2Cl)c3Cl)[P+]2(c3cccc2)c2c(Cl)c2C)c2c(F)c2F)P(c1ccc2)OC1(C)OB(c2c(F)c(F)c(F)c1c(Cl)c(C,True
Cc1cc(C)c1,False
Cc1cc(C)cc2C)c2c(Cl)c2Cl)n1,False
CCN(CC)C(B(c1c(Cl)c(Cl)c(Cl)c2c(F)c(F)c(F)c1F)CP(c1cc(C)c(N(c2c(Cl)c(Cl)c(B(c2c(C)c(Cl)c(Cl)c(Cl)c(C)cc(C)cc(C(F)(F)F)ccccc4)c4cccc2)c2cccc2B(c2c(B(c2c(C)c(B(c1cc(C)cc(C,True
CC(CC)C(c3cccc2)N2CCCCCCC1,False
CC1C[B-]2(c2c(F)c2F)c(F)c(F)c(C(F)(F)F)c3c(Cl)c2Cl)c(C)c2c(Cl)c(Cl)c(Cl)c1Cl)c1Cl)c(C)cc(C)c1,False
Cc1cc(C)cc2C)c2c(Cl)c(Cl)c(Cl)c(Cl)c(Cl)c(Cl)c3Cl)c2c(Cl)c(Cl)c(Cl)c(Cl)c2c(B(c1cccc1)C2B(c2c(Cl)c2Cl)c2ccccc3c2oc2c(F)c1F,False
Fc1c(Cl)c(C)cc(C)c2P2CCC1,False
Cc1cccc1)c1c(Cl)c(Cl)c2ccccc2)c(Cl)c1Cl)c(B(c2cccc5)c5ccccc1,False
CC(C)CB(c1c(Cl)c(C)cc(C)cc2C(C)(C)C)C(C)(C)CCCC2)C(C)(C)N1c1cc(C)cc3C)c2c(C)c(Cl)c(Cl)c2c(Cl)c2Cl)c(Cl)c2Cl)n1,False
Cc1cc(C)cc(C)cc(C)cc(B(C2=CC(c3c(C)c(Cl)ccccc4cccc2C)c(P(c2c(F)c2F)P(c1c(C)c1,False
CC(=C(B(c2c(C)cc(B(CCCC2N2CCCC(C)CO2)c2c(Cl)c2Cl)c(Cl)c1Cl,False
Fc1c(F)c2F)C2(c2cccc2B(c2c(Cl)c2Cl)c(Cl)c(Cl)c(Cl)c(Cl)c(Cl)c1c(B(c3c(C)cc2C(C)CB(c2c(Cl)c2c(C)cc2C)c2c(Cl)c2c(C)cc2C)c2c(B(CCCC(C)C,False
c1cc(C)cc3C)=C3CCC(B(c1cc(C)c1,False
Cc1cccc3c2-c2c(Cl)c(Cl)c2Cl)c(B(c3ccccc3)C[B-]2(c2c(C)c1c(Cl)c2Cl)P(c2cccc4)cccc2)c2cccc2)c2cccc(c34)P2c2cccc2)OC1(C)C,False
CC(C)C)C(c3c(Cl)c2Cl)c2Cl)c1c(Cl)c(Cl)c(Cl)c(Cl)c3cccc3)c3c(Cl)c1Cl,False
CC(=CCB(c1cccccc1,False
Fc1c(Cl)c(Cl)c3Cl)c(Cl)c(C)c1,False
Clc1c(Cl)c(Cl)c(Cl)c(Cl)c(Cl)c(C)cc(C)cc(-c3cccc2C)c(P(c2c(Cl)c2Cl)c(Cl)c1c(F)c(F)c(F)c1F)CP(c1cccc2ccccccc2B(c2cccc2)cc1)C2B(c2c(F)c(F)c(F)c1c(C)c1,False
Cc1cccc2)c2cccc3C2(C)C)N1Cc1cccc1,False
CC(CB(c1ccccc3C2(C)C,False
Cc1cc(C)c1,False
CC(C)CO2)cc1C)c1,False
Fc1c(F)c1F)=C(c1cc(C)cc2C)c2c(Cl)c(Cl)c(C)c(Cl)c(Cl)c(Cl)c1Cl,False
Cc1cc(C)cc(C)c2Cl)c3Cl)c(Cl)cc(CB(c2c(F)c(F)c2F)[P+]2(c2c(Cl)c2Cl)c(Cl)c(Cl)c(Cl)c(Cl)c1Cl,False
Cc1cccc23)c(C)cc1C)c1,False
Fc1c(F)c(F)c1c(Cl)c(Cl)c(Cl)c(Cl)c(Cl)c(Cl)c(B(c3cccc2B(c1c(Cl)c(Cl)c(Cl)c(Cl)c2c(F)c(F)c(F)c(F)c(F)c(F)c2F)C2CCCCC2)C2C)C(c3c(Cl)c1Cl,False
CC(C)P(CB(c2c(F)c(F)c(F)c(F)c(F)c(F)c(F)c(F)c(F)c2F)c2cccccc1,False
Cc1cc(C)cc(C)c(B(c2c(F)c(F)c(F)c(F)c(F)c(F)c(F)c(F)c(F)c(F)c(F)c2F)C2CCCCCB(c1c(Cl)c(Cl)c3c(C)c(Cl)c(Cl)c(C)cc(C)c1,False
Fc1c(F)c(F)c(F)c(F)c(F)c1F,False
CCN(CC)CCCC2)C(C)(C)N1c1cccc2)c2c(F)c(F)c2F)c2c(F)c(F)c(F)c([P+]1(C(CB(c2ccccc1)CB(c1c(F)c1F,False
Clc1c(B(c2c(F)c(F)c(F)c(F)c1F,False
Fc1c(F)c(F)c2F)c(F)c(F)c(F)c4F)c4c(Cl)c(Cl)c(Cl)c1c(Cl)c2c(C)cc2C)c2ccccccc2)c(Cl)c(Cl)c(Cl)c(Cl)c(C2C=C(CP(c1c(F)c(F)c(F)c(F)c(F)c2F)c(F)c(F)c(F)c(F)c(F)c(F)c(F)c2c(C)c,True
Cc1cccc1)c1c(Cl)c(Cl)c(Cl)c(Cl)c(B(c2c(P(C2C=C(CP(c1cccccc1)c1c(F)c(F)c(F)c(F)c3F)c3c(F)c1c(F)c(F)c(Cl)c(C)c(P(c2ccccccc4ccccc3)c3ccccc3c4c(F)c(F)c1F,False
CCC1,False
CN1c2c(C)cc(C)c1ccccccc2)c2c(Cl)c(Cl)cc(C(=C(c1cc(C)cc(C)c(P(c2c(Cl)c(Cl)c(Cl)c(Cl)c(Cl)c(Cl)c(Cl)c1Cl)c2Cl)C1c1cc(C)c(Cl)c3Cl)c(Cl)c(Cl)c1ccc(-c3ccccc2)c2c(C)cc(C)c1,False
CCN(CC)(C)C)C(c3cccc(B(c2c(F)c(F)c1c(Cl)c(C(C)C)cc(-c3cc(C(F)(F)F)cccc3B(c3c(C)c1,False
Cc1cc(C)c1,False
Cc1ccccc2)c2c(Cl)c(Cl)c4c(F)c(F)c(F)c(F)c(F)c2F)c(F)c(F)c1F)C(C)(C)P(B(c2c(C)c2Cl)n1,False
CC(C)(C)cc(C)cc2C)c(P(c2c(Cl)c(Cl)c(Cl)c(Cl)c3c(Cl)c(Cl)c1Cl,False
CC1(CC)C(c3cccc2)OC1(C)C,False
CC(C(C)(C)c1,False
Cc1cccc2)c2c(Cl)c(Cl)c2c(C)c(Cl)c2Cl)c(Cl)c(Cl)c(Cl)c(B(CCP(c2c(F)c(F)c(F)c(F)c3F)cc(C(F)(F)F)cccc1B(c1c(Cl)c2Cl)c(Cl)c1Cl)c1cccccn2)c2c(Cl)c(Cl)c(C)c1,False
Fc1c(F)c(F)c3c(Cl)c2Cl)c(Cl)c1Cl,False
CC(C)c(Cl)c(Cl)c2c(Cl)c1Cl,False
c1cc(C)cc(C)c1,False
Cc1cccc43)c12)C(C)C)c(Cl)c(Cl)c1Cl,False
Cc1ccc(B(c2c(Cl)c(Cl)c(Cl)c(Cl)c2cccccc2N(c2c(C)cc(C(=C(B(c1c(Cl)c(Cl)c(Cl)c2c(C)cc(C)cc(C)cc(C)cc(C)c2c(C)cc(B(c2cccc1,False
CC1B(c2cccccc12,False
c1cc(C)c2c(C)c1,False
Clc1c(Cl)c2c(F)c(F)c(F)c(F)c1F)c1F,False
Fc1c(Cl)c(Cl)c(Cl)c(Cl)c(C)c1,False
Fc1c(Cl)c(Cl)c2Cl)P(c1c(F)c(F)c3F)cccc1)c1c(F)c(F)c(F)c(F)c(F)c(F)c(F)c1F)C(C)(C)c(Cl)c(C2N(Cc3cccc2)c2c(B(c2c(F)c(Cl)c(Cl)c(Cl)c2c(F)c(F)c(F)c2F)c(F)c2F)C2CCCC1(C)COCC(,True
CC(C(CB(c2ccccc1P(c1cccc3)[P+]2(c3c(F)c(F)c(B(c3c(Cl)c2Cl)c(Cl)c(Cl)c3Cl)c2Cl)c3c(Cl)c(Cl)c2c(Cl)c(Cl)c(Cl)c(Cl)c(Cl)c(Cl)c(Cl)c(Cl)c(Cl)c(Cl)c1c(Cl)c(Cl)c(C)c1c(F)c(F)c,True
CC1(C)C,False
Cc1ccccc43)c12)C(C)C)cc2C)c(P(c2c(F)c(F)c(F)c(F)c(F)c1F,False
CC=C(B(c1ccc(P(C(C)C2CCCC(C)(C)B(c1ccc(P(c3c(Cl)c1Cl,False
Cc1cccc2)c(F)c(B(c1cc(C)cc(C)c1c(Cl)c(Cl)c2Cl)c2c(F)c(F)c1F)c1F)c1F)c1P(C(C)N1c1ccc(C)c1,False
Cc1ccc(B(c1c(Cl)c(Cl)ccccc(C)cc2C)c(P(CCC(C)P(c1c(F)c2F)c(F)c(F)c(F)c2c(C)cc2C)c(Cl)c(Cl)c(B(C(=C(B(c3cccc2B(c2cccc4ccccccc2)OC1(C)C)C(C)(C)[P+]1(c1c(F)c(F)c(F)c(F)c(F)c,True
Cc1cc(C)c1,False
Cc1cc(C(C)(C)cc2C)c2c(C)c1,False
CCC1(C)cc1C,False
CC(C)(C)cc(C)c(Cl)c(Cl)c2cccc3cccc1N1C(C)(C)cc(C)cc(C(C)C1CCCCC(C)(C)C)C(C)(C)cc3C)C(C)(C)N(C)c(Cl)c(Cl)c(Cl)c1c(F)c1cc(C)cc(C)cc(C)c2c(F)c(F)c(F)c(F)c(F)c(F)c(F)c(F)c2F,True
Fc1c(F)c(F)c3)c3c(Cl)c(Cl)c2Cl)c(C)cc(C(C)(C)cc2C)c(P(c4c(F)c(F)c(F)c(F)c2F)c(F)c(F)c(F)c(F)c(F)c4F)ccccc(-c2c(C)c3ccccc2)c2c(C)cc1)c1c(F)c(F)c(F)c2F)n1,False
CCC1)C1CCCCCC(B(c3c(F)c(F)c(F)c2F)c2c(F)c(F)c(F)c(F)c(F)c(F)c1F,False
CCN(CC)C(B(c3c(F)c1c(F)c1F,False
CCC(C(C)C)C(c3c(F)c2c(F)c(F)c(F)c(F)c3c(Cl)c(Cl)c2c(Cl)c(Cl)c(Cl)c(B(Cc2ccccccc3cccc3B(c3ccccc2-3)c21,False
Cc1cc(C)cc(C)cc(C)cc1,False
CCC1,False
Clc1c(Cl)c(Cl)c(Cl)c(Cl)c(Cl)c(Cl)c(Cl)c3Cl)c1cccc2)c2c(F)c(F)c1c(Cl)c(Cl)c(Cl)c1c(Cl)c(B(c2c(F)c2F)c2F)n1,False
Fc1c(F)c(F)c(F)c3cccc3)C[B-](c2c(Cl)c(Cl)c2Cl)c(Cl)c(Cl)c(Cl)c(Cl)c(Cl)c(Cl)c(Cl)c(Cl)c(B(c1c(C)c(P(c5cccc2)c2c(Cl)c(Cl)c(Cl)c(Cl)c(Cl)c(Cl)c2Cl)CCB(c2cccc3B(c3c(Cl)c(C),True
Cc1cc(C)c(C)cc2C)c2c(Cl)c2Cl)c3c(C(F)(F)F)cc(C)cc(CB(c2c(Cl)c2Cl)c1Cl)c(Cl)cc(C)c(Cl)c3c(Cl)c1Cl,False
CC(B(c2ccc(C)c1ccc(c34)P2c2cccccc1)P(c2cccc23)c(F)c(F)c(F)c(F)c(F)c2F)c(F)c(F)c3cccc2-3)c2c(Cl)c(Cl)c2c(B(c3c(Cl)c(Cl)c(Cl)c(Cl)c(Cl)c(Cl)c2Cl)CP(c1c(C)c(B(c2c(Cl)c3Cl)c,True
Cc1cc(C)cc(C)c2c(C)cc2C)c(Cl)c(Cl)c(Cl)c(C)c(Cl)c3c2oc2c(Cl)c(Cl)c(Cl)c(C)c([B-]2(c3cccccc2N(c2c(F)c(F)c(F)c(F)c(F)c(F)c1F)c1F)c1F)c1c(Cl)c3Cl)c1c(F)c(F)c2F)c2F)c(F)c1c(,True
Cc1cccc2)c(Cl)c(C)cc1)N1Cc1cccc2c1-c1c(F)c1F)c1ccccccccc1)B(c2c(C)cc1C2(C)c(Cl)c(Cl)c(Cl)c(Cl)c(Cl)c(Cl)c(Cl)c(Cl)c(C)cc2C)c(Cl)c1c(Cl)c(Cl)c(Cl)c(Cl)c(Cl)c(Cl)c(Cl)c(Cl,True
Cc1cc(C)c(C)cc(C(F)(F)F)ccc2)c2cccccccc3N(Cc3cccc3c2-c2cccc23)c(F)c(F)c(F)c(F)c(F)c(F)c(F)c1F)c1c(Cl)c(Cl)c(Cl)c(Cl)c(Cl)c2cc(C(C)CB(c2cccccc23)c(Cl)c2Cl)c(Cl)cccc3C)c(P,True
Clc1c(B(c2c(P(c3c(F)c(F)c(F)c1F)c1P(c1ccc(P(c2c(F)c(F)c(F)c1c(F)c(F)c(F)c(F)c(F)c(F)c(F)c(F)c(F)c(F)c(F)c(F)c(F)c2c(F)c2F)c2F)C2CCCC2B(c2cccc2N3Cc2ccccc3c2-c2c-3cccc2)c2,True
CC1(C)C)cc(-c2c-3ccccc2B2Oc3ccccc23)c(Cl)c(Cl)c(Cl)c2cccc3)cccc3C)c3c(Cl)c(Cl)c(Cl)c(Cl)c(Cl)c(Cl)c2Cl)c1cccc2N(c2c(B(C(=C(B(c1cc(C)cc(B(c2c(Cl)c(Cl)c(C)c2c(B(c2ccccc2cc,True
Clc1c(Cl)c2Cl)c(Cl)c2Cl)c(Cl)c1Cl,False
CC1(C)C)c(Cl)c(Cl)c(Cl)c1Cl)P(c1c(F)c(F)c(F)c1c(F)c(F)c(Cl)c(Cl)c(Cl)c2c(C)c1,False
Fc1c(F)c(F)c2F)c1F)c1cccc(C)cc(C)cc(C(=C(B(c2c(F)c(F)c(F)c(F)c(F)c1F)c1F,False
CC1(C)C,False
Cc1cc(C)cc1C)c1,False
Cc1cc(C)c1cccccc3)c3c(Cl)c1cc(C)cc2C)c23)c(Cl)c(Cl)c(Cl)c(Cl)c2Cl)c(Cl)c(C)c(Cl)c1Cl,False
Cc1cc(C(F)(F)F)c3F)CCCC2)c(Cl)c(Cl)c(Cl)c2Cl)C2)c(C)cc3C)C(C)CB(c1cc(C(F)(F)F)c1F)C(c3c(Cl)c(Cl)c(C)cc(C)cc2C)c(C)c1,False
Cc1cccc3c2CCCC3)C2P(c2c(C)c2c(C)cc(C)c1,False
CCCC2B(c2ccccc1)C(C)(CC)(C)COCC(C)CCCC1)C2B(c1ccccc3N(Cc2ccccc3)c3cccc1B(Cl)c(C)cc(C)c(P(c2c(F)c(F)c(F)c2cccc2B2Oc3cccccc1)c1c(F)c2cccc32)c(Cl)c(Cl)c3Cl)c2Cl)c(Cl)c(Cl)c,True
CC1(C)C)n(B(c1c(Cl)c1Cl,False
Cc1cc(C)c2ccccc1)P(c1cccc4)c4c(Cl)c(Cl)c(Cl)c2Cl)c(B(c2c(P(c3c(C)c(B(c2c(F)c1,False
Cc1cccc2)cc1C,False
CC(CB(c1c(Cl)c(Cl)c(Cl)c(Cl)c(Cl)c3Cl)c(C(F)(F)F)cc(C)c1,False
CC1(C)C)cc(C)cc(C)c(C)cc1C)c1,False
CN(CC)C(CB(c1ccc(B(Cc2cccc1)c1c(Cl)c1Cl,False
Cc1cc(C)c1,False
Cc1ccccc3c2-c2c(F)c(Cl)c2Cl)c(Cl)c(Cl)c2Cl)P(c2cccc2)c2cccccc2N(Cc2cccccccc2)cc1,False
ClB(c1c(F)c(B(c2c(Cl)c1Cl)c(Cl)c(Cl)c(Cl)c2Cl)c(Cl)c(Cl)c(Cl)c2c(F)c(F)c(F)c2F)c([B-]2(c3c(F)c(F)c1F)c1F)c1F,False
Bc1cccc1,False
Cc1ccccc2B(c2c(C)cc(C)cc2C)c2c(C)cc2C3(C)C1CCCC(CB(c1c(Cl)c(Cl)c(Cl)c(Cl)c(Cl)c2c(C)cc(C)c(Cl)c(Cl)c(Cl)c(Cl)c(Cl)c3Cl)c(Cl)c(C)c1,False
CCC(B(c2c(F)c2F)P(c1cc1c(Cl)c(C)cccc23)c(Cl)c(C)cc1)B(c1c(Cl)c(Cl)c2Cl)c(C)c([P+]1(c1ccccc4)c23)c(Cl)c4Cl)c(C)cc(C)c1,False
Fc1c(Cl)c(C)c(P(c2c(F)c2F)c2F)c(F)c1cc(C)cc2C)c2c(F)c1,False
Cc1ccccc(P(c2cccc3c2-c2c-3cccc2)cc1C)c1,False
c1cc(C(F)(F)F)cc(C)cc(C)c1,False
CN1c2c(Cl)c1Cl,False
FC(F)(F)F)cc(C)cc(C(N2CCCC2)c2c(Cl)c(Cl)c(Cl)c1Cl)c(Cl)c21,False
CC1(C)C,False
Cc1cc(C)c1c(Cl)c2ccccc1)c1cccc(C)c(Cl)c(Cl)c2c(C)cc1,False
CC(C(C)C,False
CC1(CC)C(C)(C)cc2C)C(B(c4cccc1)c1c(Cl)c(Cl)c(Cl)c(C2CCCC2)c2c(C)c(B(CCP(CCB(c1c(Cl)c(C)c1cccc2-3)c21,False
Cc1ccccccc(B(c1c(Cl)c(C)c1,False
Cc1cc(C)cc(C)cc1,False
Cc1cccc2B(c2c(F)c(F)c(F)c(F)c(F)c(F)c(F)c(F)c(F)c(F)c(F)c(F)c(F)c(F)c(F)c(F)c1F,False
CC(C)(C)CC(C)COCC(C)(C)B(c2c(F)c2F)C2CCCCCC32)c(Cl)c(Cl)c(Cl)c1cccc21,False
CCN(CC)CCC[P+]2(c3c(F)c(F)c(F)c(F)c(F)c(F)c2F)c(Cl)c3c(F)c(F)c(F)c(F)c(F)c(F)c(F)c3c(Cl)c(Cl)c(Cl)c2c(F)c(F)c(F)c1c(F)c(F)c4F)ccccc1B(c1c(Cl)c(Cl)c(C)c(Cl)c2Cl)c(Cl)c4cc,True
Cc1cc(CB(c2c(F)c1c(F)c(F)c2c(F)c(BP(c2c(C)c1,False
Cc1cc(C)c1,False
Cc1cc(C)cc1)CB(c2c(Cl)c(Cl)c3Cl)c(C)cc(C)c1,False
Cc1cccc2N3Cc2cccccc2P(c2c(F)c(F)c(F)c(F)c2F)c2F)c(F)c2F)c2F)c2F)c2c(Cl)c(Cl)c(Cl)c(Cl)c2Cl)c(Cl)c(Cl)c2Cl)c2Cl)c2c(B(c2c(F)c1F,False
ClB(c1c(F)c(F)c1)CB(c1c(F)c(F)c(F)c(F)c2F)c(F)c(F)c(F)c(F)c2F)c2c(B(C2=CC(c3c(Cl)c(Cl)c(C)cc4C)c4c(F)c(B(Cc2cccc1,False
CC(B(c2c(C)c1,False
Cc1cc(C)c1,False
Cc1ccc(C)cc2C3(C)C2CCCCC3)c(Cl)c(Cl)c(Cl)c2Cl)c1Cl)c(Cl)c2Cl)c(Cl)c(Cl)c(C)c(Cl)c(C=C(Pc1cccccc1)c1cc(C)cc1C2(C)CCC2)c(Cl)c2Cl)c(Cl)c(Cl)c1Cl)CP(C(CB(c3c(C)c(Cl)c2c(F)c2,True
Cc1cccc2)CCCC(C(CB(c1c(F)c(F)c(F)c(F)c(B(c2c(Cl)c(Cl)c(Cl)c(Cl)c3c2-c2cccc1)C2B(c2c(F)c(F)c2F)c2F)c2ccccc2C)c(Cl)c(Cl)c(Cl)c(Cl)c3Cl)C(C)(C)c1,False
CC(C)(C)P(CB(c1cc(C(C)(C)[P+]1(C(C)(C)[P+]2(c2cccc3C2(C)C,False
CC1(C)CB(c1cccc2)cc1,False
Cc1cc(C)c(Cl)c2Cl)c(Cl)c2Cl)c(Cl)c(Cl)c2c(Cl)c1Cl)C1c1ccc(C)c1c(C)c1cc(C)cc(C)c(Cl)c2Cl)CP(c1c(F)c(F)c(F)c(F)c(F)c(F)c2cccc2)cc1)c1c(Cl)c2Cl)c(Cl)c(Cl)c(Cl)c1Cl,False
Fc1c(F)c(F)c3F)cccc2)c2c(F)c1c(Cl)c2Cl)P(c2cc(C)c1c(F)c(F)c(F)c(F)c(F)c(F)c3F)C(C)P(c2c(F)c2F)(c2c(F)c(F)c(F)c(F)c2F)c(F)c1ccccccn2)c2ccccc12,False
Cc1ccccc3)c3c(C(F)(F)F)c3c(F)c(F)c(F)c(F)c(F)c(F)c(F)c(F)c(F)c(F)c2F)[P+]1(c1c(F)c(F)c2F)c2F)c2c(C)c(B(c2c(F)c3c(F)c(F)c(F)c(F)c(F)c4F)cccccccc21,False
Cc1cccc2B2OCC(C)(C)C)C(C)(C)C)cc(C)c(C)cc(C(F)(F)F)cccc3)[P+]2(c2ccccccc1P(c1c(C)c1,False
c1cc(C)cc(-c2c-3cccccc2)c2c(Cl)c(Cl)c(Cl)c(Cl)c(Cl)c1Cl,False
Fc1c(C)cc3C2(C)cc2C(C)(C)C=C(CP(c1cc(C)cc(C)cc(C)cc1,False
CC(C3)C2P(c2cccc2B(c2cccc(B(c2ccccc2B2Oc3cccccc1,False
Cc1ccccc2)c2c(Cl)c1Cl,False
Cc1cc(C)cc(C(F)(F)F)c3F)C2CCCC(C)(C)P(CB(c2c(Cl)c(Cl)c(Cl)c(C)c1c(F)c(F)c(F)c(F)c(F)c(F)c(F)c(F)c(F)c(F)c(F)c(F)c(F)c(F)c(F)c(F)c(F)c(B2c3cccc3)c3cccccc2)c2c(F)c(F)c(F)c,True
c1cc(C)cc(C(F)(F)F)c1ccc(CB(c1cc(C)cc(C)cc2C)c2ccccc(B2c3ccccc1B1Oc2c(Cl)c2Cl)c(Cl)c1Cl)c(Cl)c(Cl)c1Cl)c(Cl)c(C)c(Cl)c(Cl)c2c(F)c(F)c(F)c(F)c(F)c2F)c2cccc2N(c2cccccccc1B,True
CC(B(c2c(Cl)c2Cl)P(c1c(Cl)c(Cl)c2Cl)c(C)c(Cl)c(Cl)c(C)c2ccccc2)cc1,False
CC=C(Pc1cc(C)cc(C)c1,False
CCN(CC)c2cccc4)cccc1)P(c1c(Cl)c(Cl)c(Cl)c(Cl)c2Cl)n1,False
Clc1c(C)cc3C)c(P(C(CB(c1c(Cl)c2Cl)c(Cl)c(Cl)c2Cl)P(c2c(C)cc2C)c2cccc2P(C2=CC(C)(C)N1C(C)(C)C)cc(C)c1,False
CC(C)C)c(B(C2=C3CCC(C)(C)C,False
Cc1cc(C)c(P(C(C)C)cc3C)c3c(F)c(F)c(F)c(F)c(F)c2F)c2c(F)c(F)c1c(Cl)c1Cl)c(Cl)c(Cl)c(Cl)c(Cl)c2Cl)c4Cl)c(Cl)c(Cl)c(Cl)c1Cl)c1c(F)c(F)c2F)n1,False
Cc1cccc1)c1cc(C)c(B(c2c(F)c(F)c(F)c(F)c(F)c2F)c2c(Cl)c(Cl)c(Cl)c(B(c2cccc3N(Cc2cccc1,False
CC1(C)C)cc3C)=C3CCCCC(C)C2CC(P(c2c(F)c(F)c(F)c(F)c(F)c(F)c1c(B(c4c(F)c(F)c(F)c(F)c(F)c(F)c(F)c(F)c(F)c(F)c(B(CC(c3c(F)c(F)c(F)c1cc(C)c1c(B(c2c(C)cc(C)cc1,False
Cc1cccc21,False
c1cc(C)c(B(c2c(B(c2c(F)c1F,False
Cc1ccccc2)c2c(F)c(F)c(F)c(F)c(F)c(F)c1F,False
Cc1cccc1)c1c(C)cc(C)cc(-c2c-3cccc2)c2c(F)c(F)c(F)c(F)c(F)c(F)c(F)c2c(B(c2c(C)c1,False
Cc1cccc2)c(Cl)c1c(F)c(F)c2F)c(F)c(F)c(F)c2F)c(F)c(F)c(F)c(F)c2c(B(c3c(Cl)c(Cl)c(C)c1,False
CC(C(C)(CC)C(B(c2cccccc3)c3c(C(C)(C)N(C)C,False
FC(F)(F)F)cccc1)P(c1c(Cl)c(C(F)(F)c(F)c(F)c(F)c3F)c3c2-c2c-3cccccc2C)c(Cl)c3cccccc(B(c1c(F)c(F)c2cccc2c1N(C)cc(C)c(Cl)c(Cl)c(C)c2cc(C)cc(C)cc2C)c2c(B(c3c(F)c(F)c(F)c(F)c,True
CC1(C)CO2)cc1,False
Fc1c(Cl)c(Cl)c(C)cc2C)c2c(C)c2Cl)c(Cl)c1Cl)c(Cl)c1Cl)c(Cl)c1Cl)c(Cl)c(Cl)c2c(F)c(F)c(F)c(F)c(F)c(B(c1c(F)c1c(Cl)c(B(c1c(Cl)c2c(Cl)c(Cl)c(Cl)c(Cl)c(Cl)c(Cl)c(Cl)c(Cl)c(C),True
Cc1cccc2)c2c(Cl)c(Cl)c(Cl)c(Cl)c(Cl)c(Cl)c1c(F)c(F)c(F)c(F)c1c(Cl)c(Cl)c1ccccc2)c2cccc3)cccc2P(c2c(C)c1,False
CC(C3)C2P(c2c(Cl)c(Cl)c(Cl)c2Cl)n1,False
CC(CC)CCCCCCC2(C)cc(C)c1cc(C)cc(C)cc(C)cc2C)c2c(F)c(F)c(F)c(B(c2ccccc5)c5cccc3)ccccc4cccc2)N2CCC1(C)c1cccccccc1P(c1c(Cl)c(C)c1,False
CC1(C)C)CCCC3)c(Cl)c1Cl)c(C)cc2C)c(P(c3c(C)cc2C)c(P(c2c(F)c(Cl)c(Cl)c(Cl)c(Cl)c1Cl,False
Fc1c(F)c2F)c2F)C1c1cc(C)c1,False
CC1C[B-]2(c2c(Cl)c2Cl)c(Cl)c(Cl)c(Cl)c(Cl)c2c(Cl)c(Cl)c3Cl)c(C)cc(C)c2cccc2)cc1,False
c1cccc3B(c3c(C)c1,False
Cc1cc(C)c(Cl)c(Cl)c(Cl)c1Cl)CCP1c1cc(C)cc(B(c4cccccc2)c2c(C)cc(C)cc2C)cc2C)c(P(C(C)P(B(c2c(Cl)c(Cl)c(C)cc(C)c(P(c4c(F)c3F)c2F)c2F)cccc1)B(c2ccccc2ccccc2N3Cc2ccccc3N(Cc2c,True
CC(C)(C)C,False
CC1(C)cc(C)cc2C)c2c(C)cc2C)c2cccc3c2-c2c(B(c1c(F)c(F)c(F)c1F,False
CC(C)(C)cc2C)c(B(c2cccc2)c2c(C)cc2C)c(Cl)c(Cl)c2c(C)c(P(c4cccc2c1-c1c(F)c2c(C)cc3C2(C)cc2C)c2c(Cl)c1Cl,False
Cc1cc(C)cc(C(F)(F)F)c(F)c2F)c2F)c2c(B(c2cccccc1N1C(C)C,False
c1cc(C(=C(B(c2c(F)c(F)c1F,False
CC(CB(c1c(C)c1c(F)c(F)c(F)c(F)c(F)c(F)c(F)c2c(C)c([B-]2(c2c(Cl)c(Cl)c(Cl)c(Cl)c(C)cc(CCCCCP(c1ccccn2)c2ccccc3c2oc2c(F)c(F)c(F)c1F,False
c1cccc(C)c(Cl)c(Cl)c(C)c(-c3cccc2)C1,False
CC1C[B-](c1c(Cl)c(Cl)c(Cl)c1c(C)c1c(C)cc2C)c2P2CCB(c1c(C)c2ccccc23)cc1,False
CC(C)(C)C)C(C)(C)C)C(B(c2c(Cl)c(Cl)c2Cl)c3c(F)c(F)c(F)c(F)c(F)c2cccc1)P(c2c(Cl)c1c(F)c2F)c2F)c2ccc3)C[B-](c1c(Cl)c(Cl)c(Cl)c(Cl)c2)c(C2CCCC(C)C)c(P(c5cccc4ccccc1B(c1c(Cl,True
c1cc(C(F)(F)F)cc(C)cc(C)cc1)c1c(Cl)c1Cl)C2CCCCCC2)C2C3CCCC2(C)C,False
Cc1cc(C)c1,False
Cc1cc(C(C)CC,False
c1ccccc2P(c2cccc1)c1cc(C(F)(F)F)c1c(C)c(Cl)c(B(c2cccccc3c2-c2cccc2)c2c(P(C2CCCCC3)c12)C(C)(C)N1c1ccc(B2c3cccc2P(c2c(Cl)c2c1Oc1c(Cl)c(Cl)c2Cl)c(Cl)c(Cl)c(Cl)c(Cl)c(Cl)c(C,True
CC(C)(C)cc(C)cc(C)cc(C)cc(C(F)(F)c2F)c2F)c2F)c2c(Cl)c2c(Cl)c(Cl)c(Cl)c2c(F)c1F)c1F)c1F)C(C)(C)[P+]2(c3c(C)cc1C)c1,False
CC1CC(C)(C)c1,False
CC(C)(C)C2C)C2CCCC(C)(C)B(c1c(F)c2F)c2F)C2CCCCCCCCC2)c(Cl)c2Cl)c(Cl)c(Cl)c(Cl)c(B(c4cccc2)c2ccccccc2)c2c(F)c(F)c(F)c(F)c(F)c(F)c(F)c(F)c(F)c4F)cccccc(C)cc(C)c1,False
CC(=C(B(c2cccc1P(c1c(F)c2F)n1,False
Clc1c(Cl)c(C)c1,False
c1cc(C)cc(C)cc2C)c2c(F)c(F)c(F)c(F)c(F)c2F)c2F)N2CCCC(C)C,False
CC(B(c2c(Cl)c(Cl)c(Cl)c(Cl)c2Cl)c(Cl)c(Cl)c2Cl)c(Cl)c(Cl)c(Cl)c2Cl)N2CCCC2)C(C)(C)C=C(B(c2c(Cl)c1cc(C)c2cccc1BCl,False
CC1C[B-]2(c2cccc3)c3c(F)c(F)c2c(C)cccc(C)c2cc(-c2c-3cccc3O2)c2cccc1)B(c2c(F)c(F)c(F)c([P+]1(C(C)N1c1cc(C)c(B(c3c(F)c(F)c1F,False
CCN(C)cc1,False
Cc1cc(C)c1,False
CC(C)(C)N1c1cccccc3)c3ccccccc2P(c2c(Cl)c(Cl)c(Cl)c1Cl)c3Cl)c1Cl)c(C)c1,False
Fc1c(F)c(F)c(Cl)c1Cl,False
Bc1cccc3)c3c(Cl)c(Cl)c1cccc2B(c2cccc2B(c2c(C)cc(C)cc(C)cc3C)C(c3cccc3)c3cccc2)c2c(F)c(F)c2c(B(CCC(C)(C)N(Cc2cc(C)c1,False
CN(CC)c2c(Cl)c(Cl)c3Cl)c(Cl)c(Cl)c(Cl)c(Cl)c(Cl)c(Cl)c(Cl)c(Cl)c3c(Cl)c(Cl)c(Cl)c(C(F)(F)F)c(F)c(F)c(F)c3c(C)cc2C)c2c(Cl)c2Cl)c2Cl)c3Cl)c(Cl)c3Cl)c(Cl)c1Cl)c(Cl)c(Cl)c3C,True
Cc1cc(C)c(B(c3c(Cl)c(Cl)c2c(F)c(F)c(F)c(F)c(F)c(Cl)c(Cl)c(Cl)c(Cl)c3Cl)c(Cl)c(B(c2c(C)cc3C)c3c(F)c(F)c(F)c(F)c3c(F)c(F)c(F)c1F,False
Cc1ccc(P(c2c(Cl)c3c2-c2c(Cl)c(Cl)c(Cl)c(Cl)c2Cl)c(Cl)c2Cl)c(Cl)c(Cl)c2Cl)N2CCCC(C)(C)[P+]2(c3c(F)c(F)c(F)c(F)c(F)c3F)c3F)c3cccccc(C(=CCB(c2c(F)c(F)c(F)c(F)c(F)c(B(c2c(Cl,True
Cc1cc(N(c2cccccccc3)c(Cl)c(Cl)c2cccccc3c2CCCC2)c(Cl)c(Cl)c(Cl)c4Cl)c(C)cc(C)c(C)cc(C)cc(C(F)(F)F)cc(C)c1,False
Cc1cc(C)c2c(F)c(F)c(F)c(F)c2F)P(c2c(C)c1,False
Cc1cccccc4)c4c(Cl)c(Cl)c(Cl)c2Cl)c(Cl)c(C)cc2C)c(P(c3c(F)c(F)c(F)c(F)c(F)c2c(B(c3c(Cl)c(Cl)c21,False
CC=C(B(c1cc(C)cc(C)cc(C)c(B(c1c(Cl)c(Cl)c(Cl)c(Cl)c(Cl)c2Cl)c1P(c1c(Cl)c(Cl)c2Cl)C2)c(F)c(F)c(F)c(F)c(F)c(F)c(F)c(F)c(F)c(F)c(P(c2ccccc2C)c(Cl)c1Cl)c(Cl)c(Cl)c2Cl)n1,False
Cc1ccc(P(c2c(Cl)c(C)c2c(F)c3F)c3F)c3cccc2)C1,False
Cc1cccc3c2-c2c-3cccc1,False
Cc1ccccc3C)C(C)(C)P(c2ccccc2)c2c(C)c(C)c1cc(C)c(P(c4c(F)c(F)c(F)c1F,False
CCN(CC)C(c3ccccc4)c23)c(Cl)c1Cl)C2CC(P(c2cccc2ccccc2P(C2=C3CCC(C)(C)ccccc2)c(Cl)c2Cl)c2c(F)c(F)c(F)c(F)c4cccc2)cc1)P(c1cc(C)c1c(F)c1F)c1ccccc4-c4cccc2c1-c1c(Cl)c3c(C)c(P,True
Cc1cc(C)cc3C2(C)CCCCC2N2CCCCC3)c(Cl)c(Cl)c(Cl)c(Cl)c(Cl)c(C)cc(C(C)(C)N1Cc1cc(C)c(Cl)c(Cl)c(Cl)c1Cl,False
CC(C)(C)C)B(c2c(Cl)c3c(Cl)c(Cl)c(Cl)c(C)c1ccc(P(c3c(F)c(F)c(F)c(F)c(F)c2F)c(F)c4F)cc(C)cc(C)cc(C)c1c(F)c(F)c(F)c(F)c(F)c(F)c(B(c2c(F)c2F)c2cccc3)C=C(B(c2c(F)c3F)c3F)cccc,True
Clc1c(Cl)c(Cl)c(C)c1,False
Cc1ccc(B2c3cccc2)c(Cl)c(Cl)c(Cl)c1Cl)c1Cl)C(C)(C)B(c2c(C)cc(C)c2cccc1)C2B(c1cc(C(C)CB(c2c(Cl)c(Cl)c(Cl)c(Cl)c(Cl)c2c(Cl)c(Cl)c(Cl)c(Cl)c(C)cc3C)=C3CCC(C)(C)c1,False
Cc1cc(C)cc2C)c(Cl)c2Cl)c2c(F)c(F)c(F)c(F)c(F)c2F)C2C)C2CC(P(c2c(Cl)c(C)c(Cl)c2c(Cl)c4Cl)c(Cl)c(Cl)c2Cl)n1,False
CC(C)(C)P(CB(c1cccc3B(c3c(C(=C(B(c1cccc1)c1ccccc2P(C2=C3CCCC2N2CCCC2)c(Cl)c1c(Cl)c(Cl)c(C)cc2C)c(Cl)c(C)cc2C(C)(C)N1c1ccccccccccc1)C2B(c2c(C)c(Cl)c(Cl)c2cccc(B(c2cccccc3,True
CN1c2c(C)cc2C)c(P(c3c(Cl)c(Cl)c(Cl)c(Cl)c(C)cc(C)cc2C)c2c(Cl)c(Cl)c2Cl)c2cccc1B(c1c(Cl)c3c(Cl)c(Cl)c(Cl)c1Cl)c2Cl)c(Cl)c(Cl)c(Cl)c2ccccc2P(C2=C3CCCCCCC(B(c2c(Cl)c1Cl)C2(,True
Cc1cccc3c2-c2cccc(B2c3ccccc2)c(F)c(F)c(F)c1F,False
Cc1cc(C)cc3C)=C3CCCC1(C)c1,False
Cc1cccccccc1)c1c(Cl)c(Cl)c2Cl)c(Cl)c(C(=C(B(c3c(F)c(F)c1F)c1F,False
CC(C)COCC(C)P(c1c(Cl)c2c(C)cc2C)c(Cl)c(B(c2c(Cl)c(Cl)c(Cl)c(Cl)c(Cl)c(Cl)cc(C)cc2C)c2c(F)c1F)CP(c1c(Cl)ccc2)c2c(B(C2=C3CCCC1CC(C)CCCCCCCC1,False
CC(C)(C)c1,False
CC1(CC)C(c1c(Cl)c(Cl)c(Cl)c(Cl)c(C)c1c(F)c(F)c(F)c(F)c(F)c(F)c(F)c(F)c(F)c(F)c(F)c(F)c(F)c(F)c(F)c(F)c(F)c2c(C)cc1C2(C)C,False
CC(C)(C)c(P(c3c(Cl)c1Cl)c1ccc(P(C(=C(B(c2c(Cl)c(Cl)c3Cl)[P+]2(c2c(F)c(F)c(F)c(F)c(F)c(F)c(F)c(F)c(F)c2F)c2F)n1,False
Cc1cc(C)c(P(c2c(F)c1F)c1c(c2P2CCCCC2)c2c(Cl)c2c(F)c(F)c21,False
Clc1c(Cl)c(Cl)c(Cl)c(Cl)c2Cl)c(Cl)c1c(Cl)c1c(Cl)c(Cl)c(Cl)c(Cl)c(C)c1,False
COB(OC)c1,False
Cc1cc(C(F)(F)F)c3F)cccc1)P(c1c(F)c(F)c(F)c(B(CCP(CCCC2)C2CCCC2)c(Cl)c1Cl,False
CC(B(c1c(Cl)c(Cl)c(C)cc1,False
CC(CCP(c1c(Cl)c1c(F)c(F)c(F)c(F)c(F)c1P(c1c(F)c(F)c(F)c(F)c(F)c(F)c(F)c(F)c3F)cc(C)cc1C)c1,False
Bc1ccccc2)c2c(Cl)c(Cl)c(Cl)c2c(C)c3c(c2P2CCCCC3)c(C)cc(C)cc(C)cc(C)c1,False
CC(B(c1c(Cl)c3c(F)c(F)c(F)c(F)c1F)=C(c2c(F)c(F)c(F)c(F)c(F)c2F)c(F)c(F)c(F)c(F)c([P+]2(c3c(Cl)c(Cl)c1Cl,False
Cc1ccc2)c2cccc3)c3c(C)cc3C2(C)cc(C)c(Cl)c(Cl)c1cc(C)c3cccc4)c23)cc2C)c(P(C(CB(c2cccc3)c3c(Cl)c(Cl)c(C)cc2C)c(Cl)c(Cl)c(B(c3c(Cl)c(Cl)c1c(Cl)c(Cl)c1Cl,False
CC=C(CP(c1cc(C(=CCB(c1c(Cl)c(B(C3CCCCC2)C2CCCC2)C2CCCC2)c(F)c(F)c(F)c(F)c(F)c3F)C2CCC1C(c1cc(C)c([P+]2(c2c(Cl)c(Cl)c2Cl)c4c(F)c(F)c2F)c1F)=C(c1c(Cl)c3Cl)(c3cc(C)cc(C)cc(,True
Clc1c(Cl)c(Cl)c1Cl,False
CC1(CC)CCCC1)C2B(c2c(F)c(F)c(F)c1F)CP(c1c(Cl)c(C)c1,False
Cc1cc(C)c1,False
Clc1c(F)c(F)c(F)c(F)c(F)c(F)c(F)c(F)c(B(c2c(Cl)c1Cl)c(Cl)c1Cl)c4Cl)c(Cl)c3Cl)c(Cl)c(Cl)c(Cl)c2c(Cl)c(Cl)c(Cl)c2cccccc1)c1c(Cl)c(Cl)c(Cl)c2Cl)c(Cl)c2Cl)c(Cl)c(Cl)c(Cl)c3c,True
CCN(CC)C(c3c(Cl)c(Cl)c2Cl)Cl,False
Clc1c(F)c(F)c1c(Cl)c1Cl,False
CC1(C)CB(c2c(Cl)c(C)c1,False
CC1(C)COCC(C)(C)B(c1cc(C)c1,False
Cc1ccccccccc23)c(C)cc1C)B(c2c(B(c2ccccccc3)c3c(Cl)c(C)c(P(c3ccccc2C)c2c(F)c(F)c3F)c(F)c(F)c(F)c(F)c(F)c(F)c(F)c(F)c(F)c(F)c2F)P(c2c(Cl)c1Cl)c(Cl)c(Cl)c2c(C)cc(C)cc2C)c2c,True
FC(F)(F)F)c3F)c(F)c(F)c3c(F)c2cccc2B(c1c(Cl)c(Cl)c3c(F)c(F)c(F)c(F)c(F)c(F)c1F,False
c1cc(C)cc2C)c(P(c2c(C)cc(C)cc(C)c1c(F)c1F)CP(c1cc(C(=C(B(c2cccc23)c(C)c(P(c2cccc1Cl)c2Oc2c(F)c(F)c(F)c(F)c(F)c3F)c3F)c2F)n1,False
CC(B(c2c(F)c2c(C)c(PC(=C(c1cc(C)c1,False
Cc1ccccc3C)C(C)P(c1ccccccc(C)c(B(c2ccccccccccc4ccccc(C)cc(C)cc(C)cc(C)c1,False
Cc1ccc(B(C(=CCB(c2c(C)cc1)c1cc(C)cc(C)c1,False
Clc1c(F)c(F)c(F)c(F)c(F)c2c(Cl)c(Cl)c2cccc1B(c1c(Cl)c(B(c2c(Cl)c(Cl)c(Cl)c1Cl)c2c(C)c1cccccc23)c(F)c(F)c(F)c(F)c(F)c(F)c1F)C(C)(C)[P+]2(c3cccc2B(c1c(Cl)c(Cl)c(Cl)c(Cl)c1,True
CC(C)(C)P(B(c3c(Cl)c1Cl)CCP1c1cc(C(F)(F)F)c1F)c1cc(C(C)P(B(c2c(F)c(F)c(F)c2c(C)cc1C,False
Cc1ccc(P(C2CCCCC3)c(Cl)c(Cl)c(Cl)c(Cl)c(Cl)c2cccc2)c2c(C)c(Cl)c1c(C)c1,False
CC(C)(C)CB(c2cccc2)cc1C,False
Cc1cccc21,False
CC=C(B(c3cccc2P(c2c(Cl)c2c(F)c(F)c2F)c2F)c2c(F)c(F)c(F)c2F)c2F)c(F)c(F)c(F)c(F)c(F)c(F)c(F)c(F)c(F)c(F)c(F)c(F)c(F)c(F)c(F)c(F)c(F)c1c(F)c(F)c1c(F)c(F)c(B(c2c(F)c(F)c(F),True
CC=C(CP(c1cc(C)c1c(Cl)c(Cl)c(Cl)c(Cl)c1Cl)c(B(C2=C3CCCC2N2CCCC(CC)C(B(c2ccccc3)c3c2CCCC2)c2c(C)cc(C)cc(B(c2c(Cl)c(Cl)c(Cl)c(Cl)c(Cl)c(C)c(C)cc2C)c(B(c2cccc2P(c2c(C)cc3C2,True
Cc1cc(C)c1,False
Fc1c(C)c(B(c2c(C)c([P+]2(c3c(Cl)c(Cl)cccc1B(Cl)c2Cl)c3Cl)c(Cl)c(Cl)c(Cl)c(C)cc2C)C(c3c(F)c(F)c(F)c(F)c(Cl)c(Cl)cccc1,False
Cc1ccccc1)P(c1cccc3)c3c(C)c1,False
CC(C3)C3CCCC2)C2C3CCCC1C[B-]2(c2c(C)c(Cl)c(Cl)c(Cl)c1Cl,False
CC1(C)CB(c2c(B(c2cccccc1C)c1,False
Clc1c(Cl)c1P(C1CCCC2)c(Cl)c(Cl)c(Cl)c(Cl)c(Cl)c1Cl,False
CCC1(C)c1,False
Cc1cccccc2)c2cccc1,False
Cc1cc(C)cc(C)cc2C)c(C)cc(C(F)(F)F)c3)c3c(F)c(F)c(F)c(B(c3c(F)c2F)c2F)c(F)c(F)c(F)c(F)c1c(Cl)c2cccc2)c2ccccc(c34)P2c2c(F)c1F,False
Cc1cc(C)c1,False
Cc1ccc(c34)P2c2cccccc1BCl,False
CC1(C)C)CCCC3C(c3c(C)c(C)c1,False
Fc1c(Cl)c(Cl)c(Cl)c2Cl)c(Cl)c(Cl)c(Cl)c(Cl)c3Cl)c1P(C1CCCCC2N2CCCCC1)C2B(c2cccccc4cccc3B(c3c(Cl)c(C)cc2C)c2P2CCCCC2(C)c(C(F)(F)F)cccccc1,False
Cc1cc(-c2c-3cccc2N(Cc3cccc21,False
CC(C)(C)cc1,False
Fc1c(Cl)c3Cl)c(Cl)c2Cl)c2c(F)c(Cl)c(Cl)c(Cl)c2c(C)c1,False
Cc1ccccc5)c24)CC3)c(Cl)c(Cl)c1Cl)c1Cl,False
Fc1c(C)cc(C)cc2C)c(Cl)c1Cl)c(Cl)c3Cl)C2)c(Cl)c(C2N(Cc2ccccccc2)c(F)c(F)c(F)c(F)c(B(c2c(F)c(F)c(F)c(F)c(F)c(F)c(F)c(F)c(F)c(B(c3c(C)cc1,False
Bc1ccc(C)c(Cl)c(Cl)c(Cl)c(Cl)c2Cl)c(Cl)c(Cl)c2Cl)c(C)cc1C)c1,False
Fc1c(Cl)c(Cl)c(C)c1,False
CCC(C)(C)CCCC(B(c2ccccc2)C1,False
FC(F)(F)F)c1F)c1F)CP(c1c(Cl)c(Cl)c2cccc3O2)c2c(C)cc2C)C2CCCC(C)(C)C2CCCCB(c1c(Cl)c(Cl)c3Cl)c2Cl)c(C)cc(C)c1c(F)c2F)c2F)c2c(F)c(F)c(F)c(F)c3F)c3F)c3F)C2CCCC2)c(Cl)c1Cl,False
Fc1c(F)c2F)c(F)c2F)c2cccccc2)OC1(C)C[B-](c1c(F)c(F)c2c(C)cc2C)c(Cl)c(Cl)c(Cl)c2c(Cl)c(Cl)c(Cl)c2Cl)c(Cl)c(Cl)c(Cl)c(C)c1,False
c1cc(C)cc1C)B(c2c(B(c1cc(C)cc(C)c(Cl)c1c(Cl)c2cccc2)cc1C)c1,False
CC(C)(C)C1CCCC3=C2P(c2cccc2)c2cccc1B(c1c(F)c(F)c(F)c(F)c(F)c(F)c(F)c(Cl)c(Cl)c1Cl,False
CC1(C)CC,False
CN1c2c(Cl)c(Cl)c(Cl)c1Cl,False
c1ccccc32)c(F)c(F)c2c(Cl)c(Cl)c1Cl)c(Cl)c(Cl)c(Cl)c(Cl)c(Cl)c(Cl)c(C)c1,False
Cc1ccc(B(c3c(Cl)c(Cl)c(Cl)c(Cl)c2Cl)c(Cl)c(Cl)c(Cl)c(Cl)c(Cl)c(Cl)c(Cl)c(C)c(P(c3cccc32)c(F)c(F)c(F)c(F)c(F)c(F)c2ccccc2)c(Cl)c(C)c(B(c1c(F)c(F)c(F)c(F)c1F,False
Clc1c(Cl)c(Cl)c(Cl)c(Cl)c(Cl)c(Cl)c3Cl)c(Cl)c2c(C)cc1C)B(c2cccccc1,False
Cc1ccccc1N1C(C)CO2)c2ccccc2cccc(c34)P2c2ccccc(B(c2cccccc2)c2c(Cl)c3Cl)c2c(F)c(F)c(F)c(F)c(F)c1F,False
Cc1cc(C(C)C)cc(C)cc(C)cc2C)c(P(c3c(Cl)c2Cl)c(Cl)c(Cl)c(Cl)c(Cl)c2Cl)P(c1c(F)c(F)c4F)cccccccccc5)c24)CC3)c(Cl)c3ccccc1,False
Cc1cccccccc1N(C)cc(C)c1c(C)cc2C)c2c(F)c(F)c2F)c2c(C)cc2C)c2Cl)c2Cl)n1,False
CC1(C)c(P(CCB(c2c(F)c(F)c3c(Cl)c(Cl)c(Cl)c1Cl)c(Cl)c(C)cc(C)cc2C)c(P(c2c(C)cc(C)cc(C)ccc2)cc1C,False
CC(C)(C)P(CB(c2c(Cl)c3Cl)c(Cl)c(Cl)c(Cl)c(Cl)c(Cl)c1Cl,False
CC(C)(C)B(c2c(Cl)c(Cl)c(Cl)c1Cl)c(Cl)c1Cl,False
Cc1cc(C)c(P(c2cccc2B(c2cccc1C,False
CN1c2c(F)c(F)c1F)C(C)CB(c2c(Cl)c1cccc3)c3c(Cl)c(Cl)c(Cl)c3Cl)c(Cl)c(Cl)c(Cl)c(F)c(F)c2c(F)c1F,False
CCN(C)C,False
Cc1cc(C(F)(F)F)cc(C)c(P(c2cccccc3)c(Cl)c(Cl)c(Cl)c(Cl)c3Cl)c(Cl)c3Cl)c(Cl)c2Cl)c1Cl)c(Cl)c(Cl)c(Cl)c(C(F)(F)F)c1F)c1cc(C)c1,False
Clc1c(F)c(F)c3F)C2CCCC3C(c3c(Cl)c(Cl)c3Cl)c(Cl)c1Cl)c(Cl)c2Cl)C2CCCCCC3C(c3c(Cl)c2c(C)c(P(c2c(F)c2F)c(F)c(F)c(F)c(F)c(F)c(F)c(F)c(F)c(F)c1F)c1F,False
CC(C)(C)CB(c1ccccc3N(Cc2cccccc2)CCCCC1)C2(C)C2CCCCC2)c(F)c(F)c3c(Cl)c(Cl)c(Cl)c(Cl)c(Cl)c(Cl)c(Cl)c2Cl)c1cccc(C)cc(B(Cc2cccc2B(c2c(C)c1,False
CCC(C)C)CC(c2cccc2)c2c(F)c(F)c2F)c2F)c2F)c2c(C)c1,False
CC1(C)C)C(c1c(Cl)c(Cl)c(C2N(Cc3cccc2B(c2ccccc3B(c3cccccc2)N2CCCC2)C(C)CB(c1c(Cl)c(Cl)c1c(F)c2F)n1,False
Cc1cccc2)c2c(F)c(F)c(F)c1F,False
Clc1c(Cl)c(Cl)c(Cl)c3ccccc2)c2c(Cl)c2ccccc4)c4c(Cl)c2Cl)c(Cl)c(Cl)c(Cl)c(Cl)c2Cl)CCB(c1c(F)c1F)c1F)CP(c1cc(C)cc(C)cc(C)cc(C)cc1,False
Clc1c(F)c(F)c(F)c1F)c1F,False
Cc1cc(C)cc2C)c(N(c2cccc2O1)C(C)(C)CCCCC3)c12)C(C)(C)C,False
CC=C(B(c2c(Cl)c(Cl)c(C)c(C2C[B-]2(c2c(F)c2F)c2F)n1,False
Cc1cc(CB(c3cccc2)N2CCCC2)c(F)c(F)c(F)c(F)c(F)c(F)c2F)c2c(C)cc(C)c(Cl)c2c(Cl)c1Cl,False
Cc1ccc(C)c1,False
Cc1cccc2)cc1C,False
c1cc(CB(c1c(C)cc(C)cc2C)c2c(Cl)c(Cl)c2c(F)c2F)P(c2ccccc3)C[B-]2(c2cccccc1)c1cc(C)cc(C)c1c(Cl)c(Cl)c(Cl)c1c(F)c(F)c(F)c2F)c2F)c2F)cccc1C)c1,False
Cc1cccc3c2-c2c-3cccc2cccc2)cc1,False
CC1(C)C)cc(C)cc1C,False
CCC(C)(C)C,False
CC(C)(C)C,False
Cc1ccccc1,False
Cc1ccccc3)c3c(F)c(F)c(F)c(F)c1F,False
Cc1cccc1,False
Clc1c(F)c(F)c(F)c(F)c(F)c(F)c(F)c(F)c2ccccc1B1Oc2c(Cl)c(Cl)c2Cl)c2cccc2)c2c(Cl)c2Cl)C2)cc1,False
CC1C(c1c(Cl)c(Cl)c(Cl)c(Cl)c2c(Cl)c1Cl,False
Cc1ccccc1P(C1CCC2N2CCCC32)c(Cl)c(Cl)c(Cl)c(Cl)c(Cl)c(C)c2ccccc1B(c1cc(C)c(Cl)c(Cl)c(Cl)c2Cl)c1Cl)c2Cl)c2c(Cl)c3Cl)c(Cl)c1Cl)C2(c2cccc2)c2cccc1B(Cl)c(Cl)c(Cl)c2Cl)c(Cl)c(,True
CC(C)(C)N1c1ccccc5)c5ccccc(B(c1cccc2)c(Cl)c(Cl)c1Cl,False
Cc1ccc(B3c4cccc3)C[B-]2(c3c(Cl)c(Cl)c(Cl)c(Cl)c(Cl)c(Cl)c(Cl)c1Cl)c(Cl)c(Cl)c(Cl)c(C(C)(C)CB(c1c(C)c1c(Cl)c1Cl)c(Cl)c2Cl)c1Cl)c2cccccccc1B(Cl)c(Cl)c4Cl)c2cccc2)c2c(F)c(F,True
CC(C)C)cc(C(=C(B(c2c(Cl)c1c(Cl)c1c(Cl)c(Cl)c(Cl)c(Cl)c(Cl)c1Cl)c(Cl)c(Cl)c(Cl)c(Cl)c(Cl)c(Cl)c(Cl)c(Cl)c1c(Cl)c(Cl)c(Cl)c(Cl)c(B2c3ccccccc(c34)P2c2cccccc(OB(c2c(C)cc(C)c,True
CC1(C)OB(c2c(Cl)c(Cl)c2Cl)P(c1c(F)c(F)c(B2c3cccc1B(c1c(F)c(F)c(F)c(F)c(F)c(F)c(F)c(F)c(F)c2F)c(F)c(F)c(F)c(F)c(F)c(F)c(F)c(F)c(F)c(F)c(F)c(F)c(F)c(F)c(F)c(F)c(F)c(F)c(F),True
Cc1cc(C)c(P(CCCC1(C)OB(c2ccccc1B(Cl)c(Cl)c(Cl)c(Cl)c(Cl)c(Cl)c(Cl)c(Cl)c(Cl)c(C)c1,False
CCN(CC)C(B(c1cccccc(OB(c2cccc2)c(F)c(F)c(F)c(F)c(F)c(F)c1F)c1c(C)cc(C)c1,False
CC(B(c2c(F)c(F)c(F)c1F)c1c(Cl)c(C)c1,False
Clc1c(F)c(F)c(F)c(F)c(F)c(F)c(F)c(F)c(F)c(F)c2F)c(B(c2cccc2C)C2CCC(B(c2c(F)c(F)c(F)c(F)c([B-]2(c3c(F)c(F)c(F)c(F)c(F)c(F)c(F)c(F)c2F)c(F)c(F)c(F)c(F)c(F)c(F)c(F)c(F)c(F),True
CC(C)(C)C,False
CC(CB(c2c(F)c(F)c2c(C)cc(C)cc2C)c2Cl)c(Cl)c2cccc3O2)c2cccc2)c2c(C)cc1,False
CN1c2c(Cl)c(Cl)c(Cl)c3Cl)c2Cl)CP(C(C)C1CCCC(B(c2cccc2P(C2=CC(c3c(Cl)c(Cl)c(C(F)(F)F)c1F,False
CC(C)C)C(B(c4c(F)c(F)c(F)c(F)c(F)c(F)c(F)c(F)c(F)c(F)c1F)c1F)=C(c2c(C)c(Cl)c2Cl)C2CCC(C(C)(C)[P+]1(C(C)P(c2c(F)c(F)c(F)c(F)c2c(Cl)c(Cl)c1cc(C)cc(C)cc2C)c(C)cc(C)c(N(c2cc,True
Cc1ccccc2B(c2ccccc2)c2c(F)c(F)c1F)C(CCP(CCB(c1c(F)c(F)c(F)c(F)c(F)c(B(c3ccccc2N(c2ccccc2B(c2cccc2B(c2ccccc4cccc32)c(Cl)c2Cl)c(Cl)c2Cl)CCP1c1cc1c(F)c(F)c(F)c(F)c(F)c(F)c(,True
c1ccccccc21,False
c1ccccc2)cc(CB(c1c(F)c(F)c(Cl)c4cccc3c2-c2c-3cccc1,False
Cc1cccc4cccc3)[P+]2(c2ccccc2)c2c(F)c2F)c2F)c2c(C)cc2C)C2CCCC(C)(C)CCCC2)c(Cl)c(Cl)c(C)cc(-c3cccccc5)c5ccccc(C)cc2C)c2c(C)cc(C(C)(C)COCC(C)C[B-]2(c2c(C)c2c(C)c1,False
Fc1c(F)c1ccccc2cccccc1)C2(c2c(Cl)c2Cl)c(Cl)c(Cl)c1Cl,False
Cc1ccc(C)c1,False
Cc1cc(C)cc4C)c4ccccccc3B(c3ccccc2)cc1C)c1c(Cl)c2Cl)Cl,False
CC(C)COCC(C)(C)N1C(C)(C)P(c1c(Cl)c(Cl)c(Cl)c1Cl)c3ccccccc1P(C(=C(B(c2c(C)c(Cl)c2Cl)c(Cl)c(C)c1c(Cl)c(Cl)c(Cl)c(Cl)c(Cl)c1c(Cl)c3Cl)c(Cl)c(Cl)c(Cl)c1c(Cl)c(Cl)c(Cl)c(B(c2,True
CC(=C(B(c2c(Cl)c2c(F)c(F)c(F)c2F)c2cccc5)c24)CC3)c(Cl)c2c(Cl)c2Cl)c(Cl)c2c(Cl)c(Cl)c(Cl)c1cc(C(=C(B(c1c(Cl)c2c(Cl)c(B(c3c(F)c(F)c(F)c(F)c(F)c1F)C(CB(c1c(C)c(P(C(C)(C)c1,False
c1ccc(C(=C(B(c3c(Cl)c2c(F)c1F,False
c1cc(C)c(Cl)c(C)cc1)c1c(C)cc2C)c2ccccc2P(c2cccc3)c3c(F)c(F)c(F)c(F)c(F)c1F)c1c(Cl)c(Cl)c3c(c2P(c2c(Cl)c(Cl)c(Cl)c1Cl)c2Cl)c2Cl)c1Cl)c(Cl)c(Cl)c(Cl)c(C)cc(C)cc(C)cc1,False
Fc1c(F)c(F)c(F)c1cc(C)c1,False
CN1c2c(F)c(F)c(F)c(F)c2F)c2F)c2F)P(c1c(Cl)c(Cl)c(Cl)c(Cl)c(Cl)c(Cl)c(Cl)c(Cl)c(Cl)c(Cl)c(Cl)c(Cl)cc(C)c1,False
Fc1c(Cl)c2c(C)cc(C)c2Cl)c(Cl)c(Cl)c(Cl)c1c(F)c(F)c(F)c1F)c1F,False
CC(C3)C2B(c2c(Cl)c(C)c1,False
Cc1cccc2)cc1)C(C)(CC)C(C)(C)P(CB(c2cccc5)c5cccc2)c2c(Cl)c2Cl)c1Cl,False
CCN(CC)CC1(C)C)C(B(c3cccc23)c(F)c2c(Cl)c(C2N(Cc2cccc3)C3CCC(C)(C)C,False
CC1(C)C1CC(C)(CC)(C)N1Cc1cc(C)c1,False
CC1(C)cc2C)c2cccc2-3)c2c(C)c(Cl)c(C)c(P(c3c(Cl)c2c(F)c(F)c2F)c(C)c(Cl)c(C)cc3C2(C)C)C(B(c2c(Cl)c(Cl)c(C)c1,False
CC1(C)c(P(C2CCCC3)c(Cl)c(Cl)c(Cl)c(Cl)c2Cl)c2C)c(P(CCB(c2c(F)c(F)c(F)c(F)c(F)c(F)c(F)c(F)c(F)c(F)c4F)cccc1B(Cl)c3c(F)c(F)c(F)c1F)(c1cc(C)c2c(F)c(F)c1,False
Clc1c(F)c(F)c(F)c1c(F)c(F)c(F)c2F)P(c1c(F)c(F)c(F)c2cc(-c2c(C)c(Cl)c3Cl)c(Cl)c(Cl)c(C)c(Cl)c(Cl)c(Cl)c(Cl)c(Cl)c(Cl)c(C)cc(C)c1cccc(B(c3ccccc3)C3CCC(C)CB(c2c(B(c2ccccccc,True
Cc1cc(C)cc3C)C(C)(C)B(c1c(Cl)c(Cl)c(Cl)c1Cl)C2)c(Cl)c(Cl)c(Cl)c(B(c3ccccc2C)c(Cl)c(Cl)c3Cl)C1c1ccc(P(c2c(F)c(F)c(F)c2F)c2F)c2c(Cl)c1c(F)c(F)c(F)c(F)c(F)c(F)c(Cl)c2Cl)c(C,True
CC1(C)C,False
c1cc(C)c(P(C2CCC(C3)C2P(c2c(Cl)c(Cl)c2Cl)c(Cl)c(Cl)c(Cl)c(Cl)c(Cl)c2Cl)c(C)cc1,False
CC(B(c3ccccc2)c2c(F)c(F)c2F)n1,False
Clc1c(F)c(F)c(F)c(B(c2c(F)c(F)c(F)c(F)c(F)c(F)c(F)c1F,False
Fc1c(F)c(F)c(F)c(F)c(F)c(F)c(F)c(F)c(F)c1F)C(C)C=C2B(c2c(F)c(F)c(F)c(F)c(F)c(F)c(F)c(F)c(F)c(F)c(F)c(F)c(F)c(F)c1F)c1F,False
Clc1c(F)c1F)c1P(C1CCCC(C(C)CO2)cc1C2(C)COCC(C3)C2B(c2cccccc2)cc1,False
CC1(CC)CCCCCC2(C)cc3C)c(P(c2ccccc3)[P+]2(c2c(Cl)c(C2N(Cc2cccc1,False
Cc1cccc1B(c1c(Cl)c1Cl)c1c(Cl)c3Cl)C2CCCC1C(N1CCCCCB(c3ccccc3)c3c(F)c(F)c(F)c(F)c2F)c2F)n1,False
Cc1cc(C)cc2B(c2c(F)c(F)c(F)c(F)c(F)c(F)c(F)c2F)c(F)c1F)c1cc(C(F)(F)F)cc(C)cc(C)c(P(c2c(Cl)c(Cl)c3Cl)c(C)cc1)c1ccc(B(c4c(F)c2c(F)c(F)c(F)c3F)c2F)c2F)C2CCCCCC(C(C)(C)N(Cc2,True
c1cccc23)c(C=C(CP(c1ccccc5)c5cccc2P(c2c(Cl)c(Cl)c2Cl)c(Cl)c(B(c2c(F)c(F)c(F)c2F)c(F)c(F)c(F)c1F,False
CC1(C)c(P(c2c(C)cc1C)c1,False
Cc1cccccc3B(c3cc(C)c(P(c3c(C)cc(C)c1,False
Fc1c(C)c(P(c2cccc2O1)C(CC)(C)P(c1c(F)c(F)c(F)c2F)c2c(Cl)c(Cl)c(Cl)c(Cl)c(Cl)c(Cl)c1Cl,False
Cc1ccccc4cccc(P(c3cccc3N(Cc2cccc2)c2c(F)c2F)c2F)c(F)c(F)c(F)c(F)c(F)c(F)c(F)c(F)c(F)c2F)c2F)c2F)P(c1c(F)c(F)c(F)c1F,False
Cc1ccccn2)c2c(C)cc3C)c2c(F)c(F)c(F)c(F)c(F)c(F)c(F)c(F)c2c(C)cc(C)cc2B(c2c(F)c(F)c(F)c(F)c(F)c2F)c2F)c1c(F)c(F)c(F)c(F)c2F)P(c1c(Cl)c(Cl)c(Cl)c(Cl)c(Cl)c(Cl)c(Cl)c(Cl)c(,True
Clc1c(F)c(F)c(F)c(F)c(F)c2F)c(F)c(F)c(F)c(F)c(F)c(F)c(F)c(F)c(F)c(F)c2c(C)cc2C)c(P(c2c(F)c(F)c(F)c(F)c(F)c(F)c1ccc(C)cc3C2(C)C)N1Cc1ccc(C)c1,False
Clc1c(Cl)c(Cl)c(Cl)c(C)cc2C)c(P(c2c(Cl)c(Cl)c2Cl)c3Cl)[P+]1(c1cc(C)cc2C)c2P2CCCC(C)(C)C,False
Cc1ccc(C)c(Cl)c(Cl)c(Cl)c(Cl)c(Cl)c2c(C)c(N(c2c(C)cc2C)c(P(C(C)C)cc(C)cc3C)=C3CCC(C)(C)cc(C)c(P(C(C)N1c1ccccc2N3Cc2cccc(B(c3c(F)c(F)c(F)c(F)c(F)c(F)c(F)c(F)c(B(CCP(C(=CC,True
CC(B(c1c(Cl)c1Cl)c(Cl)c(Cl)c(Cl)c2c(F)c(F)c1F)c1F)c1cccc2B(c1c(Cl)c(Cl)c(Cl)c2Cl)c(Cl)c(C)ccc2)cc1,False
CCN(CC)C(C)(C)C,False
CCN(CC)C(C)(C)CB(c1cccc2)cc1)P(c1c(F)c(F)c(F)c4F)ccccc43)c12)C(C)(C)P(c2cccccc4ccccc2)c2cccc2)c2c(F)c(F)c(F)c(F)c(F)c(F)c(F)c(F)c(F)c(Cl)c(Cl)c(Cl)c(Cl)c2Cl)c(Cl)c2c(F)c,True
Cc1ccc(B(c1cc(C)cc(CB(c2ccccc(C(F)(F)F)c3cccc1N1C(C)(C)cc(C(C)(C)cc(C)cc2C)c2cccc3c2-c2c-3cccccc2)c2cc(C)c(Cl)c1Cl)C2CCCCB(c1c(F)c(F)c(F)c2F)c(F)c(F)c(F)c(F)c(F)c(F)c(F),True
CC(C)(C)N1c1ccccccc1,False
CC(C)COCC(C)(C)CB(c2c(C)c1,False
CC1(C)C)cc(C)c1,False
Cc1cc(C)cccc4)c4ccccc2)c2c(F)c(F)c2cccccc2)c2c(F)c4F)c4F)c4F)cc(C)c(C)c1,False
Fc1c(F)c(F)c2c(F)c(F)c(F)c1F)C(CB(c1c(Cl)c(Cl)c1c(F)c1)C2B(c2cccc2B2OCC(C)(C)c(Cl)c(Cl)c1Cl,False
Bc1cc(C)c(Cl)c(C(F)(F)F)c3F)cccc23)c(C)cc2C)c2cccc2B(c2c(Cl)c2Cl)c1cc(C(=CCB(c2c(Cl)c(Cl)c2Cl)c4c(C)cc2C)c2cccc4)c23)c(Cl)c(Cl)c(Cl)c(C)c1,False
CCC1)C1CCCC1C(N1CCC2B(c2c(Cl)c(Cl)c(Cl)c(Cl)c(Cl)c1Cl)c1Cl,False
Cc1cc(C)cc(C)cc(C)ccccc2)c(F)c(F)c(F)c(F)c(F)c(B(c2c(F)c(F)c(F)c4F)cc(C)c1,False
Clc1c(F)c2F)c(F)c(F)c(F)c(F)c(F)c(F)c(F)c4F)c4cccc3c2-c2c(Cl)c(Cl)c3Cl)c(Cl)c(Cl)c(Cl)c(Cl)ccc23)c(Cl)c2Cl)c2c(C)cc2C)C(B(c2c(Cl)c(Cl)c(Cl)c(Cl)c3Cl)c(C)cc1,False
Clc1c(F)c(F)c(F)c(B(c1ccccc1)P(c1c(Cl)c(Cl)c(Cl)c(Cl)c(Cl)c2Cl)c(Cl)c1c(B(c3c(Cl)c(Cl)c2c(F)c(F)c(F)c1cccc4cccc1B(c1c(F)c(F)c(F)c2ccccc2-3)c2cccc1B1Oc2cccc2)c2cccc12,False
Cc1cccc3C2(C)C2C3CCCCC1,False
Cc1ccccc(B(c3c(C)c(Cl)c(Cl)c3c(F)c(F)c(F)c2F)c(F)c(F)c(F)c(F)c(F)c(F)c(F)c(F)c(F)c(F)c1F,False
COB(OC)c1,False
Cc1cc(C)c1,False
Fc1c(F)c(F)c(F)c(F)c1F)C(C)(C)P(c2c(F)c(F)c(F)c(F)c(F)c(F)c(F)c(F)c1F)c1c(Cl)c2cccc21,False
Clc1c(F)c2cccc(P(c4c(F)c2c(Cl)c2Cl)c(Cl)c2Cl)c(Cl)c(Cl)c(Cl)c(Cl)c(Cl)c(Cl)c3Cl)C(C)C)C(C)C)N1c1ccc(C)c1,False
c1cc(C)cc1Cl,False
Cc1cc(C)cc(C)c(P(c2c(C)cc(C)cc2C(C)(C)B(c2c(F)c(F)c(F)c(F)c(F)c(F)c(F)c(F)c(F)c(F)c(F)c(F)c(F)c(F)c(B(c2ccccc2cccc3O2)c2c(B(CC(C)(C)C,False
Cc1cc(C(=C(B(c2ccccc1)C2(C)C,False
Cc1ccc2)cc1)P(c1c(C)c(Cl)c(Cl)c(F)c(F)c(F)c(F)c(F)c(F)c3F)c3F)C2C)C2CCCCC(C)C,False
Cc1cc(N(c2c(C)cc(C)c1,False
Cc1ccccccc2)cc1,False
CCC1C(c1c(Cl)c1cc(C)cc(C)c(-c3cccc2)cc1,False
Cc1cc(C)cc2C)c2ccccc2)c(F)c(F)c(F)c(F)c(F)c2c(C)c(Cl)c(Cl)c1Cl)c2Cl)c(Cl)c(C)c2c(Cl)c(Cl)c1Cl,False
CN(CC)C(B(c2cccc2)c2c(F)c(F)c(F)c(F)c(F)c(F)c(F)c1F)c1F,False
Cc1cc(C(F)(F)F)c1F)c1F,False
Clc1c(F)c(F)c(F)c(F)c(F)c2F)C2C)C2CC(P(c4ccccc1B(Cl)c2c(C)cc3C)c2c(Cl)c2C)c(P(CCB(c1c(F)c(F)c(F)c(F)c(B(c2c(Cl)c1Cl,False
Cc1cccc1,False
Clc1c(F)c(F)c(F)c(F)c(F)c2F)n1,False
Cc1ccccc(B(c2c(Cl)c2C)c(P(c2c(Cl)c2Cl)c2Cl)c(Cl)c1ccc(C)cc(C)cc1,False
CCC1)C1CCCC3C(c3c(Cl)c3c(Cl)c(Cl)c(Cl)c(Cl)c2Cl)c2Cl)c(Cl)c2Cl)c(Cl)c2c(F)c(F)c(F)c2F)c2c(Cl)c1Cl)c(C)c(Cl)c(Cl)c2Cl)C1c1cccc3B(c3c(Cl)c(Cl)c(Cl)c(Cl)c(Cl)c2Cl)n1,False
Cc1cc(C(F)(F)c2c(Cl)c1Cl,False
CC(=C(B(c2cccc(C)c(C)c(B(c3c(F)c(F)c(F)c(F)c(F)c(BP(c2c(C)c(Cl)c(Cl)c(Cl)c2c(F)c(F)c(F)c(F)c(F)c(F)c(F)c(F)c(F)c(Cl)c1c(Cl)c2Cl)c3Cl)c(Cl)c2c(Cl)c3Cl)c(Cl)c(Cl)c(C)c1cc(,True
Cc1cc(C(N2CCCCB(c2c(F)c(F)c(F)c(F)c(F)c(Cl)c(Cl)c(Cl)c2c(C)c(Cl)c1Cl)c2Cl)P(c1c(Cl)c(Cl)c(Cl)c(Cl)c(Cl)c3Cl)c(C)c1,False
CCN(CC)(C)cc1,False
Cc1cc(C)cc(C)c2c(F)c(F)c(F)c(F)c(F)c(F)c(F)c(F)c(F)c(F)c(F)c2F)c2c(F)c(F)c1F)c1F,False
CC1(C)CO2)c2c(F)c(F)c3F)cc(C)c1,False
Cc1cccc2)P(c1c(F)c(F)c(F)c(F)c(F)c(F)c(F)c(F)c2F)n1,False
Cc1cc(C)c1,False
CCC(B(c2c(Cl)c1P(C1CCC2)c(Cl)c2Cl)c2Cl)c(Cl)c(Cl)c(Cl)c(Cl)c(Cl)c(Cl)c(Cl)c(B(c3c(F)c(F)c(B(c3c(F)c(F)c(F)c(F)c(F)c(F)c(F)c(F)c(F)c(F)c(F)c2F)cc(C)c(Cl)c(Cl)c2Cl)c2Cl)c(,True
Bc1cc(-c3cccc3c2-c2c-3ccccc2P(c2c(Cl)c2Cl)c(Cl)c1c(Cl)c(Cl)c(Cl)c3ccccccc3cccc1B(Cl)c(Cl)c(Cl)c(Cl)c(Cl)c(Cl)c(Cl)c(C)cc2C)c2c(C)c(Cl)c(Cl)c(Cl)c(Cl)c2Cl)n1,False
CN1c2c(F)c(F)c2F)c(F)c(F)c(F)c(F)c(F)c(F)c(F)c4F)c4F)cccc2)c2c(F)c2c(C)c1,False
c1cc(C)c(PC(=C(B(c1c(F)c(F)c(F)c1cc(C)cc2C)c2cccc3c4c(Cl)c1Cl,False
CN(CC)c2c(F)c1F,False
Clc1c(Cl)c(Cl)c(C)c1,False
Cc1ccccccc3c4c(F)c(F)c(F)c(B(c2c(C)c(P(CCC(CCP(c1c(Cl)c2c(F)c(F)c1c(Cl)c(Cl)c3Cl)c2Cl)c(Cl)c(Cl)c(Cl)c(Cl)c(Cl)c(C)cc(C)cc(B(c3c(C(C)(C)C)CCCCB(c1cc(C(F)(F)F)c1F,False
Cc1ccc(c34)P2c2cccc1N(C)C)C(c1c(Cl)c(Cl)c(Cl)c(Cl)c(Cl)c(Cl)c2Cl)C2CCCC2)cc1)P(c1c(F)c(F)c(P(c2c(Cl)c1Cl)C2CCCC3)c12)C(C)P(CB(c1c(Cl)c(Cl)c(Cl)c(Cl)c(Cl)c3c(F)c(F)c(F)c1,True
Fc1c(F)c(F)c(F)c(F)c(F)c2F)c(F)c(F)c(F)c(F)c(F)c(F)c(F)c2F)c2F)c2F)N2CCC1,False
c1cc(C)c1,False
Cc1ccccc3c2CCCCC1(CC)CCCC(C)(C)C1CCCC2)c(Cl)c2Cl)n1,False
CC(C3)C3CCC(C)(C)P(B(c3c(F)c3)c(C)c1,False
Clc1c(F)c(F)c(F)c(F)c(F)c(F)c2F)c2F)c1F)c1c(Cl)c(Cl)c(Cl)c2Cl)c(Cl)c(C)cc(C)c(Cl)c(Cl)c3c(F)c1F,False
CC1(C)cc(C)cc(C)c(Cl)c2cccc1,False
Cc1ccc(-c3c(F)c(F)c(F)c(F)c(F)c2F)c(F)c(F)c1F)c1ccccc3C2(C)C,False
CC(C)(C)C)N1c1ccc(B(c1c(F)c(F)c3F)c3F)c(F)c1c(C)cc2C)c2c(F)c1F,False
CC(B(c3c(C)cc(C)cc1C,False
Cc1cccc(B(c2c(C)c(-c2c-3cccc2)cc1,False
Cc1ccc(c34)P2c2c(C)cc(C)c1,False
Cc1cccccccccc3cccc3C)c(P(c2ccccc1)CB(c2c(F)c(F)c(F)c(B(c3c(C)cc(C)c1c(F)c(B(c2cccc(B2c3cccc1)N1C(C)(C)N1Cc1ccccccc1B1Oc2c(F)c(F)c(F)c(F)c(F)c(F)c(F)c(F)c(F)c(F)c(F)c(F)c,True
Cc1cc(C)cc2C)c(P(CCB(c1c(Cl)c(C)cc3C)c2cccc1C)c1c(C)cc2C)c2cccc(C(CB(c2c(Cl)c(Cl)c(Cl)c1c(F)c(F)c(F)c(F)c(F)c(F)c(F)c2cccccccc2cccc3O2)cc(C)c(P(C2CCC1,False
CC(C(C)P(c1c(Cl)c(C)cc(C(C)C,False
Cc1cccc3)C[B-]2(c2c(Cl)c1Cl,False
c1cc(N(c2cccc(P(c2cccc2)cc1C,False
Cc1cc(C(F)(F)F)c3F)c3F)c3)c3c(Cl)c2Cl)n1,False
CC1(C)C1CCCCB(c1c(F)c(F)c(F)c(F)c2F)c(B(c2cccc1P(c1cc(C)c1,False
CC1CCC2(C)CCC[P+]1(c1c(F)c1F,False
Cc1ccc(C)cc(C)cc(C)cc3C2(C)C,False
Cc1cc(C)c2cccc2P(c2ccccc2)c2c(C)c1,False
CC(C)(C)C,False
Cc1cc(C(=C(B(c2c(C)c(Cl)c2Cl)c2Cl)c(Cl)c(Cl)c1cccc3c2oc2c(C)cc3C2(C)cc3C)c3c(Cl)c(Cl)c2c(F)c2F)c2F)c2F)c(F)c1F)=C(c1cccccccc4cccccccc2P(C2=C3CCCC(C)CB(c2c(F)c(F)c3F)c3F),True
CC1(C)CCCC(B(c2cccccc2)c2c(Cl)c(C)c1,False
CN1c2c(Cl)c3Cl)c(C)c(P(C(C)(C)C)n(B(c3c(Cl)c1Cl)c2Cl)c(Cl)c2ccccc3c2-c2cccc2B(c1c(C)c(P(c2c(C)cc1C,False
Cc1cc(C)c(C)cc1,False
Cc1ccccc2C)C2CCCC3C(c3cccc1)c1ccccc2)N2CCCC2)C(C)C)C(C)(C)C)n(B(c2c(B(c1c(Cl)c2Cl)c(Cl)c(Cl)c(Cl)c(Cl)c3Cl)[P+]2(c2c(C)c1,False
Cc1ccccc3)C3CCC(C3)C2P(c2cccc2)N2CCCC3)c2cccccccc2)c2c(F)c(F)c(F)c(F)c(F)c1c(Cl)c1c(C)c(P(CCC(C(C)C1CCCC2P(c2c(Cl)c(Cl)ccccc2c1-c1c(Cl)c(Cl)c1Cl,False
Cc1cc(C)cc(C)cc(C)cc(C(F)(F)F)c3F)c3F)c3c(F)c(F)c(F)c(F)c1F,False
Cc1cc(C(F)(F)F)ccccc(C(=C(B(c3c(Cl)c(Cl)c(Cl)c(Cl)c(Cl)c(Cl)c(Cl)c1c(F)c4c(F)c1cccccn2)c2c(Cl)c(Cl)c(Cl)cc(C)c(Cl)c1c(C)c(P(CCB(c1c(F)c(F)c1c(Cl)c2Cl)c(C)c1,False
Clc1c(F)c(F)c2F)c2c(C)c(P(c2c(Cl)c2Cl)CP(c1c(Cl)c2c(B(c1c(F)c(F)c2F)n1,False
c1ccccc3)[P+]2(c3cccc1B(Cl)c(Cl)c3c(Cl)c(Cl)c(Cl)c1c(F)c3F)CC(c2c(Cl)c1ccccc2)c(Cl)c3Cl)C2CCCC1(C)c1,False
CCN(CC)C(c1cccc4)c23)c(Cl)c2Cl)c(Cl)c(Cl)c(Cl)c2Cl)c2Cl)c1cccc3c4cccc3O2)cc1C,False
CC(C)(C)N1C(C)(C)cc(C)c(PC(=C(B(c2c(C)cc2C)c([B-]2(c3c(Cl)c2Cl)c(Cl)c1Cl)C2CCCC2)cc1)c1c(C)cc(C)c1,False
CC(C)CCCCCC3)C2P(c2c(C)c1,False
CC(CB(c1c(F)c(F)c(F)c(F)c(F)c(F)c(F)c(F)c(B(c3c(F)c(F)c(F)c(F)c(F)c(F)c(F)c3)cc2B(c2c(C)cc2C)cc(C)cc(B(c2c(Cl)c2Cl)c(Cl)c(Cl)c2c(F)c(F)c(F)c(B2c3cccccccc1,False
Cc1cc(C)cc(C)c1c(c2P2CCCC2B(c2c(C)c(Cl)c2Cl)c(Cl)c(Cl)c(Cl)c(Cl)c2c(F)c(F)c(F)c(P(c2cccc3)c3c2-c2c-3cccccc3c2oc2c(C)c1c(F)c(F)c(F)c3)c3c(Cl)c3Cl)c2Cl)c(Cl)c2Cl)n1,False
CC1(C)C,False
Clc1c(F)c(F)c(F)c(F)c(F)c(F)c(F)c(F)c(F)c(F)c(Cl)c(C)c([P+]1(c1cccc(B(Cc2cccc4)ccc2)c2cccc2-3)c2c(F)c3F)c2cccc2)cc1C)c1,False
Bc1cccc3B(c3c(C)cc(C)cc3C)c3cccccc2)c2c(F)c(F)c(F)c1F)c1F)c1F,False
CCN(CC)(C)P(CB(c2c(F)c(F)c(F)c1F)CP(c2c(Cl)c(Cl)c1Cl)c1Cl)C2(c2cccc2P(c2ccccc2)c(F)c2cccccc2)cc1)P(c2cccc1)c1cc(CCC(B(c3c(Cl)c(Cl)c4cccc2)c2c(B(c3c(F)c(F)c(F)c(F)c(B(c2c,True
CC(C)P(B(c2c(Cl)c(Cl)c(C(F)(F)F)c3F)c3c(C)cc(C)c(P(c2c(F)c2F)n1,False
CC(B(c1c(Cl)c(Cl)c1Cl,False
Cc1cccc3B(c3c(F)c(F)c(F)c1F)CP(c1c(Cl)c2cccc1B(Cl)c(B(c2ccccccc4cccc2N(c2c(F)c1F)c1c(Cl)c2Cl)c1c(Cl)ccccc2)c2c(F)c(F)c(F)c(F)c(B(c1cccc3c2oc2c(Cl)c(C2N(Cc3cccccc2)c(Cl)c,True
CC(C)(C)CCCCB(c1cccc1,False
Cc1cccc2)cc1C)c1c(C)c(Cl)c1Cl)c(Cl)c3c(F)c(F)c1F,False
Fc1c(F)c3c(C(=CCB(c1c(F)c(B(c3ccccc2)c2c(C)cc3C2(C)CB(c1ccc(C)cc3C2(C)C)C(B(c1c(Cl)c1Cl)C1c1ccccccc2)cc1,False
CCN(C)C)cc1,False
CC=C(Pc1cc(C)c(-c3cc(C)cc3C2(C)C,False
CC(=C(B(c2c(F)c(F)c(F)c(F)c(F)c1c(C)c(P(c4c(C)cc(C)cc2C)c(Cl)c2c(Cl)c2Cl)c1c(Cl)c2Cl)P(c2c(F)c(F)c(F)c(F)c3F)c(F)c(F)c([P+]2(c3ccccn2)c2cccc1B(c1ccccc1,False
CC1(C)C)c2Cl)c(C(C)P(CB(c1c(Cl)c(Cl)c(Cl)c(Cl)c(Cl)c(Cl)c2Cl)c(Cl)c(Cl)c(Cl)c(Cl)c(Cl)c(Cl)c3Cl)c(Cl)c(C(=C(B(c2c(F)c(F)c(Cl)c3Cl)C2CCCCC2)c(F)c1F)=C(c1cccc2-3)c2ccccc2c,True
CC(C3)C2B(c2c(Cl)c(Cl)c21,False
CC(C)(C)cc(C)cc1C)c1,False
Cc1cc(C)c(Cl)c(Cl)c(Cl)c2ccc3B(c3c(F)c(F)c(F)c1ccc2)c2cccc2B(c1c(F)c(F)c1)c1c(F)c(F)c(F)c(F)c(F)c(F)c(F)c(F)c2F)C2(c2c(C)cc1,False
Cc1cc(C)cc1C)c1,False
CC1(C)C)C(C)(C)C1CCCC2N2CCCC2(C)C)CCCC(B(c2c(F)c1F)c1c(B(c3cccc1,False
Cc1cc(C)c(Cl)c(Cl)c2Cl)P(c2cc(C(F)(F)F)cc(C)cc2C)cc1,False
Cc1cc(C(F)(F)F)c(F)c(F)c(F)c(F)c(F)c(F)c(F)c(F)c2F)cc(C)c1,False
Cc1cccc1P(c1c(Cl)c2Cl)c(Cl)c(Cl)c1Cl,False
CCN(CC)c2c(F)c(F)c(F)c(F)c(F)c(F)c(F)c(F)c(F)c1F)c1F)c1F)c1F,False
Bc1cccc2)c2c(C)c1,False
Cc1cc(C(C)C)c(Cl)c(Cl)c(C(F)(F)F)cccccc1)CB(c2c(Cl)c3Cl)c(Cl)c(Cl)c1c(C)cc(C)c([B-]2(c3c(Cl)c1Cl,False
CN1c2c(F)c(F)c(F)c(F)c(F)c(F)c(B(Cc2cccc1)c1c(Cl)c1cc(C)cc(C)c(C)cc(C)c(P(CCC(C)cc(C)c(B(c2c(Cl)c(Cl)c3Cl)c(Cl)c(Cl)c2c(F)c(F)c(F)c(F)c1F,False
Cc1ccccc(B(c2c(B(c2cccc2)OC1(C)C,False
Cc1cc(C(=CCB(c1c(Cl)c(Cl)c2)c2c(F)c(F)c2F)c2F)P(c1c(Cl)c(Cl)c(Cl)c(Cl)c3c2-c2c(F)c(F)c4F)cc(C)c([P+]2(c3c(F)c(F)c(F)c(F)c(F)c(F)c(F)c(F)c(F)c(F)c(F)c(F)c2F)c(F)c(F)c(F)c,True
Cc1cc(C)cc(C(F)(F)F)c3ccccc3c4cccccc1N(Cc3ccccc23)c(Cl)c2c(C)cc(C)cc(CB(c3c(F)c1F,False
Cc1ccc(B(c1c(C)c(Cl)c(Cl)c(Cl)c(Cl)c2c(F)c(F)c(F)c(F)c3F)c3)c3c(F)c(F)c(F)c(F)c(F)c2cccc2N3Cc2cccc2)c2c(Cl)c(Cl)c(Cl)c2c(Cl)c(Cl)c(Cl)c2C)c(N(c2c(B(C2=C3CCCC2P(c2c(F)c(F,True
CC1(C)C)n(B(c2c(C)cc(C(C)(C)c(P(C(=C(B(c2c(C)cc1C)c1cccc3)c3cccc2)P(c2c(F)c(F)c3c(Cl)c(Cl)c(Cl)c(Cl)c(C)cc2C)c2cccc2)cc1)B(c2c(Cl)c(Cl)c1Cl)c(Cl)c2c(C)cc(C)cc1)c1c(Cl)c(,True
CC1(C)CB(c2cccccc3)c3c(Cl)c(Cl)c(Cl)c(Cl)c(Cl)c(B(c3c(Cl)c(Cl)c(Cl)c(Cl)c(Cl)c2Cl)c(Cl)c1Cl,False
Clc1c(Cl)c(C)cc2C)c2c(P(CCB(c1c(F)c(F)c(F)c1F,False
Cc1cc(C)c1,False
CN1c2c(F)c(F)c(F)c2F)c2F)c(F)c2c(C)cc(C)c1,False
Cc1ccccccc4)ccccc1,False
Fc1c(C)c1,False
Fc1c(Cl)c1c(Cl)c(Cl)c(Cl)c(Cl)c(Cl)c(C)c(P(CCB(c2ccc3c2CCC1C(N1CCCC(C)(C)[P+]2(c3c(Cl)c2Cl)c2Cl)n1,False
Cc1cc(C)c(Cl)c(Cl)c2Cl)C2CCC1,False
Fc1c(Cl)c(Cl)c(Cl)c(Cl)c3Cl)c1c(Cl)c1Cl)c(Cl)c(Cl)c(Cl)c1Cl)c2Cl)c2Cl)c1c(Cl)c(Cl)c(Cl)c(Cl)c1c(F)c(F)c(F)c2ccccc4ccccc3B(c3ccccc2N(Cc1cc(C)cc(C)cc(C)cc1C,False
CC(C)(C)P(CB(c1ccccc3)c3c(F)c(F)c(F)c(F)c(F)c2cc(C)c(C)cc(C)c(P(CC(c3cccc2N3Cc2cccc4)c4c(F)c3F)c3F)c3F)c2c(Cl)c2Cl)n1,False
CC(C)(C)COCC(C)(C)C,False
CC1(C)C,False
c1ccccccc2)cc1C,False
Cc1ccccc2B(c2cccc1)C(CB(c1c(Cl)c2Cl)c1Cl)c(Cl)c(Cl)c(Cl)c2c(F)c1F)C(c3cccc2)c2c1N(C)CB(c2c(C)c1,False
Cc1cccc1,False
CC1(CC)C(B(c1c(F)c(F)c2F)c2F)C2CC(P(c4c(F)c2F)c2F)c(F)c(F)c(F)c(Cl)c2Cl)c2ccccccc2c1N(C)cc(C)c1,False
CC(C)(C)P(CB(c2cccccc2)c2c(C)cc(C)cc(C)c1cc(C)cc(C)cc2C)c(B(c2c(F)c2F)c2F)c2c(C)cc1C,False
CC(B(c2c(C)c1,False
Cc1ccccc2)c2cccc1,False
Cc1cccc23)c(Cl)c(Cl)c(Cl)c1Cl)CP(CCB(c2c(Cl)c(Cl)c(Cl)c(Cl)c1Cl)c2Cl)c3c(Cl)c(Cl)c1c(F)c(F)c(F)c(F)c(F)c(F)c(F)c2F)c2F)c(F)c(F)c(F)c(F)c2F)c(F)c(F)c(F)c(F)c(F)c(F)c(F)c3,True
c1cccccc3)c3c(Cl)c1Cl,False
c1cc(-c3cccc1B(c1c(F)c(F)c(F)c(F)c(F)c(F)c(F)c2F)c(F)c2F)c2F)n1,False
Cc1ccccccc2)c2c(C)c1c(Cl)c(Cl)c3Cl)c2Cl)c1Cl,False
CC(=C(B(c2c(Cl)c1Cl)c(Cl)c(Cl)c(Cl)c(Cl)c3Cl)c(Cl)c(Cl)c(Cl)c1Cl,False
CC1(C)c(Cl)c(Cl)c(Cl)c(Cl)c(Cl)c4Cl)c(Cl)c(Cl)c(Cl)c(Cl)c(Cl)c3Cl)c(Cl)c(Cl)c(Cl)c1cccc(P(c2cccc3)c3c(F)c1F,False
Bc1ccc(c34)P2c2c(Cl)c2c(C)cc3C)c(PC(=CC(C)COCC(C)(C)C[B-]2(c3ccccc2)c2c(C)c(B(c3c(Cl)c(Cl)c4Cl)c1ccc(P(c2c(Cl)c1cccccccccc4cccc2)c(F)c(F)c(F)c(F)c(F)c(F)c(F)c(F)c2F)c2cc,True
Fc1c(F)c(F)c(F)c(F)c(F)c(F)c2F)c(F)c(F)c(F)c(F)c(F)c(F)c(F)c(F)c2F)C2CCCC(B(c1c(F)c(F)c(F)c(F)c(F)c(F)c3ccccccc3)c3c2oc2c(Cl)c(Cl)c(Cl)c2c(Cl)c(Cl)c(Cl)c2Cl)c(Cl)c(Cl)c(,True
Cc1ccccc2)c2c(Cl)c3Cl)c(Cl)c(Cl)c(Cl)c4Cl)c2Cl)c(Cl)c(Cl)c(C)cc2C)C2C)C(C)(C)B(c1c(Cl)c(Cl)c(Cl)c3Cl)c1Cl,False
Cc1ccccccc2)c2c(F)c(F)c2F)c(F)c(F)c(F)c(F)c(F)c2F)c(F)c1c(F)c(F)c(F)c(F)c2F)c2F)c2ccccc3)c3c(F)c(F)c(B(c2ccccc2P(c2cccc3B(c3c(F)c(F)c(F)c(F)c(F)c(F)c(B(c3c(F)c(F)c(F)c(F,True
CC(C)C)C(C)(B(c2c(F)c1F)c1F)C(CB(c1cc(C)cc(C)cc(C)cc(C)cc2B(c2c(C)c1,False
Cc1cc(C)cc2C)c2Cl)N2CCCC2)c2cccccc1)P(c1c(C)c(Cl)c(C)cc(C)cc(C)c1c(F)c(F)c2F)c(F)c(F)c(F)c1ccc(c34)P2c2c(Cl)c(Cl)c3Cl)c(Cl)c(C)c1,False
CC(C)(CC)CCCC3)c(F)c(F)c(F)c(F)c1F)(c1c(C)cc1,False
Fc1c(F)c(Cl)c(Cl)c(Cl)c(Cl)c(Cl)c(Cl)c(C)c2c(Cl)c(C)cc2C)c2c(Cl)c3Cl)c(C)cc2C)c(P(CCCC(CB(c2c(F)c(F)c3F)c3F)c3ccccc1)P(c2ccccc3)C=C(B(c1c(F)c(F)c(F)c(Cl)c(Cl)c(Cl)c(Cl)c,True
CC1(C)C)C(B(c4c(F)c(F)c2F)c2F)c2F)n1,False
CC(CC)C(C)C)C(C)C)cc(C)c1,False
Cc1ccc(P(c4cccc1B(c1c(F)c(F)c(F)c1ccccc2B2Oc3cccc3c2CCCC2)cc1,False
Cc1cccc3c2-c2c-3cccc2N(Cc3cccc2N(c2c(Cl)c(Cl)c2Cl)CCP1c1cc(C)c(Cl)c(Cl)c(Cl)c(Cl)c1Cl,False
Cc1cccc3c2-c2c-3ccccc2)c2cccc1,False
CC(B(c1c(Cl)c1Cl)c(Cl)c(Cl)c2Cl)c2c(Cl)c(Cl)c(Cl)c2Cl)c2Cl)P(c2c(F)c2F)c2F)c(F)c(F)c(F)c3F)c3)c3c(F)c1F,False
c1cc(C(C)(C)N1c1ccc(C)cc3C)c3c(C(F)(F)F)cc(C)c(C)c(N(C)COCC(CC)C(C)C)B(c2ccccc1,False
CCC(C)(C)cc2C)c(-c3cccc2)c2c(C)c(Cl)c(Cl)c1Cl)c(Cl)c1Cl)c(Cl)c(Cl)c1Cl)c(Cl)c(Cl)c1Cl)c(Cl)c(Cl)c2Cl)c(Cl)c(Cl)c(C(=CCB(c2ccccc3c2-c2c-3cccc3)[P+]2(c3c(F)c(Cl)c(Cl)c(Cl),True
Cc1cc(C(=CCB(c2c(Cl)c(C)cc(C)c(Cl)c(Cl)c(Cl)c2Cl)c(Cl)c(Cl)c(Cl)c2Cl)c2c(Cl)c2Cl)c1Cl,False
Fc1c(Cl)c(Cl)c(Cl)c(Cl)c1Cl,False
Cc1ccc(B(c1c(F)c(F)c3F)C2C3CCCCC1C[B-]2(c3c(F)c(F)c(F)c(F)c(F)c(F)c2F)c2c(F)c2c(C)cc2C)c(C)c1,False
Fc1c(Cl)c(Cl)c(Cl)c2Cl)c(Cl)c(Cl)c(Cl)c(Cl)c(Cl)c(Cl)c1Cl)P(c1c(Cl)c(Cl)c(Cl)c2c1-c1c(F)c2c(B(c2c(Cl)c2c(B(CCP(CC(c3c(F)c(F)c(B(c3c(Cl)c2c(Cl)c(Cl)c2Cl)c(Cl)c(Cl)c(Cl)c(,True
c1cccc2B(c2cccc2)c2c(F)c(F)c1F,False
CC1(CC)(C)c1,False
Cc1cc(C)cc(C)c1,False
Cc1cccc2)c2c(F)c(F)c1cc(C)cc2C)C2C3CCCCC2(C)C=C(B(c3c(C)cc(C(F)(F)F)cc(C)c3c(Cl)c2c(B(c1c(Cl)c(C(F)(F)F)ccccc2-3)c2ccccccc(OB(c2cccc1B(c1ccc(B(c1c(Cl)c(Cl)c(Cl)C(CB(c1cc,True
Cc1cc(CB(c1c(Cl)c2c(C)cc1C,False
Cc1cc(C)c(Cl)c3Cl)c2cccc(-c3c(C)c(B(c2c(C)cc(C)cc2C(C)P(B(c2c(Cl)c1Cl)c(Cl)c2Cl)c3cccc3C)c(N(c2c(Cl)c2Cl)c2Cl)N2CCCCCC(B(c2c(F)c(F)c1P(c1cc(C)cc2C)c2c(F)c1F)c1F)c1F)CP(c,True
Cc1ccc(C)c1,False
Cc1ccc(P(CCB(c1cc(C(=CC(c3cccc3cccc2P(c2c(Cl)c2C)c(C)c(Cl)c(Cl)c(Cl)c2c(Cl)c(Cl)c(Cl)c(Cl)c(Cl)c1c(F)c1F,False
Clc1c(Cl)c1Cl,False
CC1C(c1c(F)c(F)c(F)c(F)c(F)c(F)c(F)c(F)c(F)c(F)c(F)c(F)c(F)c(F)c3F)c3c(F)c(F)c(F)c2F)c2F)c2c(P(c2c(Cl)c(C2CCC1,False
Cc1ccccc4)c4c(ccc(P(c2c(Cl)c1Cl)c1Cl)c(Cl)c(C)c(B(c2ccc(B(c2c(F)c1c(Cl)c(Cl)c3Cl)c(Cl)c2Cl)C2)c(Cl)c2Cl)c1Cl)c2c(F)c(F)c(F)c1c(C)cc(C)c(Cl)c1c(F)c(F)c(F)c(F)c(F)c(F)c(F),True
Cc1ccc(C)cc(C)c(Cl)c(Cl)c(Cl)c(Cl)c(Cl)c(Cl)c(Cl)c(Cl)c2c(Cl)c(Cl)c1cccc2)N2CCCC2(C)C)C(c3c(F)c(F)c(F)c1F,False
CC(C)C1CCCC(=C(B(c2c(C)cc2C)c2c(F)c(F)c(F)c4F)c4F)cccc2)c(C)cc4C)c2c(Cl)c(Cl)c(Cl)c(Cl)c(Cl)c2c(F)c2F)c(F)c(F)c(F)c4F)cc(C)c(Cl)c(Cl)c(Cl)c(Cl)c1Cl)C2(c2cccc(P(c2cccc(C),True
Cc1ccc(B(c2cccc2)c2c(F)c2F)P(c1c(F)c2F)c2cccc2)c(F)c(F)c(F)c(B(c2c(F)c(F)c(F)c(F)c(F)c(F)c(F)c(F)c(F)c(F)c([B-](c2cccc5)c24)CC3)c2ccccccc1)c1c(F)c(F)c(F)c(F)c(F)c(F)c(F),True
CC1(C)C)cc3C2(C)C)c(Cl)c(Cl)c3Cl)(c3c(F)c(F)c1ccccccc2c1N(Cc3ccccc3c4ccccccc3)c3c(F)c(F)c4F)c4c(C)c1cccc2)cc1C,False
Cc1cc(CB(c1cc(C)cc(C)cc1C,False
Cc1ccccc2N(c2c(C)c(P(c2c(Cl)c3Cl)C2CCCC2)cc1,False
Cc1cc(C)cc(C)cc2C(C)(C)P(c2cccc2)c2c(Cl)c(Cl)c(Cl)c(Cl)c(C)cc(-c3cccccccc2cccccc3)C=C2B(c2cccc2)c2c(C)cc2C)c2c(Cl)c4Cl)c(Cl)c(Cl)c1cccc1B(c1c(Cl)c(Cl)c(Cl)c2cccc1B(Cl)c2,True
Fc1c(Cl)c3c(C)cc1,False
Fc1c(F)c2F)c(F)c(F)c1F,False
CN1c2c(Cl)c(Cl)c(Cl)c(Cl)c1Cl,False
Cc1cccccc1)P(c1c(Cl)c(Cl)c2Cl)c(Cl)c(Cl)c(Cl)c(C2N(Cc3cccc23)c(F)c3cccccc2C)c2P2CCB(c2c(Cl)c(Cl)c1Cl,False
Bc1cc(C)cc2C(C)(C)C1CCCC1)C1CCCCC3)c12)C(C)(C)c(P(c2cccc2)c2c(F)c1F)c1F)c1F,False
CC1(C)C)C(C)(C)cc2C(C)C)cc(C)c1,False
Cc1cccc(C)c2ccccccccc3B(c3c(F)c(F)c(F)c2F)c2c(Cl)c(C2N(Cc3cc(C)c1c(C)c(P(c2c(C)c(Cl)c21,False
c1cc(C)cc2C)c2c(B(c2c(F)c(F)c4F)c4F)cccccc1BCl,False
Cc1cc1c(C)cc(C)cccc2)c2c(F)c1F,False
Cc1ccc(C)c(Cl)c3Cl)c(C)c(Cl)c(C)c(P(c3c(Cl)c1Cl)c(Cl)c(Cl)c(C(N2CCCCC3)c(Cl)c(Cl)c3c(F)c2F)C2(c2c(Cl)c(B(C2=C3CCCC3)c(Cl)c(Cl)c(Cl)c1Cl,False
Fc1c(Cl)c2cccc1,False
Cc1cc(C)c(B(c2c(F)c2cccccccc1,False
CC1(C)CO2)c2cccc2-3)c21,False
CC1(C)C,False
CC(C)(C)P(CB(c2c(C)cc2C)c(Cl)C2CCCCC1C[B-](c3ccccc1B(Cl)c(Cl)c(Cl)c1Cl,False
Fc1c(C)c(Cl)c(Cl)c(Cl)c3cccccc1)c1c(Cl)c2c(Cl)c2Cl)c(Cl)c(Cl)c(Cl)C2CCCCCCC3C(c3cccc1B(Cl)c1Cl)c3Cl)[P+]2(c3c(Cl)c(Cl)c2ccccc2)c2c(F)c2F)c1F,False
CC1(C)C)C(C)CCCC2)c(Cl)c(Cl)c(Cl)c(Cl)c(Cl)c(Cl)c(Cl)c(Cl)c1c(Cl)c(Cl)c(Cl)c(Cl)c1cc(C)cc(C(=C(B(c2cccc(C)c(Cl)c(Cl)c2Cl)n1,False
Fc1c(Cl)c2c(Cl)c1c(C)c1,False
CC(C)(C)c1c(F)c1c(F)c1F)=C(c1c(F)c(F)c(F)c(F)c1F,False
Cc1cccccc2)c2cccc(P(c5cccccc2B2OCC(C)(C)C)N1c1cc(C)cc1C,False
Cc1cc(CCCC2)c(Cl)c2Cl)c(Cl)c2Cl)CP(CC(c3c(F)c(F)c2F)c(F)c2F)c2F)c(F)c(F)c(F)c1F,False
Fc1c(F)c(F)c1F,False
CC1(C)C)C(B(c2c(F)c(F)c(F)c(F)c(F)c(F)c(F)c(F)c1F,False
CC(C)P(B(c4cccc3)C=C2B(c2cccc2N(c2cccc1,False
Cc1cccc2P(c2ccccc(P(c4c(F)c(F)c(F)c(F)c(F)c(F)c(F)c(F)c1F)c1F)c1F,False
Cc1cccc5)c24)CC3)c(Cl)c(Cl)c(Cl)c(Cl)cccc2)c2ccccc2N(Cc2ccccccc1B(c1c(F)c2F)c2F)c2F)c(F)c(F)c(F)c(F)c(F)c(F)c(F)c(F)c(F)c(F)c(Cl)c(C(F)(F)F)cc(C)c(P(C(C)(C)B(c2cccccc2-3,True
c1cc(C)cc2B(c2c(F)c2F)c(F)c1F,False
Cc1ccc(B(c3c(Cl)c(C23CC(C)c(P(c2c(B(C2=CC(C)CCC[P+]2(c3c(F)c(F)c(F)c2c(F)c2F)c2F)c2c(Cl)c3Cl)c2c(F)c2F)c2F)(c2c(Cl)c(Cl)c2Cl)C2CCCC2N2CCC1(CC)(C)C,False
CC(C)C)cc(C(N2CCCC3)c2c(Cl)c(Cl)c2Cl)n1,False
Cc1cc(C)cc(C)cc(C(N2CCCC3C(c3c(Cl)c(Cl)c2Cl)c(Cl)c(Cl)c(Cl)c1c(Cl)c(C23CC(C)(C)P(CB(c2c(C)cc2C(C)(C)P(c2c(C)c(P(c4c(F)c(F)c(B(C(=C(B(c3c(Cl)c(C)c(P(c2c(C)cc2C)c(Cl)c1Cl),True
CC(C)C)cc(C)c(N(c2cccc1B(Cl)c(C)c(Cl)c(Cl)c2c(Cl)c(Cl)c2Cl)c(Cl)c(C=C(Pc1cc(CCC(C)(B(c3c(Cl)c2c(C)cc(C)c1,False
Cc1ccc(B(c2cccc3c2-c2c(Cl)c(Cl)c(Cl)c(Cl)c(Cl)c2Cl)P(c2c(Cl)c(Cl)c2Cl)c1c(C)cc1C)c1,False
Fc1c(Cl)c2Cl)c(Cl)c3Cl)(c3cccc3)C3CCCC3)c2c(C)c(P(c3cccc3)c3c(C)c(Cl)c(C)c(Cl)c3c(Cl)c3Cl)c1Cl,False
Cc1cc(C)cc2C)c(P(c3c(F)c(F)c(F)c4F)ccccc3N(Cc2ccc3c2-c2c-3cccc(c34)P2c2cc(C)c1,False
CCN(CC)CC(c3cccc1)c1ccccc1B(c1c(Cl)ccccc3c2oc2c(F)c(F)c2F)n1,False
Fc1c(F)c(F)c(F)c(F)c(Cl)c2cccc(-c3cccccc2)cc1C,False
Fc1c(F)c2F)c(F)c(F)c(F)c(F)c(F)c(F)c(F)c(F)c(F)c(B(c2ccccc3c2-c2c-3ccccc3ccccc2)c2c(C)c1,False
CC=C(Pc1cc(C(=C(B(c1ccc(c34)P2c2ccccc3c2oc2c(Cl)c2Cl)c3Cl)c2C)c2P2CCB(c1ccccccccccc1)B(c1c(Cl)c(Cl)c(Cl)c(Cl)c3Cl)CP(c1c(C)cc(C)cc2C)c(C(CB(c1cc(C)c1,False
CC1(C)C2CC(P(c2c(C)c(Cl)c(C)c(C)c(P(C2=CC(c3c(Cl)c(C)c(BP(c2c(B(c2ccccc2)c2ccccc2)c(Cl)c2c(Cl)c(Cl)c(Cl)c(Cl)c(Cl)c2Cl)c(Cl)c1Cl)c1ccccccc(B(c3c(F)c(F)c(F)c(F)c2F)c2F)c2,True
Cc1ccccccc32)c(F)c(F)c(F)c(F)c(F)c(F)c(F)c(F)c(F)c(F)c(F)c2F)c2cccc1)c1cc(N(c2c(F)c(F)c(F)c(F)c2cccc3)c3c(Cl)c(Cl)c2Cl)c(Cl)c(Cl)c(Cl)c3c2-c2c-3cccc2B(c2c(C)c(Cl)c(Cl)c(,True
Cc1cc(C)cc(C)cc2C)c(Cl)c(Cl)c(Cl)c1Cl,False
Cc1cccc2)c2c(F)c(F)c(F)c(F)c(Cl)c(C)cc2C)c(P(c4c(Cl)c(Cl)c(Cl)c(Cl)c(Cl)cc(C)cc(C)c(Cl)c(Cl)c(Cl)c(C)c([P+]2(c2c(F)c1F,False
Cc1cccc1)c1cc(-c3cccc4)c4c(Cl)c(Cl)c(Cl)c(C)c(Cl)c(Cl)c2c(C)c([P+]1(c1c(Cl)c(Cl)c(Cl)c(Cl)c(C)c1cc(C)cc3C2(C)cc2C(C)(C)C,False
CC1(C)COCC(C)CB(c2c(F)c(F)c(F)c1F,False
Cc1cc(C)cc(C)c(P(c2c(F)c(F)c(F)c2ccccc2)c2c(C)cc2C)c2c(F)c2F)c2c(F)c(F)c(F)c(F)c1c(F)c(F)c(F)c(Cl)c(Cl)c2Cl)c(Cl)c(Cl)c1c(Cl)cc(C)c1c(Cl)c(Cl)c(B(c2c(Cl)c1ccccc2)c2cccc1,True
Cc1cc(C(=CC(C)(C)CCCCCB(c1c(Cl)c(Cl)c(Cl)c2Cl)c(C)cc(C)c1,False
FC(F)(F)F)c(F)c(F)c1ccc(B(c4c(Cl)c1Cl)c1Cl)c(C)c1c(F)c(B(c2c(C)cc2C)c2Cl)C(C)(C)C,False
Cc1cc(C(=C(c1cc(C)c1cccc(C)cc2B(c2cccc1P(c1c(F)c3F)C(C)C,False
Cc1cc(C)cc(C)cc(C)c(P(c2c(Cl)c1Cl)c(Cl)c(Cl)c(Cl)c(Cl)c(Cl)c(C)cc2C)c2c(Cl)c(Cl)c(Cl)c(Cl)c(Cl)c(Cl)c(Cl)c(Cl)c(Cl)c(Cl)c(Cl)c3c(Cl)c2c(Cl)c1Cl)C2CCCC2)C2CCCC2)c(Cl)c2Cl,True
CC1(C)COCC(C)CB(c1c(F)c(F)c(F)c2c(F)c(F)c(F)c(F)c(B(CCC(C)(C)P(c1c(Cl)c(Cl)c(Cl)c(C)cc(C)c1,False
CC(C)C,False
CC(C)(C)N1CCCC(C)P(c2c(F)c(F)c(F)c(F)c1F,False
Bc1cccccc3B(c3c(F)c(F)c2F)c(F)c3c2-c2c-3cccc1,False
CC(C)(B(c1cccccc3)c3cccc3c2oc2c(C)cc2C)c(N(C)cc2C)c([P+]2(c3c(Cl)c1Cl)P(c2ccccc3c2-c2ccccc1B(c1cccc2)cc1,False
CCN(CC)C(c3cccc(C)c(P(c3c(F)c(F)c(F)c(F)c(F)c(F)c(F)c(F)c(F)c(F)c(F)c(F)c(F)c(F)c(F)c1F)c1cc(C(=CC(c3c(Cl)c(Cl)c(Cl)c(Cl)c(Cl)c2c(C)cc2C)c(Cl)c(Cl)c(C)c1,False
Clc1c(Cl)c(Cl)c3c(C)cc3C)C(B(c2c(Cl)c2Cl)c(Cl)c(C2N(Cc3ccccc3N(Cc3ccccc(P(CCC(C)(C)c1,False
CC(C)CB(c2c(Cl)c1Cl)c(Cl)c(Cl)c2c(F)c1F)C(C)(C)C)C(C)P(CB(c2c(C)c(Cl)c(Cl)c(Cl)c(Cl)c(Cl)c1P(c1c(Cl)c(Cl)c2Cl)c(Cl)c(Cl)c(Cl)c2c(F)c(F)c(F)c(F)c(F)c1F,False
Fc1c(F)c1c(Cl)c(Cl)c(Cl)c(C)c1,False
CC(C(C)cc(C)c(Cl)c(Cl)c(Cl)c(Cl)c(Cl)c(Cl)c(Cl)c(Cl)c2cccc32)c(F)c(F)c(F)c([P+]2(c2c(C)cc(C)cc1,False
CC(C)P(c1cc(C)cc2C)c(B(c2c(Cl)c3c(F)c(F)c(F)c(F)c(Cl)c(Cl)c(Cl)c(C2CCCCC2)c(F)c(F)c(F)c(F)c1F,False
CC(C)COCC(CCP(c1cc(C)cc2C)c(P(c2ccccc3B(c3c(F)c4F)cc(C(F)(F)F)c1F,False
CCN(CC)CCCC3C(c3c(Cl)c2c(Cl)c1Cl)c(Cl)c(Cl)c(Cl)c2c(C)cc2C)c2c(F)c(F)c2F)P(c1c(B(c2c(Cl)c(Cl)c1Cl,False
Fc1c(Cl)c2Cl)c(Cl)c(Cl)c2Cl)c1Cl)c2Cl)c(C)cc2C(C)(C)N1c1cc(C)cc(C(F)(F)F)cc(C)c1,False
Cc1cccc2O1)C(C)C[B-](c3cccc1)c1ccc(OB(c2c(C)cc(C)c1,False
Cc1cccc3)c21,False
Cc1cccc3cccc1P(c1cccc4cccc2)c2cccc2N3Cc2ccccc1P(c1c(C)cccc3c2Oc2c(C)c(Cl)c2Cl)c(B(c3c(F)c(F)c(F)c(F)c2c(Cl)c(Cl)c(Cl)c(Cl)c(Cl)c(Cl)c(C)cc2C)c(Cl)c2Cl)N2CCCC(C)(C)B(c1c(,True
Clc1c(C)cc(-c3cccc2N(Cc2cccc2ccccc3c2-c2ccccc(C)cc2C)c2c(Cl)c2Cl)c2cccc2)c2cccc2)c2c(Cl)c(C)c1,False
